bad_A,bad_B,fI,fO_A,fO_B,fP_A,fp_B,fRi,fRo,fS,good_A,good_B,redo_A,redo_B,sI,sO_A,sO_B,sP_A,sP_B,sQ_A,sQ_Ar,sQ_B,sQ_Br,sRi,sRo,sS
-33473,-23610,-725,-664,-247,-142,-325,-523,-385,-187,24654,32058,-6180,-6206,-541,-696,-296,-377,-491,-20,-721,-357,-374,-659,-88,-310
0.3890346079731529,0.7349290632060849,-1.0,-1.0,-1.0,-1.0,-1.0,-1.0,-1.0,-1.0,0.13380081557194723,0.3743534523989125,0.7784866736812311,0.8651768337749676,-1.0,-1.0,-1.0,-1.0,-1.0,-1.0,-1.0,-1.0,-1.0,-1.0,-1.0,-1.0
