bad_A,bad_B,fI,fO_A,fO_B,fP_A,fp_B,fRi,fRo,fS,good_A,good_B,redo_A,redo_B,sI,sO_A,sO_B,sP_A,sP_B,sQ_A,sQ_Ar,sQ_B,sQ_Br,sRi,sRo,sS
-39231,-34613,-286,-720,-155,-421,-336,-426,-486,-453,27477,23605,-8547,-6202,-573,-111,-373,-714,-443,-634,-468,-435,-582,-685,-658,-142
0.5431093413054972,0.7524724471872788,-1.0,-1.0,-1.0,-1.0,-1.0,-1.0,-1.0,-1.0,0.4712257276480073,0.2788060384585025,0.38549777035954946,0.19222879600367637,-1.0,-1.0,-1.0,-1.0,-1.0,-1.0,-1.0,-1.0,-1.0,-1.0,-1.0,-1.0
