bad_A,bad_B,fI,fO_A,fO_B,fP_A,fp_B,fRi,fRo,fS,good_A,good_B,redo_A,redo_B,sI,sO_A,sO_B,sP_A,sP_B,sQ_A,sQ_Ar,sQ_B,sQ_Br,sRi,sRo,sS
-35702,-29472,-130,-669,-280,-513,-647,-107,-732,-100,27039,34420,-3274,-7567,-96,-170,-111,-302,-90,-681,-179,-718,-457,-678,-748,-103
0.8420301996872528,0.5028979591644038,-1.0,-1.0,-1.0,-1.0,-1.0,-1.0,-1.0,-1.0,0.7122055473610454,0.7052874041295171,0.8831482852650877,0.2819961167113283,-1.0,-1.0,-1.0,-1.0,-1.0,-1.0,-1.0,-1.0,-1.0,-1.0,-1.0,-1.0
