bad_A,bad_B,fI,fO_A,fO_B,fP_A,fp_B,fRi,fRo,fS,good_A,good_B,redo_A,redo_B,sI,sO_A,sO_B,sP_A,sP_B,sQ_A,sQ_Ar,sQ_B,sQ_Br,sRi,sRo,sS
-38409,-24206,-717,-428,-219,-772,-752,-177,-747,-230,38687,29142,-1974,-7789,-20,-223,-78,-198,-67,-303,-110,-648,-701,-58,-528,-151
0.26092116609353405,0.6923880149993653,-1.0,-1.0,-1.0,-1.0,-1.0,-1.0,-1.0,-1.0,0.12433639097054511,0.5356636323199799,0.5083772977041082,0.8539039926618173,-1.0,-1.0,-1.0,-1.0,-1.0,-1.0,-1.0,-1.0,-1.0,-1.0,-1.0,-1.0
