bad_A,bad_B,disc1,disc2,fI,fO_A,fO_B,fP_A,fP_B,fRi,fRo,fS,good_A,good_B,no_disc,pick,put,redo_A,redo_B,sI,sO_A,sO_B,sP_A,sP_B,sQ_A,sQ_Ar,sQ_B,sQ_Br,sRi,sRo,sS,test1,test2,turn1,turn2
-36499,-23849,-367,-583,-668,-217,-59,-732,-302,-351,-431,-196,30875,31758,-561,-394,-202,-1943,-4353,-586,-537,-381,-540,-403,-381,-297,-457,-710,-240,-152,-401,-279,-181,-452,-31
0.21385193309155348,0.3938022323677569,-1.0,-1.0,-1.0,-1.0,-1.0,-1.0,-1.0,-1.0,-1.0,-1.0,0.8422546036044886,0.19676370730932977,-1.0,-1.0,-1.0,0.715179397120048,0.6669739130709257,-1.0,-1.0,-1.0,-1.0,-1.0,-1.0,-1.0,-1.0,-1.0,-1.0,-1.0,-1.0,-1.0,-1.0,-1.0,-1.0
