bad_A,bad_B,disc1,disc2,fI,fO_A,fO_B,fP_A,fP_B,fRi,fRo,fS,good_A,good_B,no_disc,pick,put,redo_A,redo_B,sI,sO_A,sO_B,sP_A,sP_B,sQ_A,sQ_Ar,sQ_B,sQ_Br,sRi,sRo,sS,test1,test2,turn1,turn2
-23190,-22337,-314,-782,-203,-509,-798,-799,-134,-23,-344,-633,26661,32872,-370,-441,-162,-3517,-7946,-53,-342,-332,-243,-610,-84,-86,-71,-409,-385,-586,-752,-115,-733,-586,-456
0.8244364638812148,0.2591714989276215,-1.0,-1.0,-1.0,-1.0,-1.0,-1.0,-1.0,-1.0,-1.0,-1.0,0.4072592093864875,0.4031351807164886,-1.0,-1.0,-1.0,0.6191205274962546,0.8893061165502587,-1.0,-1.0,-1.0,-1.0,-1.0,-1.0,-1.0,-1.0,-1.0,-1.0,-1.0,-1.0,-1.0,-1.0,-1.0,-1.0
