bad_A,bad_B,disc1,disc2,fI,fO_A,fO_B,fP_A,fP_B,fRi,fRo,fS,good_A,good_B,no_disc,pick,put,redo_A,redo_B,sI,sO_A,sO_B,sP_A,sP_B,sQ_A,sQ_Ar,sQ_B,sQ_Br,sRi,sRo,sS,test1,test2,turn1,turn2
-33806,-39459,-439,-345,-671,-383,-149,-68,-408,-626,-510,-734,35673,20827,-743,-620,-221,-4901,-3635,-169,-48,-55,-536,-486,-606,-194,-698,-643,-439,-649,-58,-603,-636,-86,-622
0.3473615703265378,0.6582747672916104,-1.0,-1.0,-1.0,-1.0,-1.0,-1.0,-1.0,-1.0,-1.0,-1.0,0.7596934581389183,0.2543792436894552,-1.0,-1.0,-1.0,0.3123534839066447,0.5472900344350163,-1.0,-1.0,-1.0,-1.0,-1.0,-1.0,-1.0,-1.0,-1.0,-1.0,-1.0,-1.0,-1.0,-1.0,-1.0,-1.0
