bad_A,bad_B,disc1,disc2,fI,fO_A,fO_B,fP_A,fP_B,fRi,fRo,fS,good_A,good_B,no_disc,pick,put,redo_A,redo_B,sI,sO_A,sO_B,sP_A,sP_B,sQ_A,sQ_Ar,sQ_B,sQ_Br,sRi,sRo,sS,test1,test2,turn1,turn2
-32034,-31439,-417,-448,-618,-32,-631,-643,-693,-166,-634,-762,28652,23563,-524,-439,-399,-1108,-3912,-111,-413,-298,-105,-696,-145,-219,-141,-582,-593,-491,-295,-418,-310,-732,-557
0.44405996360436617,0.6325916372146606,-1.0,-1.0,-1.0,-1.0,-1.0,-1.0,-1.0,-1.0,-1.0,-1.0,0.13502505408973242,0.8229317566667432,-1.0,-1.0,-1.0,0.6708338723149866,0.6965429381078948,-1.0,-1.0,-1.0,-1.0,-1.0,-1.0,-1.0,-1.0,-1.0,-1.0,-1.0,-1.0,-1.0,-1.0,-1.0,-1.0
