bad_A,bad_B,disc1,disc2,fI,fO_A,fO_B,fP_A,fP_B,fRi,fRo,fS,good_A,good_B,no_disc,pick,put,redo_A,redo_B,sI,sO_A,sO_B,sP_A,sP_B,sQ_A,sQ_Ar,sQ_B,sQ_Br,sRi,sRo,sS,test1,test2,turn1,turn2
-22003,-32610,-118,-65,-230,-212,-559,-756,-337,-339,-409,-328,25741,32003,-36,-583,-421,-4765,-5101,-299,-360,-186,-288,-442,-511,-727,-113,-401,-602,-42,-693,-695,-354,-407,-601
0.3551923535624385,0.11497765808241055,-1.0,-1.0,-1.0,-1.0,-1.0,-1.0,-1.0,-1.0,-1.0,-1.0,0.3085450750584273,0.6794942972731106,-1.0,-1.0,-1.0,0.27059797284955633,0.607745457303664,-1.0,-1.0,-1.0,-1.0,-1.0,-1.0,-1.0,-1.0,-1.0,-1.0,-1.0,-1.0,-1.0,-1.0,-1.0,-1.0
