bad_A,bad_B,disc1,disc2,fI,fO_A,fO_B,fP_A,fP_B,fRi,fRo,fS,good_A,good_B,no_disc,pick,put,redo_A,redo_B,sI,sO_A,sO_B,sP_A,sP_B,sQ_A,sQ_Ar,sQ_B,sQ_Br,sRi,sRo,sS,test1,test2,turn1,turn2
-22358,-23962,-317,-85,-396,-462,-47,-290,-51,-428,-550,-41,29457,33744,-83,-270,-357,-1104,-3227,-107,-652,-476,-536,-243,-552,-703,-356,-777,-419,-780,-712,-153,-224,-94,-719
0.2696183586701315,0.3326079609510366,-1.0,-1.0,-1.0,-1.0,-1.0,-1.0,-1.0,-1.0,-1.0,-1.0,0.4426801932533728,0.74627891100484,-1.0,-1.0,-1.0,0.3141291885263694,0.21517218999292143,-1.0,-1.0,-1.0,-1.0,-1.0,-1.0,-1.0,-1.0,-1.0,-1.0,-1.0,-1.0,-1.0,-1.0,-1.0,-1.0
