bad_A,bad_B,disc1,disc2,fI,fO_A,fO_B,fP_A,fP_B,fRi,fRo,fS,good_A,good_B,no_disc,pick,put,redo_A,redo_B,sI,sO_A,sO_B,sP_A,sP_B,sQ_A,sQ_Ar,sQ_B,sQ_Br,sRi,sRo,sS,test1,test2,turn1,turn2
-23934,-33247,-175,-44,-680,-609,-617,-256,-498,-210,-712,-754,26741,20258,-220,-90,-642,-1713,-7981,-68,-349,-509,-572,-313,-73,-793,-131,-48,-653,-254,-676,-510,-673,-272,-724
0.31652066776879667,0.47089941270175795,-1.0,-1.0,-1.0,-1.0,-1.0,-1.0,-1.0,-1.0,-1.0,-1.0,0.10157855278121071,0.36131910823091384,-1.0,-1.0,-1.0,0.7853617769890603,0.41746135687299,-1.0,-1.0,-1.0,-1.0,-1.0,-1.0,-1.0,-1.0,-1.0,-1.0,-1.0,-1.0,-1.0,-1.0,-1.0,-1.0
