bad_A,bad_B,disc1,disc2,fI,fO_A,fO_B,fP_A,fP_B,fRi,fRo,fS,good_A,good_B,no_disc,pick,put,redo_A,redo_B,sI,sO_A,sO_B,sP_A,sP_B,sQ_A,sQ_Ar,sQ_B,sQ_Br,sRi,sRo,sS,test1,test2,turn1,turn2
-23701,-31034,-454,-506,-648,-112,-414,-650,-500,-798,-303,-783,29676,32033,-587,-73,-570,-7144,-7083,-585,-236,-535,-759,-94,-444,-677,-275,-43,-353,-433,-328,-20,-223,-765,-411
0.402625095486304,0.11581061369917967,-1.0,-1.0,-1.0,-1.0,-1.0,-1.0,-1.0,-1.0,-1.0,-1.0,0.7618318724318536,0.5605824329111733,-1.0,-1.0,-1.0,0.5360921949802239,0.3188359083052805,-1.0,-1.0,-1.0,-1.0,-1.0,-1.0,-1.0,-1.0,-1.0,-1.0,-1.0,-1.0,-1.0,-1.0,-1.0,-1.0
