bad_A,bad_B,disc1,disc2,fI,fO_A,fO_B,fP_A,fP_B,fRi,fRo,fS,good_A,good_B,no_disc,pick,put,redo_A,redo_B,sI,sO_A,sO_B,sP_A,sP_B,sQ_A,sQ_Ar,sQ_B,sQ_Br,sRi,sRo,sS,test1,test2,turn1,turn2
-21313,-28185,-741,-502,-14,-695,-773,-239,-133,-477,-124,-437,31419,32225,-105,-120,-720,-7875,-2852,-607,-726,-632,-119,-46,-404,-538,-349,-518,-118,-664,-15,-295,-601,-657,-405
0.5985768640153618,0.6388123709202735,-1.0,-1.0,-1.0,-1.0,-1.0,-1.0,-1.0,-1.0,-1.0,-1.0,0.4731632423218629,0.746942500626614,-1.0,-1.0,-1.0,0.2691482909376995,0.5918726464900533,-1.0,-1.0,-1.0,-1.0,-1.0,-1.0,-1.0,-1.0,-1.0,-1.0,-1.0,-1.0,-1.0,-1.0,-1.0,-1.0
