bad_A,bad_B,disc1,disc2,fI,fO_A,fO_B,fP_A,fP_B,fRi,fRo,fS,good_A,good_B,no_disc,pick,put,redo_A,redo_B,sI,sO_A,sO_B,sP_A,sP_B,sQ_A,sQ_Ar,sQ_B,sQ_Br,sRi,sRo,sS,test1,test2,turn1,turn2
-39816,-31516,-652,-16,-272,-625,-28,-603,-566,-788,-451,-377,33455,25070,-310,-339,-36,-2114,-3579,-189,-133,-276,-786,-631,-440,-700,-262,-260,-629,-772,-235,-20,-94,-766,-343
0.47403979365512594,0.8112619094612761,-1.0,-1.0,-1.0,-1.0,-1.0,-1.0,-1.0,-1.0,-1.0,-1.0,0.6270830122007566,0.4115456331126316,-1.0,-1.0,-1.0,0.12158873629780108,0.17698972782366856,-1.0,-1.0,-1.0,-1.0,-1.0,-1.0,-1.0,-1.0,-1.0,-1.0,-1.0,-1.0,-1.0,-1.0,-1.0,-1.0
