bad_A,bad_B,fI,fO_A,fO_B,fP_A,fp_B,fRi,fRo,fS,good_A,good_B,redo_A,redo_B,sI,sO_A,sO_B,sP_A,sP_B,sQ_A,sQ_Ar,sQ_B,sQ_Br,sRi,sRo,sS
-27024,-23550,-779,-741,-261,-458,-343,-663,-354,-130,22173,28802,-4993,-3538,-248,-75,-546,-70,-143,-116,-497,-774,-434,-416,-694,-246
0.6334226775736969,0.7742908920883269,-1.0,-1.0,-1.0,-1.0,-1.0,-1.0,-1.0,-1.0,0.14806450004795188,0.6124508180212371,0.5310568760310558,0.6807676662251547,-1.0,-1.0,-1.0,-1.0,-1.0,-1.0,-1.0,-1.0,-1.0,-1.0,-1.0,-1.0
