bad_A,bad_B,fI,fO_A,fO_B,fP_A,fp_B,fRi,fRo,fS,good_A,good_B,redo_A,redo_B,sI,sO_A,sO_B,sP_A,sP_B,sQ_A,sQ_Ar,sQ_B,sQ_Br,sRi,sRo,sS
-39421,-20632,-359,-274,-294,-416,-398,-511,-368,-34,39223,38524,-6689,-3636,-502,-446,-179,-646,-71,-450,-528,-518,-605,-170,-349,-281
0.1350407409955178,0.13882820009643676,-1.0,-1.0,-1.0,-1.0,-1.0,-1.0,-1.0,-1.0,0.12049148392732843,0.5030422778873268,0.26959691983211376,0.429595242057046,-1.0,-1.0,-1.0,-1.0,-1.0,-1.0,-1.0,-1.0,-1.0,-1.0,-1.0,-1.0
