bad_A,bad_B,fI,fO_A,fO_B,fP_A,fp_B,fRi,fRo,fS,good_A,good_B,redo_A,redo_B,sI,sO_A,sO_B,sP_A,sP_B,sQ_A,sQ_Ar,sQ_B,sQ_Br,sRi,sRo,sS
-30543,-34043,-698,-778,-312,-249,-773,-330,-18,-26,22712,30674,-5599,-4757,-79,-199,-13,-777,-602,-763,-705,-199,-233,-218,-14,-361
0.49436599521902413,0.40685926972739783,-1.0,-1.0,-1.0,-1.0,-1.0,-1.0,-1.0,-1.0,0.7337747332105317,0.7828122277366483,0.7951821834985277,0.7871153673725088,-1.0,-1.0,-1.0,-1.0,-1.0,-1.0,-1.0,-1.0,-1.0,-1.0,-1.0,-1.0
