bad_A,bad_B,fI,fO_A,fO_B,fP_A,fp_B,fRi,fRo,fS,good_A,good_B,redo_A,redo_B,sI,sO_A,sO_B,sP_A,sP_B,sQ_A,sQ_Ar,sQ_B,sQ_Br,sRi,sRo,sS
-27610,-26357,-278,-363,-272,-572,-579,-449,-185,-560,26128,32141,-7970,-8259,-433,-391,-541,-116,-191,-177,-372,-44,-600,-535,-265,-472
0.8539184142759103,0.45917962561387327,-1.0,-1.0,-1.0,-1.0,-1.0,-1.0,-1.0,-1.0,0.8729656517778792,0.6821739189684445,0.5217762271314221,0.3023102796373779,-1.0,-1.0,-1.0,-1.0,-1.0,-1.0,-1.0,-1.0,-1.0,-1.0,-1.0,-1.0
