bad_A,bad_B,disc1,disc2,fI,fO_A,fO_B,fP_A,fP_B,fRi,fRo,fS,good_A,good_B,no_disc,pick,put,redo_A,redo_B,sI,sO_A,sO_B,sP_A,sP_B,sQ_A,sQ_Ar,sQ_B,sQ_Br,sRi,sRo,sS,test1,test2,turn1,turn2
-29226,-29297,-525,-459,-250,-169,-583,-436,-329,-395,-208,-686,25232,20242,-384,-675,-546,-1357,-4436,-717,-555,-159,-723,-304,-210,-406,-773,-66,-537,-430,-516,-551,-136,-617,-190
0.32034835655920857,0.1174341472398913,-1.0,-1.0,-1.0,-1.0,-1.0,-1.0,-1.0,-1.0,-1.0,-1.0,0.8672233425283485,0.3516912244128835,-1.0,-1.0,-1.0,0.7209275177482923,0.832451566402393,-1.0,-1.0,-1.0,-1.0,-1.0,-1.0,-1.0,-1.0,-1.0,-1.0,-1.0,-1.0,-1.0,-1.0,-1.0,-1.0
