bad_A,bad_B,disc1,disc2,fI,fO_A,fO_B,fP_A,fP_B,fRi,fRo,fS,good_A,good_B,no_disc,pick,put,redo_A,redo_B,sI,sO_A,sO_B,sP_A,sP_B,sQ_A,sQ_Ar,sQ_B,sQ_Br,sRi,sRo,sS,test1,test2,turn1,turn2
-20112,-30572,-667,-639,-317,-283,-104,-592,-800,-206,-20,-256,37557,20889,-89,-91,-519,-7863,-2057,-765,-527,-150,-169,-786,-775,-313,-375,-90,-157,-357,-62,-551,-123,-63,-727
0.825185693160009,0.5315502043940413,-1.0,-1.0,-1.0,-1.0,-1.0,-1.0,-1.0,-1.0,-1.0,-1.0,0.7949439757386895,0.268907553912872,-1.0,-1.0,-1.0,0.7933396808028165,0.49599358491424694,-1.0,-1.0,-1.0,-1.0,-1.0,-1.0,-1.0,-1.0,-1.0,-1.0,-1.0,-1.0,-1.0,-1.0,-1.0,-1.0
