bad_A,bad_B,disc1,disc2,fI,fO_A,fO_B,fP_A,fP_B,fRi,fRo,fS,good_A,good_B,no_disc,pick,put,redo_A,redo_B,sI,sO_A,sO_B,sP_A,sP_B,sQ_A,sQ_Ar,sQ_B,sQ_Br,sRi,sRo,sS,test1,test2,turn1,turn2
-31572,-37519,-287,-565,-113,-664,-703,-360,-437,-245,-112,-71,34156,37982,-369,-349,-500,-8242,-2536,-250,-11,-238,-160,-478,-757,-190,-678,-298,-81,-583,-358,-10,-86,-169,-426
0.44712168322710644,0.39618545421481954,-1.0,-1.0,-1.0,-1.0,-1.0,-1.0,-1.0,-1.0,-1.0,-1.0,0.8561928600909455,0.35048523658343367,-1.0,-1.0,-1.0,0.505367757289756,0.8776168333003082,-1.0,-1.0,-1.0,-1.0,-1.0,-1.0,-1.0,-1.0,-1.0,-1.0,-1.0,-1.0,-1.0,-1.0,-1.0,-1.0
