bad_A,bad_B,disc1,disc2,fI,fO_A,fO_B,fP_A,fP_B,fRi,fRo,fS,good_A,good_B,no_disc,pick,put,redo_A,redo_B,sI,sO_A,sO_B,sP_A,sP_B,sQ_A,sQ_Ar,sQ_B,sQ_Br,sRi,sRo,sS,test1,test2,turn1,turn2
-39939,-39613,-143,-586,-531,-451,-420,-323,-404,-399,-324,-428,37300,23494,-295,-699,-733,-4544,-2504,-266,-387,-413,-465,-664,-126,-266,-16,-479,-633,-406,-538,-616,-268,-408,-780
0.6515575320575582,0.2610255942394149,-1.0,-1.0,-1.0,-1.0,-1.0,-1.0,-1.0,-1.0,-1.0,-1.0,0.26379119262007933,0.5688093541406033,-1.0,-1.0,-1.0,0.11265678934512949,0.7017646866884538,-1.0,-1.0,-1.0,-1.0,-1.0,-1.0,-1.0,-1.0,-1.0,-1.0,-1.0,-1.0,-1.0,-1.0,-1.0,-1.0
