bad_A,bad_B,fI,fO_A,fO_B,fP_A,fp_B,fRi,fRo,fS,good_A,good_B,redo_A,redo_B,sI,sO_A,sO_B,sP_A,sP_B,sQ_A,sQ_Ar,sQ_B,sQ_Br,sRi,sRo,sS
-39525,-34691,-39,-515,-788,-702,-751,-205,-420,-792,34310,29064,-1756,-7500,-721,-661,-490,-108,-324,-280,-413,-614,-727,-251,-47,-85
0.17082559391100738,0.42862564137808257,-1.0,-1.0,-1.0,-1.0,-1.0,-1.0,-1.0,-1.0,0.44218329532492495,0.23986890322380044,0.1834972315461787,0.8148602588407771,-1.0,-1.0,-1.0,-1.0,-1.0,-1.0,-1.0,-1.0,-1.0,-1.0,-1.0,-1.0
