bad_A,bad_B,fI,fO_A,fO_B,fP_A,fp_B,fRi,fRo,fS,good_A,good_B,redo_A,redo_B,sI,sO_A,sO_B,sP_A,sP_B,sQ_A,sQ_Ar,sQ_B,sQ_Br,sRi,sRo,sS
-22370,-34904,-749,-130,-195,-413,-37,-334,-165,-136,37851,32673,-3467,-2591,-794,-228,-526,-129,-364,-751,-301,-472,-706,-565,-796,-576
0.16201132683502611,0.13799161446161703,-1.0,-1.0,-1.0,-1.0,-1.0,-1.0,-1.0,-1.0,0.6197834922139468,0.2187973504013682,0.7271388691494105,0.27687858851477154,-1.0,-1.0,-1.0,-1.0,-1.0,-1.0,-1.0,-1.0,-1.0,-1.0,-1.0,-1.0
