bad_A,bad_B,fI,fO_A,fO_B,fP_A,fp_B,fRi,fRo,fS,good_A,good_B,redo_A,redo_B,sI,sO_A,sO_B,sP_A,sP_B,sQ_A,sQ_Ar,sQ_B,sQ_Br,sRi,sRo,sS
-24486,-25339,-472,-130,-326,-749,-238,-367,-105,-289,37530,29904,-5254,-3354,-435,-328,-88,-69,-298,-64,-226,-200,-781,-427,-250,-345
0.38482013850059915,0.6655657285893215,-1.0,-1.0,-1.0,-1.0,-1.0,-1.0,-1.0,-1.0,0.6966672278213065,0.5345874368786538,0.1300263097247971,0.7802995904381624,-1.0,-1.0,-1.0,-1.0,-1.0,-1.0,-1.0,-1.0,-1.0,-1.0,-1.0,-1.0
