bad_A,bad_B,fI,fO_A,fO_B,fP_A,fp_B,fRi,fRo,fS,good_A,good_B,redo_A,redo_B,sI,sO_A,sO_B,sP_A,sP_B,sQ_A,sQ_Ar,sQ_B,sQ_Br,sRi,sRo,sS
-35577,-29169,-544,-532,-614,-253,-683,-583,-89,-121,21089,34734,-2806,-7006,-480,-799,-94,-295,-630,-522,-65,-464,-126,-740,-322,-434
0.8833517518869022,0.7219181120993231,-1.0,-1.0,-1.0,-1.0,-1.0,-1.0,-1.0,-1.0,0.6173501446557722,0.5278104137149718,0.3182965474105911,0.2886388510001553,-1.0,-1.0,-1.0,-1.0,-1.0,-1.0,-1.0,-1.0,-1.0,-1.0,-1.0,-1.0
