bad_A,bad_B,disc1,disc2,fI,fO_A,fO_B,fP_A,fP_B,fRi,fRo,fS,good_A,good_B,no_disc,pick,put,redo_A,redo_B,sI,sO_A,sO_B,sP_A,sP_B,sQ_A,sQ_Ar,sQ_B,sQ_Br,sRi,sRo,sS,test1,test2,turn1,turn2
-32138,-23540,-304,-367,-297,-383,-17,-285,-711,-602,-755,-424,23272,38995,-627,-527,-101,-1343,-1495,-235,-711,-536,-339,-255,-626,-534,-437,-595,-723,-183,-447,-798,-454,-424,-314
0.7931908842686658,0.835864061237171,-1.0,-1.0,-1.0,-1.0,-1.0,-1.0,-1.0,-1.0,-1.0,-1.0,0.24299248614877175,0.6196007645930679,-1.0,-1.0,-1.0,0.3262811614672455,0.2451764023474664,-1.0,-1.0,-1.0,-1.0,-1.0,-1.0,-1.0,-1.0,-1.0,-1.0,-1.0,-1.0,-1.0,-1.0,-1.0,-1.0
