bad_A,bad_B,disc1,disc2,fI,fO_A,fO_B,fP_A,fP_B,fRi,fRo,fS,good_A,good_B,no_disc,pick,put,redo_A,redo_B,sI,sO_A,sO_B,sP_A,sP_B,sQ_A,sQ_Ar,sQ_B,sQ_Br,sRi,sRo,sS,test1,test2,turn1,turn2
-32697,-37336,-266,-523,-346,-707,-356,-464,-191,-631,-688,-660,30670,31694,-501,-202,-402,-7496,-6681,-482,-256,-690,-793,-770,-160,-484,-236,-472,-777,-208,-273,-523,-68,-758,-53
0.29717528152815653,0.5164564241369588,-1.0,-1.0,-1.0,-1.0,-1.0,-1.0,-1.0,-1.0,-1.0,-1.0,0.7519492885194401,0.35208016889856,-1.0,-1.0,-1.0,0.8682389611105227,0.23483212112939134,-1.0,-1.0,-1.0,-1.0,-1.0,-1.0,-1.0,-1.0,-1.0,-1.0,-1.0,-1.0,-1.0,-1.0,-1.0,-1.0
