bad_A,bad_B,disc1,disc2,fI,fO_A,fO_B,fP_A,fP_B,fRi,fRo,fS,good_A,good_B,no_disc,pick,put,redo_A,redo_B,sI,sO_A,sO_B,sP_A,sP_B,sQ_A,sQ_Ar,sQ_B,sQ_Br,sRi,sRo,sS,test1,test2,turn1,turn2
-25117,-23227,-294,-360,-100,-201,-116,-384,-149,-375,-34,-598,20022,36467,-585,-194,-88,-1886,-5448,-107,-434,-20,-789,-279,-526,-718,-659,-133,-649,-787,-663,-320,-412,-740,-609
0.531204118610809,0.6716824900207767,-1.0,-1.0,-1.0,-1.0,-1.0,-1.0,-1.0,-1.0,-1.0,-1.0,0.6069171749357312,0.680123472685221,-1.0,-1.0,-1.0,0.1774756549142441,0.7347652373494875,-1.0,-1.0,-1.0,-1.0,-1.0,-1.0,-1.0,-1.0,-1.0,-1.0,-1.0,-1.0,-1.0,-1.0,-1.0,-1.0
