bad_A,bad_B,disc1,disc2,fI,fO_A,fO_B,fP_A,fP_B,fRi,fRo,fS,good_A,good_B,no_disc,pick,put,redo_A,redo_B,sI,sO_A,sO_B,sP_A,sP_B,sQ_A,sQ_Ar,sQ_B,sQ_Br,sRi,sRo,sS,test1,test2,turn1,turn2
-23980,-34474,-461,-413,-337,-513,-382,-760,-216,-757,-352,-369,28687,22493,-62,-424,-685,-2247,-2178,-125,-197,-404,-225,-706,-528,-240,-374,-80,-643,-252,-374,-481,-113,-414,-399
0.7951829385381938,0.13030512446686693,-1.0,-1.0,-1.0,-1.0,-1.0,-1.0,-1.0,-1.0,-1.0,-1.0,0.43602433210709046,0.10957369550166929,-1.0,-1.0,-1.0,0.6842166254138882,0.41791913121115254,-1.0,-1.0,-1.0,-1.0,-1.0,-1.0,-1.0,-1.0,-1.0,-1.0,-1.0,-1.0,-1.0,-1.0,-1.0,-1.0
