bad_A,bad_B,disc1,disc2,fI,fO_A,fO_B,fP_A,fP_B,fRi,fRo,fS,good_A,good_B,no_disc,pick,put,redo_A,redo_B,sI,sO_A,sO_B,sP_A,sP_B,sQ_A,sQ_Ar,sQ_B,sQ_Br,sRi,sRo,sS,test1,test2,turn1,turn2
-24998,-22468,-162,-153,-574,-761,-376,-614,-471,-403,-115,-264,27872,35477,-632,-127,-789,-3765,-6109,-701,-316,-451,-684,-326,-300,-176,-651,-640,-194,-104,-370,-728,-426,-522,-755
0.3882805639656618,0.19220260950264834,-1.0,-1.0,-1.0,-1.0,-1.0,-1.0,-1.0,-1.0,-1.0,-1.0,0.4999803119423746,0.5787029312638495,-1.0,-1.0,-1.0,0.838200005586342,0.3330025626267529,-1.0,-1.0,-1.0,-1.0,-1.0,-1.0,-1.0,-1.0,-1.0,-1.0,-1.0,-1.0,-1.0,-1.0,-1.0,-1.0
