bad_A,bad_B,disc1,disc2,fI,fO_A,fO_B,fP_A,fP_B,fRi,fRo,fS,good_A,good_B,no_disc,pick,put,redo_A,redo_B,sI,sO_A,sO_B,sP_A,sP_B,sQ_A,sQ_Ar,sQ_B,sQ_Br,sRi,sRo,sS,test1,test2,turn1,turn2
-29457,-27102,-379,-56,-565,-605,-127,-377,-189,-133,-732,-215,34650,24546,-22,-119,-163,-7093,-4996,-772,-726,-84,-34,-14,-737,-590,-575,-202,-102,-449,-452,-192,-17,-533,-509
0.5723868397536778,0.7820304371167291,-1.0,-1.0,-1.0,-1.0,-1.0,-1.0,-1.0,-1.0,-1.0,-1.0,0.4951914409524728,0.8903739660021177,-1.0,-1.0,-1.0,0.47072310807866935,0.11559748795669167,-1.0,-1.0,-1.0,-1.0,-1.0,-1.0,-1.0,-1.0,-1.0,-1.0,-1.0,-1.0,-1.0,-1.0,-1.0,-1.0
