bad_A,bad_B,disc1,disc2,fI,fO_A,fO_B,fP_A,fP_B,fRi,fRo,fS,good_A,good_B,no_disc,pick,put,redo_A,redo_B,sI,sO_A,sO_B,sP_A,sP_B,sQ_A,sQ_Ar,sQ_B,sQ_Br,sRi,sRo,sS,test1,test2,turn1,turn2
-25974,-32771,-73,-513,-199,-279,-464,-261,-479,-380,-561,-240,20407,36858,-354,-133,-202,-6201,-7329,-302,-535,-485,-488,-354,-454,-146,-256,-486,-156,-572,-587,-395,-102,-420,-104
0.4283740164814609,0.5843796036546463,-1.0,-1.0,-1.0,-1.0,-1.0,-1.0,-1.0,-1.0,-1.0,-1.0,0.4608879086685399,0.6090931057244521,-1.0,-1.0,-1.0,0.29072256570983857,0.10819122074293137,-1.0,-1.0,-1.0,-1.0,-1.0,-1.0,-1.0,-1.0,-1.0,-1.0,-1.0,-1.0,-1.0,-1.0,-1.0,-1.0
