bad_A,bad_B,disc1,disc2,fI,fO_A,fO_B,fP_A,fP_B,fRi,fRo,fS,good_A,good_B,no_disc,pick,put,redo_A,redo_B,sI,sO_A,sO_B,sP_A,sP_B,sQ_A,sQ_Ar,sQ_B,sQ_Br,sRi,sRo,sS,test1,test2,turn1,turn2
-31851,-38863,-634,-681,-81,-380,-670,-218,-294,-104,-437,-518,27226,27244,-191,-296,-508,-6685,-8985,-469,-692,-623,-235,-798,-485,-224,-495,-466,-578,-187,-387,-110,-135,-276,-528
0.3437754376964227,0.28189194608817214,-1.0,-1.0,-1.0,-1.0,-1.0,-1.0,-1.0,-1.0,-1.0,-1.0,0.6670217151709312,0.3242184519563027,-1.0,-1.0,-1.0,0.6170627186857716,0.2401129748817649,-1.0,-1.0,-1.0,-1.0,-1.0,-1.0,-1.0,-1.0,-1.0,-1.0,-1.0,-1.0,-1.0,-1.0,-1.0,-1.0
