bad_A,bad_B,disc1,disc2,fI,fO_A,fO_B,fP_A,fP_B,fRi,fRo,fS,good_A,good_B,no_disc,pick,put,redo_A,redo_B,sI,sO_A,sO_B,sP_A,sP_B,sQ_A,sQ_Ar,sQ_B,sQ_Br,sRi,sRo,sS,test1,test2,turn1,turn2
-31615,-29058,-709,-29,-474,-557,-717,-83,-734,-324,-141,-719,29621,29040,-313,-12,-790,-2743,-5728,-428,-223,-324,-615,-234,-645,-393,-371,-344,-317,-665,-40,-627,-189,-729,-617
0.6861304091062216,0.7264514238139769,-1.0,-1.0,-1.0,-1.0,-1.0,-1.0,-1.0,-1.0,-1.0,-1.0,0.15933566071673377,0.18880517689066104,-1.0,-1.0,-1.0,0.4346528882679489,0.5282802466483517,-1.0,-1.0,-1.0,-1.0,-1.0,-1.0,-1.0,-1.0,-1.0,-1.0,-1.0,-1.0,-1.0,-1.0,-1.0,-1.0
