bad_A,bad_B,disc1,disc2,fI,fO_A,fO_B,fP_A,fP_B,fRi,fRo,fS,good_A,good_B,no_disc,pick,put,redo_A,redo_B,sI,sO_A,sO_B,sP_A,sP_B,sQ_A,sQ_Ar,sQ_B,sQ_Br,sRi,sRo,sS,test1,test2,turn1,turn2
-25476,-38327,-370,-342,-287,-785,-212,-670,-348,-669,-644,-716,20974,26989,-28,-643,-457,-7050,-1752,-764,-42,-636,-378,-456,-391,-582,-315,-216,-326,-596,-157,-203,-120,-499,-102
0.4737985265161565,0.4704121521175313,-1.0,-1.0,-1.0,-1.0,-1.0,-1.0,-1.0,-1.0,-1.0,-1.0,0.37438466648722,0.7498064961382788,-1.0,-1.0,-1.0,0.1547889387831224,0.24336684976657008,-1.0,-1.0,-1.0,-1.0,-1.0,-1.0,-1.0,-1.0,-1.0,-1.0,-1.0,-1.0,-1.0,-1.0,-1.0,-1.0
