bad_A,bad_B,fI,fO_A,fO_B,fP_A,fp_B,fRi,fRo,fS,good_A,good_B,redo_A,redo_B,sI,sO_A,sO_B,sP_A,sP_B,sQ_A,sQ_Ar,sQ_B,sQ_Br,sRi,sRo,sS
-32363,-27310,-305,-198,-644,-614,-158,-673,-167,-391,32996,39171,-1128,-2401,-70,-362,-673,-366,-707,-601,-635,-178,-304,-81,-457,-382
0.2452672257129839,0.7626854238283917,-1.0,-1.0,-1.0,-1.0,-1.0,-1.0,-1.0,-1.0,0.25003625013660635,0.16453607674811527,0.6891133260300379,0.5641148740457999,-1.0,-1.0,-1.0,-1.0,-1.0,-1.0,-1.0,-1.0,-1.0,-1.0,-1.0,-1.0
