bad_A,bad_B,fI,fO_A,fO_B,fP_A,fp_B,fRi,fRo,fS,good_A,good_B,redo_A,redo_B,sI,sO_A,sO_B,sP_A,sP_B,sQ_A,sQ_Ar,sQ_B,sQ_Br,sRi,sRo,sS
-22748,-22420,-563,-641,-268,-210,-309,-361,-769,-418,37021,31794,-6309,-4626,-712,-790,-445,-707,-705,-479,-172,-468,-128,-349,-767,-460
0.8534402849534232,0.5480974275347174,-1.0,-1.0,-1.0,-1.0,-1.0,-1.0,-1.0,-1.0,0.5241848994172044,0.43068759997016504,0.6117123305529745,0.4199971445611371,-1.0,-1.0,-1.0,-1.0,-1.0,-1.0,-1.0,-1.0,-1.0,-1.0,-1.0,-1.0
