bad_A,bad_B,fI,fO_A,fO_B,fP_A,fp_B,fRi,fRo,fS,good_A,good_B,redo_A,redo_B,sI,sO_A,sO_B,sP_A,sP_B,sQ_A,sQ_Ar,sQ_B,sQ_Br,sRi,sRo,sS
-24166,-21129,-700,-353,-459,-62,-502,-569,-166,-45,23895,26828,-1579,-8245,-421,-19,-31,-373,-272,-255,-10,-121,-756,-528,-183,-259
0.8267883635509302,0.8949670613122116,-1.0,-1.0,-1.0,-1.0,-1.0,-1.0,-1.0,-1.0,0.250199907786551,0.865264687162472,0.5708937590692101,0.3371800236006662,-1.0,-1.0,-1.0,-1.0,-1.0,-1.0,-1.0,-1.0,-1.0,-1.0,-1.0,-1.0
