bad_A,bad_B,disc1,disc2,fI,fO_A,fO_B,fP_A,fP_B,fRi,fRo,fS,good_A,good_B,no_disc,pick,put,redo_A,redo_B,sI,sO_A,sO_B,sP_A,sP_B,sQ_A,sQ_Ar,sQ_B,sQ_Br,sRi,sRo,sS,test1,test2,turn1,turn2
-39400,-39331,-664,-596,-43,-598,-254,-264,-662,-731,-575,-387,21205,21152,-407,-704,-377,-6210,-8253,-39,-186,-190,-778,-561,-742,-298,-669,-346,-661,-343,-49,-734,-799,-302,-717
0.8775646796685898,0.5920275873162522,-1.0,-1.0,-1.0,-1.0,-1.0,-1.0,-1.0,-1.0,-1.0,-1.0,0.8212923429079101,0.8465490472725277,-1.0,-1.0,-1.0,0.34919303708235117,0.544444477699964,-1.0,-1.0,-1.0,-1.0,-1.0,-1.0,-1.0,-1.0,-1.0,-1.0,-1.0,-1.0,-1.0,-1.0,-1.0,-1.0
