bad_A,bad_B,disc1,disc2,fI,fO_A,fO_B,fP_A,fP_B,fRi,fRo,fS,good_A,good_B,no_disc,pick,put,redo_A,redo_B,sI,sO_A,sO_B,sP_A,sP_B,sQ_A,sQ_Ar,sQ_B,sQ_Br,sRi,sRo,sS,test1,test2,turn1,turn2
-30237,-26048,-764,-201,-177,-307,-716,-668,-606,-108,-746,-211,38633,37557,-285,-110,-215,-5213,-5575,-524,-270,-630,-734,-231,-368,-332,-205,-253,-91,-417,-501,-225,-68,-400,-97
0.2884952095718819,0.7123891762310127,-1.0,-1.0,-1.0,-1.0,-1.0,-1.0,-1.0,-1.0,-1.0,-1.0,0.14470808488440207,0.693342758161286,-1.0,-1.0,-1.0,0.27352950139493937,0.139342057402627,-1.0,-1.0,-1.0,-1.0,-1.0,-1.0,-1.0,-1.0,-1.0,-1.0,-1.0,-1.0,-1.0,-1.0,-1.0,-1.0
