bad_A,bad_B,disc1,disc2,fI,fO_A,fO_B,fP_A,fP_B,fRi,fRo,fS,good_A,good_B,no_disc,pick,put,redo_A,redo_B,sI,sO_A,sO_B,sP_A,sP_B,sQ_A,sQ_Ar,sQ_B,sQ_Br,sRi,sRo,sS,test1,test2,turn1,turn2
-26592,-22851,-504,-622,-798,-586,-797,-359,-631,-387,-369,-532,34002,33493,-521,-315,-542,-2469,-6836,-164,-638,-237,-768,-789,-506,-14,-484,-552,-50,-800,-790,-149,-168,-527,-68
0.47122863651319724,0.5532807351123167,-1.0,-1.0,-1.0,-1.0,-1.0,-1.0,-1.0,-1.0,-1.0,-1.0,0.6995614623479314,0.35853574794287135,-1.0,-1.0,-1.0,0.46217289758727853,0.7995741904601695,-1.0,-1.0,-1.0,-1.0,-1.0,-1.0,-1.0,-1.0,-1.0,-1.0,-1.0,-1.0,-1.0,-1.0,-1.0,-1.0
