bad_A,bad_B,fI,fO_A,fO_B,fP_A,fp_B,fRi,fRo,fS,good_A,good_B,redo_A,redo_B,sI,sO_A,sO_B,sP_A,sP_B,sQ_A,sQ_Ar,sQ_B,sQ_Br,sRi,sRo,sS
-20289,-20972,-355,-105,-452,-323,-233,-675,-634,-695,29813,22104,-6989,-3283,-409,-539,-565,-398,-38,-298,-525,-266,-593,-76,-534,-651
0.8436192087195272,0.3173388210561763,-1.0,-1.0,-1.0,-1.0,-1.0,-1.0,-1.0,-1.0,0.8029201833967824,0.5375549799223822,0.5821640919859282,0.8814222593651614,-1.0,-1.0,-1.0,-1.0,-1.0,-1.0,-1.0,-1.0,-1.0,-1.0,-1.0,-1.0
