bad_A,bad_B,fI,fO_A,fO_B,fP_A,fp_B,fRi,fRo,fS,good_A,good_B,redo_A,redo_B,sI,sO_A,sO_B,sP_A,sP_B,sQ_A,sQ_Ar,sQ_B,sQ_Br,sRi,sRo,sS
-36022,-22153,-715,-627,-146,-112,-75,-197,-141,-255,24780,28881,-4719,-2281,-13,-393,-24,-354,-360,-624,-760,-633,-647,-624,-177,-245
0.5336340572681438,0.5508009095059555,-1.0,-1.0,-1.0,-1.0,-1.0,-1.0,-1.0,-1.0,0.2621159883360614,0.17396171685152595,0.543980728360438,0.16733433213994334,-1.0,-1.0,-1.0,-1.0,-1.0,-1.0,-1.0,-1.0,-1.0,-1.0,-1.0,-1.0
