bad_A,bad_B,fI,fO_A,fO_B,fP_A,fp_B,fRi,fRo,fS,good_A,good_B,redo_A,redo_B,sI,sO_A,sO_B,sP_A,sP_B,sQ_A,sQ_Ar,sQ_B,sQ_Br,sRi,sRo,sS
-39090,-23782,-277,-143,-469,-423,-514,-624,-776,-234,34383,33154,-4391,-1353,-290,-154,-320,-645,-794,-13,-742,-162,-94,-692,-433,-217
0.7102747496684083,0.7073310434246094,-1.0,-1.0,-1.0,-1.0,-1.0,-1.0,-1.0,-1.0,0.3274446448526648,0.6756485104643274,0.41088730328530887,0.539500659274915,-1.0,-1.0,-1.0,-1.0,-1.0,-1.0,-1.0,-1.0,-1.0,-1.0,-1.0,-1.0
