bad_A,bad_B,fI,fO_A,fO_B,fP_A,fp_B,fRi,fRo,fS,good_A,good_B,redo_A,redo_B,sI,sO_A,sO_B,sP_A,sP_B,sQ_A,sQ_Ar,sQ_B,sQ_Br,sRi,sRo,sS
-32830,-36806,-452,-618,-448,-612,-362,-344,-290,-129,26474,36716,-5389,-2622,-595,-121,-403,-376,-42,-201,-596,-18,-100,-100,-581,-580
0.5306597734897599,0.39194108335256206,-1.0,-1.0,-1.0,-1.0,-1.0,-1.0,-1.0,-1.0,0.3125198507726202,0.307979391444936,0.5207488705196313,0.5959346415584242,-1.0,-1.0,-1.0,-1.0,-1.0,-1.0,-1.0,-1.0,-1.0,-1.0,-1.0,-1.0
