bad_A,bad_B,fI,fO_A,fO_B,fP_A,fp_B,fRi,fRo,fS,good_A,good_B,redo_A,redo_B,sI,sO_A,sO_B,sP_A,sP_B,sQ_A,sQ_Ar,sQ_B,sQ_Br,sRi,sRo,sS
-26652,-20911,-492,-453,-478,-336,-385,-712,-37,-121,31294,36799,-2478,-6730,-325,-619,-412,-17,-332,-752,-572,-65,-411,-515,-530,-343
0.18433131049984386,0.2756709492044534,-1.0,-1.0,-1.0,-1.0,-1.0,-1.0,-1.0,-1.0,0.8300366614230213,0.8462256587862627,0.7000635141540495,0.20641800031935126,-1.0,-1.0,-1.0,-1.0,-1.0,-1.0,-1.0,-1.0,-1.0,-1.0,-1.0,-1.0
