bad_A,bad_B,fI,fO_A,fO_B,fP_A,fp_B,fRi,fRo,fS,good_A,good_B,redo_A,redo_B,sI,sO_A,sO_B,sP_A,sP_B,sQ_A,sQ_Ar,sQ_B,sQ_Br,sRi,sRo,sS
-37286,-26230,-460,-480,-143,-439,-344,-536,-662,-667,31919,23314,-7026,-8377,-536,-262,-438,-597,-582,-403,-658,-364,-588,-167,-526,-309
0.5891990897748833,0.5841703711567411,-1.0,-1.0,-1.0,-1.0,-1.0,-1.0,-1.0,-1.0,0.6930323640023153,0.30001638252644647,0.5345817772114465,0.5375004963952683,-1.0,-1.0,-1.0,-1.0,-1.0,-1.0,-1.0,-1.0,-1.0,-1.0,-1.0,-1.0
