bad_A,bad_B,fI,fO_A,fO_B,fP_A,fp_B,fRi,fRo,fS,good_A,good_B,redo_A,redo_B,sI,sO_A,sO_B,sP_A,sP_B,sQ_A,sQ_Ar,sQ_B,sQ_Br,sRi,sRo,sS
-21817,-23700,-544,-279,-404,-676,-647,-656,-752,-175,20445,29831,-3697,-8336,-777,-508,-78,-356,-82,-455,-133,-385,-131,-180,-257,-305
0.7325460015684874,0.7931497089741328,-1.0,-1.0,-1.0,-1.0,-1.0,-1.0,-1.0,-1.0,0.6334242036798823,0.627683882448473,0.8601992153044463,0.5752227273832305,-1.0,-1.0,-1.0,-1.0,-1.0,-1.0,-1.0,-1.0,-1.0,-1.0,-1.0,-1.0
