bad_A,bad_B,disc1,disc2,fI,fO_A,fO_B,fP_A,fP_B,fRi,fRo,fS,good_A,good_B,no_disc,pick,put,redo_A,redo_B,sI,sO_A,sO_B,sP_A,sP_B,sQ_A,sQ_Ar,sQ_B,sQ_Br,sRi,sRo,sS,test1,test2,turn1,turn2
-22696,-28576,-127,-176,-147,-63,-572,-143,-273,-156,-63,-592,23661,38846,-106,-511,-548,-2311,-7076,-539,-206,-645,-177,-405,-268,-132,-553,-181,-551,-698,-358,-133,-380,-564,-655
0.2536478842926012,0.7642215694915477,-1.0,-1.0,-1.0,-1.0,-1.0,-1.0,-1.0,-1.0,-1.0,-1.0,0.4053108083382818,0.5130035644357556,-1.0,-1.0,-1.0,0.477429794149148,0.4522506037962125,-1.0,-1.0,-1.0,-1.0,-1.0,-1.0,-1.0,-1.0,-1.0,-1.0,-1.0,-1.0,-1.0,-1.0,-1.0,-1.0
