bad_A,bad_B,disc1,disc2,fI,fO_A,fO_B,fP_A,fP_B,fRi,fRo,fS,good_A,good_B,no_disc,pick,put,redo_A,redo_B,sI,sO_A,sO_B,sP_A,sP_B,sQ_A,sQ_Ar,sQ_B,sQ_Br,sRi,sRo,sS,test1,test2,turn1,turn2
-22044,-25372,-249,-583,-785,-187,-730,-33,-53,-116,-532,-289,21827,39675,-424,-571,-739,-6715,-2453,-75,-451,-558,-767,-543,-534,-194,-75,-357,-295,-496,-85,-634,-796,-735,-191
0.24090786918091728,0.1126892417526503,-1.0,-1.0,-1.0,-1.0,-1.0,-1.0,-1.0,-1.0,-1.0,-1.0,0.8084037480791809,0.791118758560202,-1.0,-1.0,-1.0,0.30029994628951984,0.5528074245941819,-1.0,-1.0,-1.0,-1.0,-1.0,-1.0,-1.0,-1.0,-1.0,-1.0,-1.0,-1.0,-1.0,-1.0,-1.0,-1.0
