bad_A,bad_B,disc1,disc2,fI,fO_A,fO_B,fP_A,fP_B,fRi,fRo,fS,good_A,good_B,no_disc,pick,put,redo_A,redo_B,sI,sO_A,sO_B,sP_A,sP_B,sQ_A,sQ_Ar,sQ_B,sQ_Br,sRi,sRo,sS,test1,test2,turn1,turn2
-32884,-35587,-413,-474,-220,-405,-52,-408,-619,-438,-164,-37,22201,34834,-425,-443,-609,-2896,-3840,-258,-184,-750,-52,-529,-353,-254,-429,-330,-786,-276,-324,-727,-451,-13,-214
0.10726008486345649,0.21419030657332902,-1.0,-1.0,-1.0,-1.0,-1.0,-1.0,-1.0,-1.0,-1.0,-1.0,0.8128479297513714,0.46232399074749686,-1.0,-1.0,-1.0,0.7364088257476274,0.30155815968305943,-1.0,-1.0,-1.0,-1.0,-1.0,-1.0,-1.0,-1.0,-1.0,-1.0,-1.0,-1.0,-1.0,-1.0,-1.0,-1.0
