bad_A,bad_B,disc1,disc2,fI,fO_A,fO_B,fP_A,fP_B,fRi,fRo,fS,good_A,good_B,no_disc,pick,put,redo_A,redo_B,sI,sO_A,sO_B,sP_A,sP_B,sQ_A,sQ_Ar,sQ_B,sQ_Br,sRi,sRo,sS,test1,test2,turn1,turn2
-30191,-31112,-243,-796,-510,-194,-497,-517,-205,-306,-597,-262,32443,29458,-765,-455,-351,-8789,-8201,-142,-211,-214,-134,-81,-115,-348,-207,-142,-35,-158,-210,-121,-711,-267,-726
0.7528879935028142,0.6379008228682319,-1.0,-1.0,-1.0,-1.0,-1.0,-1.0,-1.0,-1.0,-1.0,-1.0,0.1381391658806136,0.5389875491112258,-1.0,-1.0,-1.0,0.22088466642565605,0.8823407328395942,-1.0,-1.0,-1.0,-1.0,-1.0,-1.0,-1.0,-1.0,-1.0,-1.0,-1.0,-1.0,-1.0,-1.0,-1.0,-1.0
