bad_A,bad_B,disc1,disc2,fI,fO_A,fO_B,fP_A,fP_B,fRi,fRo,fS,good_A,good_B,no_disc,pick,put,redo_A,redo_B,sI,sO_A,sO_B,sP_A,sP_B,sQ_A,sQ_Ar,sQ_B,sQ_Br,sRi,sRo,sS,test1,test2,turn1,turn2
-30512,-32025,-171,-12,-269,-229,-771,-300,-277,-348,-47,-646,20014,36067,-464,-401,-508,-5783,-1419,-483,-511,-242,-150,-125,-124,-153,-498,-321,-207,-108,-313,-258,-685,-646,-467
0.8589112117481764,0.7688667227711613,-1.0,-1.0,-1.0,-1.0,-1.0,-1.0,-1.0,-1.0,-1.0,-1.0,0.21522841274525276,0.19242466463317012,-1.0,-1.0,-1.0,0.7220914496907648,0.4214668686701073,-1.0,-1.0,-1.0,-1.0,-1.0,-1.0,-1.0,-1.0,-1.0,-1.0,-1.0,-1.0,-1.0,-1.0,-1.0,-1.0
