bad_A,bad_B,disc1,disc2,fI,fO_A,fO_B,fP_A,fP_B,fRi,fRo,fS,good_A,good_B,no_disc,pick,put,redo_A,redo_B,sI,sO_A,sO_B,sP_A,sP_B,sQ_A,sQ_Ar,sQ_B,sQ_Br,sRi,sRo,sS,test1,test2,turn1,turn2
-26853,-25170,-217,-615,-304,-239,-610,-145,-495,-501,-790,-230,33687,39469,-190,-786,-438,-7970,-1608,-699,-483,-272,-685,-126,-610,-505,-340,-117,-416,-120,-224,-404,-592,-27,-560
0.7868602977477742,0.3835103616952442,-1.0,-1.0,-1.0,-1.0,-1.0,-1.0,-1.0,-1.0,-1.0,-1.0,0.5828919770653329,0.22912529769104087,-1.0,-1.0,-1.0,0.26520087742755305,0.5587683240292342,-1.0,-1.0,-1.0,-1.0,-1.0,-1.0,-1.0,-1.0,-1.0,-1.0,-1.0,-1.0,-1.0,-1.0,-1.0,-1.0
