bad_A,bad_B,disc1,disc2,fI,fO_A,fO_B,fP_A,fP_B,fRi,fRo,fS,good_A,good_B,no_disc,pick,put,redo_A,redo_B,sI,sO_A,sO_B,sP_A,sP_B,sQ_A,sQ_Ar,sQ_B,sQ_Br,sRi,sRo,sS,test1,test2,turn1,turn2
-24935,-30186,-791,-179,-496,-95,-343,-586,-322,-781,-342,-605,34219,33884,-492,-655,-496,-7256,-1559,-338,-197,-767,-523,-72,-455,-346,-75,-664,-513,-194,-92,-383,-304,-757,-402
0.8657633251058592,0.15695568580178057,-1.0,-1.0,-1.0,-1.0,-1.0,-1.0,-1.0,-1.0,-1.0,-1.0,0.7096883057602174,0.32657621358995625,-1.0,-1.0,-1.0,0.20294853509778027,0.33564419674585083,-1.0,-1.0,-1.0,-1.0,-1.0,-1.0,-1.0,-1.0,-1.0,-1.0,-1.0,-1.0,-1.0,-1.0,-1.0,-1.0
