bad_A,bad_B,disc1,disc2,fI,fO_A,fO_B,fP_A,fP_B,fRi,fRo,fS,good_A,good_B,no_disc,pick,put,redo_A,redo_B,sI,sO_A,sO_B,sP_A,sP_B,sQ_A,sQ_Ar,sQ_B,sQ_Br,sRi,sRo,sS,test1,test2,turn1,turn2
-35451,-33432,-21,-67,-340,-615,-212,-295,-318,-742,-420,-375,32978,30782,-598,-254,-452,-3850,-8443,-552,-611,-776,-685,-98,-452,-675,-151,-174,-389,-646,-325,-326,-247,-119,-506
0.36654095477589843,0.4050235734003661,-1.0,-1.0,-1.0,-1.0,-1.0,-1.0,-1.0,-1.0,-1.0,-1.0,0.42778729595299925,0.3609285009591985,-1.0,-1.0,-1.0,0.33016372760813306,0.13997760404430304,-1.0,-1.0,-1.0,-1.0,-1.0,-1.0,-1.0,-1.0,-1.0,-1.0,-1.0,-1.0,-1.0,-1.0,-1.0,-1.0
