bad_A,bad_B,disc1,disc2,fI,fO_A,fO_B,fP_A,fP_B,fRi,fRo,fS,good_A,good_B,no_disc,pick,put,redo_A,redo_B,sI,sO_A,sO_B,sP_A,sP_B,sQ_A,sQ_Ar,sQ_B,sQ_Br,sRi,sRo,sS,test1,test2,turn1,turn2
-27864,-27676,-767,-702,-98,-173,-22,-12,-693,-475,-368,-45,34002,31237,-557,-460,-419,-2032,-2105,-568,-775,-171,-375,-780,-191,-170,-677,-686,-667,-684,-116,-737,-202,-66,-558
0.48647665079531577,0.6252753265871751,-1.0,-1.0,-1.0,-1.0,-1.0,-1.0,-1.0,-1.0,-1.0,-1.0,0.19827731830187406,0.7112102278379588,-1.0,-1.0,-1.0,0.20627769369038484,0.5653723642569348,-1.0,-1.0,-1.0,-1.0,-1.0,-1.0,-1.0,-1.0,-1.0,-1.0,-1.0,-1.0,-1.0,-1.0,-1.0,-1.0
