bad_A,bad_B,disc1,disc2,fI,fO_A,fO_B,fP_A,fP_B,fRi,fRo,fS,good_A,good_B,no_disc,pick,put,redo_A,redo_B,sI,sO_A,sO_B,sP_A,sP_B,sQ_A,sQ_Ar,sQ_B,sQ_Br,sRi,sRo,sS,test1,test2,turn1,turn2
-22838,-24948,-317,-293,-352,-636,-66,-551,-797,-120,-202,-600,22765,25166,-538,-40,-37,-6611,-4333,-575,-575,-113,-386,-428,-24,-453,-238,-610,-142,-303,-372,-436,-164,-453,-55
0.6301683642830918,0.6107634929630239,-1.0,-1.0,-1.0,-1.0,-1.0,-1.0,-1.0,-1.0,-1.0,-1.0,0.8416216524863153,0.5067956489196939,-1.0,-1.0,-1.0,0.3534878431116856,0.5822653159520329,-1.0,-1.0,-1.0,-1.0,-1.0,-1.0,-1.0,-1.0,-1.0,-1.0,-1.0,-1.0,-1.0,-1.0,-1.0,-1.0
