bad_A,bad_B,disc1,disc2,fI,fO_A,fO_B,fP_A,fP_B,fRi,fRo,fS,good_A,good_B,no_disc,pick,put,redo_A,redo_B,sI,sO_A,sO_B,sP_A,sP_B,sQ_A,sQ_Ar,sQ_B,sQ_Br,sRi,sRo,sS,test1,test2,turn1,turn2
-35777,-27388,-178,-256,-324,-225,-476,-173,-765,-775,-788,-526,37978,22400,-765,-688,-24,-6133,-3483,-411,-732,-384,-71,-66,-470,-85,-642,-189,-673,-495,-424,-233,-398,-610,-118
0.35425133733045866,0.42196110202006787,-1.0,-1.0,-1.0,-1.0,-1.0,-1.0,-1.0,-1.0,-1.0,-1.0,0.5749935619291783,0.7729447230587704,-1.0,-1.0,-1.0,0.5062656658585803,0.8118118218713819,-1.0,-1.0,-1.0,-1.0,-1.0,-1.0,-1.0,-1.0,-1.0,-1.0,-1.0,-1.0,-1.0,-1.0,-1.0,-1.0
