bad_A,bad_B,disc1,disc2,fI,fO_A,fO_B,fP_A,fP_B,fRi,fRo,fS,good_A,good_B,no_disc,pick,put,redo_A,redo_B,sI,sO_A,sO_B,sP_A,sP_B,sQ_A,sQ_Ar,sQ_B,sQ_Br,sRi,sRo,sS,test1,test2,turn1,turn2
-30214,-25990,-133,-399,-444,-219,-692,-532,-768,-118,-645,-35,39667,34509,-219,-269,-706,-1680,-8104,-379,-67,-640,-555,-203,-489,-684,-712,-497,-73,-345,-770,-715,-202,-709,-415
0.5505533070186549,0.31617766949893245,-1.0,-1.0,-1.0,-1.0,-1.0,-1.0,-1.0,-1.0,-1.0,-1.0,0.8818509925660734,0.19775438861856315,-1.0,-1.0,-1.0,0.1496653465786021,0.6750313918148693,-1.0,-1.0,-1.0,-1.0,-1.0,-1.0,-1.0,-1.0,-1.0,-1.0,-1.0,-1.0,-1.0,-1.0,-1.0,-1.0
