bad_A,bad_B,disc1,disc2,fI,fO_A,fO_B,fP_A,fP_B,fRi,fRo,fS,good_A,good_B,no_disc,pick,put,redo_A,redo_B,sI,sO_A,sO_B,sP_A,sP_B,sQ_A,sQ_Ar,sQ_B,sQ_Br,sRi,sRo,sS,test1,test2,turn1,turn2
-23658,-33298,-236,-736,-33,-56,-284,-85,-726,-141,-595,-534,39113,37908,-358,-221,-260,-2128,-2329,-268,-686,-288,-552,-88,-735,-536,-16,-485,-27,-21,-475,-783,-649,-647,-119
0.6121461490993032,0.6381314433090602,-1.0,-1.0,-1.0,-1.0,-1.0,-1.0,-1.0,-1.0,-1.0,-1.0,0.8880284021673349,0.5989059892023986,-1.0,-1.0,-1.0,0.1327761731703898,0.8768390710343418,-1.0,-1.0,-1.0,-1.0,-1.0,-1.0,-1.0,-1.0,-1.0,-1.0,-1.0,-1.0,-1.0,-1.0,-1.0,-1.0
