bad_A,bad_B,disc1,disc2,fI,fO_A,fO_B,fP_A,fP_B,fRi,fRo,fS,good_A,good_B,no_disc,pick,put,redo_A,redo_B,sI,sO_A,sO_B,sP_A,sP_B,sQ_A,sQ_Ar,sQ_B,sQ_Br,sRi,sRo,sS,test1,test2,turn1,turn2
-34617,-29106,-285,-609,-445,-191,-455,-490,-307,-163,-203,-90,37034,20954,-316,-62,-554,-7167,-7678,-443,-302,-646,-393,-444,-198,-316,-120,-519,-786,-147,-366,-290,-264,-372,-219
0.712874576874369,0.49763904018295846,-1.0,-1.0,-1.0,-1.0,-1.0,-1.0,-1.0,-1.0,-1.0,-1.0,0.14935852147530326,0.43508228926544334,-1.0,-1.0,-1.0,0.1671506264932338,0.7395400979136395,-1.0,-1.0,-1.0,-1.0,-1.0,-1.0,-1.0,-1.0,-1.0,-1.0,-1.0,-1.0,-1.0,-1.0,-1.0,-1.0
