bad_A,bad_B,disc1,disc2,fI,fO_A,fO_B,fP_A,fP_B,fRi,fRo,fS,good_A,good_B,no_disc,pick,put,redo_A,redo_B,sI,sO_A,sO_B,sP_A,sP_B,sQ_A,sQ_Ar,sQ_B,sQ_Br,sRi,sRo,sS,test1,test2,turn1,turn2
-25108,-33062,-244,-505,-190,-270,-566,-472,-759,-239,-200,-677,23697,34422,-795,-56,-373,-6452,-6327,-783,-794,-169,-750,-742,-716,-105,-485,-596,-405,-423,-154,-16,-435,-682,-772
0.893444013232232,0.6747846611018621,-1.0,-1.0,-1.0,-1.0,-1.0,-1.0,-1.0,-1.0,-1.0,-1.0,0.8946745864220095,0.562564077464994,-1.0,-1.0,-1.0,0.6570288914947547,0.10885447698382285,-1.0,-1.0,-1.0,-1.0,-1.0,-1.0,-1.0,-1.0,-1.0,-1.0,-1.0,-1.0,-1.0,-1.0,-1.0,-1.0
