bad_A,bad_B,disc1,disc2,fI,fO_A,fO_B,fP_A,fP_B,fRi,fRo,fS,good_A,good_B,no_disc,pick,put,redo_A,redo_B,sI,sO_A,sO_B,sP_A,sP_B,sQ_A,sQ_Ar,sQ_B,sQ_Br,sRi,sRo,sS,test1,test2,turn1,turn2
-28616,-34658,-640,-49,-449,-351,-198,-542,-376,-614,-749,-94,24112,26474,-260,-772,-487,-2835,-8552,-269,-798,-683,-303,-480,-483,-337,-145,-74,-672,-491,-728,-40,-342,-323,-484
0.7828851005734585,0.1778540214141244,-1.0,-1.0,-1.0,-1.0,-1.0,-1.0,-1.0,-1.0,-1.0,-1.0,0.6613821369316486,0.30668466788710474,-1.0,-1.0,-1.0,0.2010667785815824,0.30091896490871384,-1.0,-1.0,-1.0,-1.0,-1.0,-1.0,-1.0,-1.0,-1.0,-1.0,-1.0,-1.0,-1.0,-1.0,-1.0,-1.0
