bad_A,bad_B,disc1,disc2,fI,fO_A,fO_B,fP_A,fP_B,fRi,fRo,fS,good_A,good_B,no_disc,pick,put,redo_A,redo_B,sI,sO_A,sO_B,sP_A,sP_B,sQ_A,sQ_Ar,sQ_B,sQ_Br,sRi,sRo,sS,test1,test2,turn1,turn2
-36581,-33257,-577,-44,-797,-379,-511,-319,-399,-680,-46,-27,39742,33943,-679,-347,-271,-5075,-4406,-764,-519,-169,-514,-331,-241,-105,-579,-229,-234,-500,-258,-31,-128,-689,-711
0.5799782518549639,0.5003255913675577,-1.0,-1.0,-1.0,-1.0,-1.0,-1.0,-1.0,-1.0,-1.0,-1.0,0.26829286664778507,0.22445591609026075,-1.0,-1.0,-1.0,0.36597056651101967,0.7163379990953694,-1.0,-1.0,-1.0,-1.0,-1.0,-1.0,-1.0,-1.0,-1.0,-1.0,-1.0,-1.0,-1.0,-1.0,-1.0,-1.0
