bad_A,bad_B,disc1,disc2,fI,fO_A,fO_B,fP_A,fP_B,fRi,fRo,fS,good_A,good_B,no_disc,pick,put,redo_A,redo_B,sI,sO_A,sO_B,sP_A,sP_B,sQ_A,sQ_Ar,sQ_B,sQ_Br,sRi,sRo,sS,test1,test2,turn1,turn2
-39660,-34076,-400,-319,-301,-557,-724,-683,-33,-425,-551,-799,35947,22050,-326,-262,-332,-6292,-8661,-763,-619,-167,-286,-205,-795,-403,-383,-426,-566,-626,-575,-502,-459,-39,-655
0.3150530243570695,0.7540421875969847,-1.0,-1.0,-1.0,-1.0,-1.0,-1.0,-1.0,-1.0,-1.0,-1.0,0.60985838873652,0.8936861983838996,-1.0,-1.0,-1.0,0.8724187688812867,0.6440739831251073,-1.0,-1.0,-1.0,-1.0,-1.0,-1.0,-1.0,-1.0,-1.0,-1.0,-1.0,-1.0,-1.0,-1.0,-1.0,-1.0
