bad_A,bad_B,disc1,disc2,fI,fO_A,fO_B,fP_A,fP_B,fRi,fRo,fS,good_A,good_B,no_disc,pick,put,redo_A,redo_B,sI,sO_A,sO_B,sP_A,sP_B,sQ_A,sQ_Ar,sQ_B,sQ_Br,sRi,sRo,sS,test1,test2,turn1,turn2
-26682,-26074,-623,-320,-214,-315,-793,-292,-549,-68,-579,-150,28137,29193,-776,-183,-291,-1874,-6497,-365,-168,-689,-343,-314,-355,-13,-41,-700,-774,-553,-723,-319,-519,-432,-463
0.45952920822342846,0.7392181203594862,-1.0,-1.0,-1.0,-1.0,-1.0,-1.0,-1.0,-1.0,-1.0,-1.0,0.6151576982119694,0.7555340530232797,-1.0,-1.0,-1.0,0.10530665320595745,0.1314651447915326,-1.0,-1.0,-1.0,-1.0,-1.0,-1.0,-1.0,-1.0,-1.0,-1.0,-1.0,-1.0,-1.0,-1.0,-1.0,-1.0
