bad_A,bad_B,disc1,disc2,fI,fO_A,fO_B,fP_A,fP_B,fRi,fRo,fS,good_A,good_B,no_disc,pick,put,redo_A,redo_B,sI,sO_A,sO_B,sP_A,sP_B,sQ_A,sQ_Ar,sQ_B,sQ_Br,sRi,sRo,sS,test1,test2,turn1,turn2
-32360,-33508,-752,-735,-10,-625,-773,-240,-541,-30,-465,-78,38205,36953,-715,-15,-23,-2187,-1459,-67,-149,-752,-578,-171,-310,-275,-262,-391,-696,-778,-494,-262,-639,-437,-227
0.41071942195617395,0.1011589403606318,-1.0,-1.0,-1.0,-1.0,-1.0,-1.0,-1.0,-1.0,-1.0,-1.0,0.379002971608675,0.659264852461966,-1.0,-1.0,-1.0,0.8274599638791996,0.8950641347707009,-1.0,-1.0,-1.0,-1.0,-1.0,-1.0,-1.0,-1.0,-1.0,-1.0,-1.0,-1.0,-1.0,-1.0,-1.0,-1.0
