bad_A,bad_B,fI,fO_A,fO_B,fP_A,fp_B,fRi,fRo,fS,good_A,good_B,redo_A,redo_B,sI,sO_A,sO_B,sP_A,sP_B,sQ_A,sQ_Ar,sQ_B,sQ_Br,sRi,sRo,sS
-29093,-33272,-239,-16,-649,-407,-425,-285,-479,-666,37120,31568,-2336,-3697,-499,-57,-391,-344,-208,-475,-198,-304,-669,-559,-93,-664
0.14166154056823974,0.15685689513773637,-1.0,-1.0,-1.0,-1.0,-1.0,-1.0,-1.0,-1.0,0.8324280668463878,0.16699698624159068,0.1855202944278613,0.7929819936003473,-1.0,-1.0,-1.0,-1.0,-1.0,-1.0,-1.0,-1.0,-1.0,-1.0,-1.0,-1.0
