bad_A,bad_B,fI,fO_A,fO_B,fP_A,fp_B,fRi,fRo,fS,good_A,good_B,redo_A,redo_B,sI,sO_A,sO_B,sP_A,sP_B,sQ_A,sQ_Ar,sQ_B,sQ_Br,sRi,sRo,sS
-39997,-32891,-161,-488,-404,-296,-262,-577,-174,-515,31405,21067,-7943,-3174,-646,-131,-585,-135,-563,-572,-302,-477,-114,-577,-719,-60
0.36460783328238544,0.24852470956737324,-1.0,-1.0,-1.0,-1.0,-1.0,-1.0,-1.0,-1.0,0.48899687627532373,0.8715842042362504,0.7371895037957413,0.7186408389986706,-1.0,-1.0,-1.0,-1.0,-1.0,-1.0,-1.0,-1.0,-1.0,-1.0,-1.0,-1.0
