bad_A,bad_B,fI,fO_A,fO_B,fP_A,fp_B,fRi,fRo,fS,good_A,good_B,redo_A,redo_B,sI,sO_A,sO_B,sP_A,sP_B,sQ_A,sQ_Ar,sQ_B,sQ_Br,sRi,sRo,sS
-22019,-34539,-205,-73,-467,-782,-659,-516,-417,-695,20620,30597,-5795,-4101,-437,-511,-519,-188,-370,-533,-20,-88,-701,-614,-447,-541
0.5036998013478071,0.26769356390762167,-1.0,-1.0,-1.0,-1.0,-1.0,-1.0,-1.0,-1.0,0.47213703193239487,0.10156151251805517,0.7402973730655288,0.5504834151853721,-1.0,-1.0,-1.0,-1.0,-1.0,-1.0,-1.0,-1.0,-1.0,-1.0,-1.0,-1.0
