bad_A,bad_B,fI,fO_A,fO_B,fP_A,fp_B,fRi,fRo,fS,good_A,good_B,redo_A,redo_B,sI,sO_A,sO_B,sP_A,sP_B,sQ_A,sQ_Ar,sQ_B,sQ_Br,sRi,sRo,sS
-34007,-28843,-53,-649,-466,-723,-623,-759,-95,-524,27208,36879,-6547,-7790,-290,-704,-393,-47,-91,-531,-181,-117,-233,-739,-122,-647
0.14643483772053445,0.2267050252781383,-1.0,-1.0,-1.0,-1.0,-1.0,-1.0,-1.0,-1.0,0.7132594915241252,0.2998845902203068,0.39637046453178815,0.13242809287919802,-1.0,-1.0,-1.0,-1.0,-1.0,-1.0,-1.0,-1.0,-1.0,-1.0,-1.0,-1.0
