bad_A,bad_B,fI,fO_A,fO_B,fP_A,fp_B,fRi,fRo,fS,good_A,good_B,redo_A,redo_B,sI,sO_A,sO_B,sP_A,sP_B,sQ_A,sQ_Ar,sQ_B,sQ_Br,sRi,sRo,sS
-25696,-30110,-567,-556,-692,-274,-304,-487,-27,-574,38820,33216,-6762,-6044,-145,-229,-433,-606,-199,-259,-274,-774,-51,-533,-257,-151
0.5581182646714803,0.6838986514048306,-1.0,-1.0,-1.0,-1.0,-1.0,-1.0,-1.0,-1.0,0.45058560849172746,0.7229468773634417,0.2771166746245027,0.21408436802500788,-1.0,-1.0,-1.0,-1.0,-1.0,-1.0,-1.0,-1.0,-1.0,-1.0,-1.0,-1.0
