bad_A,bad_B,fI,fO_A,fO_B,fP_A,fp_B,fRi,fRo,fS,good_A,good_B,redo_A,redo_B,sI,sO_A,sO_B,sP_A,sP_B,sQ_A,sQ_Ar,sQ_B,sQ_Br,sRi,sRo,sS
-29531,-35921,-569,-352,-213,-642,-764,-632,-89,-153,39722,22581,-6921,-5255,-542,-108,-259,-47,-554,-645,-327,-507,-248,-786,-170,-568
0.1878179569465794,0.4660030237652957,-1.0,-1.0,-1.0,-1.0,-1.0,-1.0,-1.0,-1.0,0.5587243371693303,0.49159191325069007,0.8237141738836095,0.4252543256411797,-1.0,-1.0,-1.0,-1.0,-1.0,-1.0,-1.0,-1.0,-1.0,-1.0,-1.0,-1.0
