bad_A,bad_B,fI,fO_A,fO_B,fP_A,fp_B,fRi,fRo,fS,good_A,good_B,redo_A,redo_B,sI,sO_A,sO_B,sP_A,sP_B,sQ_A,sQ_Ar,sQ_B,sQ_Br,sRi,sRo,sS
-22411,-29523,-98,-405,-750,-224,-548,-456,-375,-453,33516,39727,-3041,-2828,-726,-707,-114,-558,-703,-668,-470,-664,-790,-52,-640,-70
0.7279512739981829,0.5705298703896097,-1.0,-1.0,-1.0,-1.0,-1.0,-1.0,-1.0,-1.0,0.5155530902914965,0.163422432329173,0.7441568440853531,0.500874251018431,-1.0,-1.0,-1.0,-1.0,-1.0,-1.0,-1.0,-1.0,-1.0,-1.0,-1.0,-1.0
