bad_A,bad_B,fI,fO_A,fO_B,fP_A,fp_B,fRi,fRo,fS,good_A,good_B,redo_A,redo_B,sI,sO_A,sO_B,sP_A,sP_B,sQ_A,sQ_Ar,sQ_B,sQ_Br,sRi,sRo,sS
-34517,-26764,-123,-114,-726,-676,-357,-210,-358,-45,33079,35853,-3167,-1979,-141,-422,-560,-635,-22,-531,-796,-153,-137,-505,-714,-479
0.3434514903820947,0.5406963027296284,-1.0,-1.0,-1.0,-1.0,-1.0,-1.0,-1.0,-1.0,0.7887603771875306,0.6068490072908943,0.5772667420831887,0.8235984302405556,-1.0,-1.0,-1.0,-1.0,-1.0,-1.0,-1.0,-1.0,-1.0,-1.0,-1.0,-1.0
