bad_A,bad_B,fI,fO_A,fO_B,fP_A,fp_B,fRi,fRo,fS,good_A,good_B,redo_A,redo_B,sI,sO_A,sO_B,sP_A,sP_B,sQ_A,sQ_Ar,sQ_B,sQ_Br,sRi,sRo,sS
-34351,-24246,-434,-655,-606,-493,-333,-687,-407,-600,36055,28984,-5500,-3905,-431,-36,-453,-764,-590,-152,-800,-499,-145,-138,-210,-568
0.6886080190980433,0.3701109456120234,-1.0,-1.0,-1.0,-1.0,-1.0,-1.0,-1.0,-1.0,0.4257192219411995,0.54208793543944,0.13364988891338214,0.4099698712724057,-1.0,-1.0,-1.0,-1.0,-1.0,-1.0,-1.0,-1.0,-1.0,-1.0,-1.0,-1.0
