bad_A,bad_B,fI,fO_A,fO_B,fP_A,fp_B,fRi,fRo,fS,good_A,good_B,redo_A,redo_B,sI,sO_A,sO_B,sP_A,sP_B,sQ_A,sQ_Ar,sQ_B,sQ_Br,sRi,sRo,sS
-25138,-33892,-710,-296,-149,-282,-484,-187,-225,-787,21682,30248,-1566,-4204,-774,-430,-122,-219,-63,-789,-638,-312,-193,-114,-450,-732
0.8280522156144187,0.6327639018215944,-1.0,-1.0,-1.0,-1.0,-1.0,-1.0,-1.0,-1.0,0.8749101006662645,0.6358155326375452,0.6156005431491735,0.8601302272967875,-1.0,-1.0,-1.0,-1.0,-1.0,-1.0,-1.0,-1.0,-1.0,-1.0,-1.0,-1.0
