bad_A,bad_B,fI,fO_A,fO_B,fP_A,fp_B,fRi,fRo,fS,good_A,good_B,redo_A,redo_B,sI,sO_A,sO_B,sP_A,sP_B,sQ_A,sQ_Ar,sQ_B,sQ_Br,sRi,sRo,sS
-24182,-37015,-279,-346,-498,-98,-467,-153,-250,-592,26792,30221,-3970,-5099,-478,-167,-159,-424,-370,-12,-740,-200,-253,-681,-539,-406
0.2827215070621194,0.6628119365353035,-1.0,-1.0,-1.0,-1.0,-1.0,-1.0,-1.0,-1.0,0.7295885260874843,0.36867773460220776,0.11257328945043783,0.5742742063388101,-1.0,-1.0,-1.0,-1.0,-1.0,-1.0,-1.0,-1.0,-1.0,-1.0,-1.0,-1.0
