bad_A,bad_B,fI,fO_A,fO_B,fP_A,fp_B,fRi,fRo,fS,good_A,good_B,redo_A,redo_B,sI,sO_A,sO_B,sP_A,sP_B,sQ_A,sQ_Ar,sQ_B,sQ_Br,sRi,sRo,sS
-28632,-39727,-530,-747,-170,-781,-79,-65,-382,-142,39488,27317,-8887,-6177,-495,-31,-183,-306,-26,-149,-525,-645,-717,-210,-185,-140
0.15066822196004903,0.7520731789799695,-1.0,-1.0,-1.0,-1.0,-1.0,-1.0,-1.0,-1.0,0.31172088446224433,0.28033172237113946,0.633461784313929,0.7958611543887176,-1.0,-1.0,-1.0,-1.0,-1.0,-1.0,-1.0,-1.0,-1.0,-1.0,-1.0,-1.0
