bad_A,bad_B,fI,fO_A,fO_B,fP_A,fp_B,fRi,fRo,fS,good_A,good_B,redo_A,redo_B,sI,sO_A,sO_B,sP_A,sP_B,sQ_A,sQ_Ar,sQ_B,sQ_Br,sRi,sRo,sS
-31488,-35620,-265,-744,-683,-792,-642,-642,-314,-220,34419,25372,-5012,-5050,-644,-644,-794,-466,-228,-690,-70,-652,-473,-427,-759,-200
0.5484573780382462,0.3524896159893559,-1.0,-1.0,-1.0,-1.0,-1.0,-1.0,-1.0,-1.0,0.4109218138234455,0.7376873941270767,0.36498203710207766,0.47687322656908726,-1.0,-1.0,-1.0,-1.0,-1.0,-1.0,-1.0,-1.0,-1.0,-1.0,-1.0,-1.0
