bad_A,bad_B,fI,fO_A,fO_B,fP_A,fp_B,fRi,fRo,fS,good_A,good_B,redo_A,redo_B,sI,sO_A,sO_B,sP_A,sP_B,sQ_A,sQ_Ar,sQ_B,sQ_Br,sRi,sRo,sS
-26358,-39126,-287,-550,-128,-73,-482,-630,-286,-392,35490,22563,-8484,-5290,-531,-597,-504,-339,-160,-641,-62,-586,-522,-525,-449,-67
0.5638819255091938,0.18007029655504586,-1.0,-1.0,-1.0,-1.0,-1.0,-1.0,-1.0,-1.0,0.6499677334650862,0.6351250768570217,0.8029522217279854,0.49378874112810234,-1.0,-1.0,-1.0,-1.0,-1.0,-1.0,-1.0,-1.0,-1.0,-1.0,-1.0,-1.0
