bad_A,bad_B,disc1,disc2,fI,fO_A,fO_B,fP_A,fP_B,fRi,fRo,fS,good_A,good_B,no_disc,pick,put,redo_A,redo_B,sI,sO_A,sO_B,sP_A,sP_B,sQ_A,sQ_Ar,sQ_B,sQ_Br,sRi,sRo,sS,test1,test2,turn1,turn2
-32116,-36179,-76,-784,-542,-768,-616,-224,-477,-637,-325,-548,22248,36219,-92,-404,-796,-1865,-7458,-143,-167,-631,-509,-63,-582,-269,-339,-604,-43,-582,-386,-209,-723,-115,-491
0.464911403287662,0.5975941922435876,-1.0,-1.0,-1.0,-1.0,-1.0,-1.0,-1.0,-1.0,-1.0,-1.0,0.16087014882292802,0.7124465629418468,-1.0,-1.0,-1.0,0.751827923203783,0.46467264709509093,-1.0,-1.0,-1.0,-1.0,-1.0,-1.0,-1.0,-1.0,-1.0,-1.0,-1.0,-1.0,-1.0,-1.0,-1.0,-1.0
