bad_A,bad_B,disc1,disc2,fI,fO_A,fO_B,fP_A,fP_B,fRi,fRo,fS,good_A,good_B,no_disc,pick,put,redo_A,redo_B,sI,sO_A,sO_B,sP_A,sP_B,sQ_A,sQ_Ar,sQ_B,sQ_Br,sRi,sRo,sS,test1,test2,turn1,turn2
-39439,-21707,-452,-580,-777,-133,-774,-553,-188,-278,-78,-711,31215,25954,-100,-214,-608,-4126,-5383,-444,-15,-192,-279,-561,-338,-612,-660,-70,-577,-712,-747,-507,-583,-433,-134
0.8324382266803896,0.8501550807115639,-1.0,-1.0,-1.0,-1.0,-1.0,-1.0,-1.0,-1.0,-1.0,-1.0,0.5567513089229749,0.6068000036778167,-1.0,-1.0,-1.0,0.1482828966832055,0.48496943056315556,-1.0,-1.0,-1.0,-1.0,-1.0,-1.0,-1.0,-1.0,-1.0,-1.0,-1.0,-1.0,-1.0,-1.0,-1.0,-1.0
