bad_A,bad_B,disc1,disc2,fI,fO_A,fO_B,fP_A,fP_B,fRi,fRo,fS,good_A,good_B,no_disc,pick,put,redo_A,redo_B,sI,sO_A,sO_B,sP_A,sP_B,sQ_A,sQ_Ar,sQ_B,sQ_Br,sRi,sRo,sS,test1,test2,turn1,turn2
-22793,-30372,-173,-513,-83,-559,-306,-384,-227,-196,-547,-270,20821,27099,-548,-655,-369,-2797,-8925,-683,-514,-785,-526,-210,-180,-549,-369,-91,-466,-78,-156,-244,-42,-684,-739
0.6793688999092808,0.39562992067439207,-1.0,-1.0,-1.0,-1.0,-1.0,-1.0,-1.0,-1.0,-1.0,-1.0,0.35797574052889847,0.7084403337328662,-1.0,-1.0,-1.0,0.1560870433234195,0.11394848605983264,-1.0,-1.0,-1.0,-1.0,-1.0,-1.0,-1.0,-1.0,-1.0,-1.0,-1.0,-1.0,-1.0,-1.0,-1.0,-1.0
