bad_A,bad_B,disc1,disc2,fI,fO_A,fO_B,fP_A,fP_B,fRi,fRo,fS,good_A,good_B,no_disc,pick,put,redo_A,redo_B,sI,sO_A,sO_B,sP_A,sP_B,sQ_A,sQ_Ar,sQ_B,sQ_Br,sRi,sRo,sS,test1,test2,turn1,turn2
-29406,-28258,-655,-421,-51,-739,-141,-430,-325,-615,-212,-564,35839,35100,-103,-619,-629,-8874,-5631,-664,-172,-204,-609,-439,-279,-514,-137,-144,-588,-735,-270,-212,-431,-379,-186
0.5440883589794843,0.8679123301548647,-1.0,-1.0,-1.0,-1.0,-1.0,-1.0,-1.0,-1.0,-1.0,-1.0,0.5408497732265886,0.4953615235085881,-1.0,-1.0,-1.0,0.28262468750994724,0.5916394016149554,-1.0,-1.0,-1.0,-1.0,-1.0,-1.0,-1.0,-1.0,-1.0,-1.0,-1.0,-1.0,-1.0,-1.0,-1.0,-1.0
