bad_A,bad_B,disc1,disc2,fI,fO_A,fO_B,fP_A,fP_B,fRi,fRo,fS,good_A,good_B,no_disc,pick,put,redo_A,redo_B,sI,sO_A,sO_B,sP_A,sP_B,sQ_A,sQ_Ar,sQ_B,sQ_Br,sRi,sRo,sS,test1,test2,turn1,turn2
-28268,-39090,-531,-380,-235,-483,-124,-404,-708,-585,-273,-136,34264,30570,-789,-61,-265,-6988,-3073,-59,-484,-131,-349,-222,-274,-721,-493,-632,-755,-27,-150,-295,-623,-397,-486
0.8755072192488446,0.3552541521759678,-1.0,-1.0,-1.0,-1.0,-1.0,-1.0,-1.0,-1.0,-1.0,-1.0,0.1492697966771643,0.5720478391282193,-1.0,-1.0,-1.0,0.42271361769134186,0.8602374479998447,-1.0,-1.0,-1.0,-1.0,-1.0,-1.0,-1.0,-1.0,-1.0,-1.0,-1.0,-1.0,-1.0,-1.0,-1.0,-1.0
