bad_A,bad_B,disc1,disc2,fI,fO_A,fO_B,fP_A,fP_B,fRi,fRo,fS,good_A,good_B,no_disc,pick,put,redo_A,redo_B,sI,sO_A,sO_B,sP_A,sP_B,sQ_A,sQ_Ar,sQ_B,sQ_Br,sRi,sRo,sS,test1,test2,turn1,turn2
-29508,-28715,-445,-737,-369,-799,-370,-595,-498,-296,-695,-518,36502,34404,-317,-506,-209,-8711,-4080,-435,-115,-166,-286,-790,-78,-183,-256,-95,-753,-518,-370,-198,-141,-560,-670
0.822990391269553,0.4231951260752952,-1.0,-1.0,-1.0,-1.0,-1.0,-1.0,-1.0,-1.0,-1.0,-1.0,0.47631979016821135,0.6673601514966394,-1.0,-1.0,-1.0,0.17722885645468622,0.42948874098932466,-1.0,-1.0,-1.0,-1.0,-1.0,-1.0,-1.0,-1.0,-1.0,-1.0,-1.0,-1.0,-1.0,-1.0,-1.0,-1.0
