bad_A,bad_B,disc1,disc2,fI,fO_A,fO_B,fP_A,fP_B,fRi,fRo,fS,good_A,good_B,no_disc,pick,put,redo_A,redo_B,sI,sO_A,sO_B,sP_A,sP_B,sQ_A,sQ_Ar,sQ_B,sQ_Br,sRi,sRo,sS,test1,test2,turn1,turn2
-29540,-34875,-578,-274,-308,-350,-372,-797,-624,-336,-449,-444,24314,26689,-519,-395,-213,-4202,-4518,-431,-563,-631,-638,-798,-484,-84,-70,-591,-238,-106,-300,-208,-439,-800,-700
0.5265553852544134,0.5992202904471496,-1.0,-1.0,-1.0,-1.0,-1.0,-1.0,-1.0,-1.0,-1.0,-1.0,0.1609116390093072,0.5472507485694384,-1.0,-1.0,-1.0,0.8630152571481647,0.20045296420257808,-1.0,-1.0,-1.0,-1.0,-1.0,-1.0,-1.0,-1.0,-1.0,-1.0,-1.0,-1.0,-1.0,-1.0,-1.0,-1.0
