bad_A,bad_B,disc1,disc2,fI,fO_A,fO_B,fP_A,fP_B,fRi,fRo,fS,good_A,good_B,no_disc,pick,put,redo_A,redo_B,sI,sO_A,sO_B,sP_A,sP_B,sQ_A,sQ_Ar,sQ_B,sQ_Br,sRi,sRo,sS,test1,test2,turn1,turn2
-31649,-28301,-337,-654,-713,-732,-77,-470,-454,-325,-727,-407,30236,37963,-326,-690,-798,-8097,-6800,-15,-625,-35,-134,-293,-367,-253,-207,-675,-99,-288,-419,-63,-569,-213,-535
0.7028082837282738,0.12415500248362382,-1.0,-1.0,-1.0,-1.0,-1.0,-1.0,-1.0,-1.0,-1.0,-1.0,0.25408496872189457,0.4897690695067073,-1.0,-1.0,-1.0,0.37154521256586015,0.6846482495674637,-1.0,-1.0,-1.0,-1.0,-1.0,-1.0,-1.0,-1.0,-1.0,-1.0,-1.0,-1.0,-1.0,-1.0,-1.0,-1.0
