bad_A,bad_B,fI,fO_A,fO_B,fP_A,fp_B,fRi,fRo,fS,good_A,good_B,redo_A,redo_B,sI,sO_A,sO_B,sP_A,sP_B,sQ_A,sQ_Ar,sQ_B,sQ_Br,sRi,sRo,sS
-37951,-37944,-791,-422,-338,-391,-575,-265,-656,-10,38724,24616,-7143,-5709,-135,-623,-783,-672,-164,-198,-755,-472,-156,-663,-385,-791
0.7277244822210185,0.43114195307189007,-1.0,-1.0,-1.0,-1.0,-1.0,-1.0,-1.0,-1.0,0.34368641602782085,0.6449556661103237,0.7425740551408152,0.37169990501184813,-1.0,-1.0,-1.0,-1.0,-1.0,-1.0,-1.0,-1.0,-1.0,-1.0,-1.0,-1.0
