bad_A,bad_B,fI,fO_A,fO_B,fP_A,fp_B,fRi,fRo,fS,good_A,good_B,redo_A,redo_B,sI,sO_A,sO_B,sP_A,sP_B,sQ_A,sQ_Ar,sQ_B,sQ_Br,sRi,sRo,sS
-29989,-28408,-171,-46,-289,-337,-240,-308,-156,-510,38719,38611,-8769,-2541,-588,-462,-56,-358,-465,-776,-413,-578,-789,-167,-30,-626
0.39753268995459556,0.5333698258443985,-1.0,-1.0,-1.0,-1.0,-1.0,-1.0,-1.0,-1.0,0.8939417933738064,0.6946420107185072,0.44113278938229383,0.5789046699698804,-1.0,-1.0,-1.0,-1.0,-1.0,-1.0,-1.0,-1.0,-1.0,-1.0,-1.0,-1.0
