bad_A,bad_B,fI,fO_A,fO_B,fP_A,fp_B,fRi,fRo,fS,good_A,good_B,redo_A,redo_B,sI,sO_A,sO_B,sP_A,sP_B,sQ_A,sQ_Ar,sQ_B,sQ_Br,sRi,sRo,sS
-29139,-31386,-729,-526,-132,-769,-526,-128,-692,-89,28850,37501,-5181,-4216,-683,-718,-412,-491,-280,-687,-701,-347,-369,-720,-33,-247
0.8530429969610198,0.42375257639203456,-1.0,-1.0,-1.0,-1.0,-1.0,-1.0,-1.0,-1.0,0.24336789995097174,0.7198614624171478,0.7469116325012156,0.7758500541106265,-1.0,-1.0,-1.0,-1.0,-1.0,-1.0,-1.0,-1.0,-1.0,-1.0,-1.0,-1.0
