bad_A,bad_B,fI,fO_A,fO_B,fP_A,fp_B,fRi,fRo,fS,good_A,good_B,redo_A,redo_B,sI,sO_A,sO_B,sP_A,sP_B,sQ_A,sQ_Ar,sQ_B,sQ_Br,sRi,sRo,sS
-32808,-35145,-24,-393,-50,-298,-683,-794,-402,-770,36577,39885,-5278,-3876,-143,-622,-17,-371,-272,-35,-363,-775,-567,-551,-619,-151
0.29756781296498924,0.6564968050301562,-1.0,-1.0,-1.0,-1.0,-1.0,-1.0,-1.0,-1.0,0.8651806495467785,0.1558439719595052,0.1291680697992284,0.14140929770193492,-1.0,-1.0,-1.0,-1.0,-1.0,-1.0,-1.0,-1.0,-1.0,-1.0,-1.0,-1.0
