bad_A,bad_B,fI,fO_A,fO_B,fP_A,fp_B,fRi,fRo,fS,good_A,good_B,redo_A,redo_B,sI,sO_A,sO_B,sP_A,sP_B,sQ_A,sQ_Ar,sQ_B,sQ_Br,sRi,sRo,sS
-32545,-23643,-11,-789,-469,-258,-132,-738,-495,-550,28198,28550,-7520,-4802,-591,-345,-393,-125,-28,-153,-50,-767,-25,-574,-459,-30
0.2219746739681397,0.7204040528643971,-1.0,-1.0,-1.0,-1.0,-1.0,-1.0,-1.0,-1.0,0.13523381174600735,0.10466709458246087,0.5299985427422871,0.6895581797564703,-1.0,-1.0,-1.0,-1.0,-1.0,-1.0,-1.0,-1.0,-1.0,-1.0,-1.0,-1.0
