bad_A,bad_B,fI,fO_A,fO_B,fP_A,fp_B,fRi,fRo,fS,good_A,good_B,redo_A,redo_B,sI,sO_A,sO_B,sP_A,sP_B,sQ_A,sQ_Ar,sQ_B,sQ_Br,sRi,sRo,sS
-38220,-22986,-683,-724,-499,-255,-415,-649,-298,-376,25682,21040,-6947,-4828,-565,-745,-662,-378,-311,-557,-169,-657,-767,-41,-183,-92
0.6894611551927606,0.7629226829800971,-1.0,-1.0,-1.0,-1.0,-1.0,-1.0,-1.0,-1.0,0.15365449654471197,0.7138310732810982,0.6465658109488197,0.5873028751903887,-1.0,-1.0,-1.0,-1.0,-1.0,-1.0,-1.0,-1.0,-1.0,-1.0,-1.0,-1.0
