bad_A,bad_B,disc1,disc2,fI,fO_A,fO_B,fP_A,fP_B,fRi,fRo,fS,good_A,good_B,no_disc,pick,put,redo_A,redo_B,sI,sO_A,sO_B,sP_A,sP_B,sQ_A,sQ_Ar,sQ_B,sQ_Br,sRi,sRo,sS,test1,test2,turn1,turn2
-21197,-36809,-235,-777,-763,-520,-387,-222,-407,-676,-543,-454,30352,21627,-119,-410,-169,-8192,-8946,-193,-321,-128,-524,-541,-477,-578,-271,-792,-478,-147,-593,-796,-447,-487,-501
0.8861671843455647,0.17804970176552024,-1.0,-1.0,-1.0,-1.0,-1.0,-1.0,-1.0,-1.0,-1.0,-1.0,0.42289026126355456,0.22416942806214335,-1.0,-1.0,-1.0,0.2590918329200587,0.7009798021188756,-1.0,-1.0,-1.0,-1.0,-1.0,-1.0,-1.0,-1.0,-1.0,-1.0,-1.0,-1.0,-1.0,-1.0,-1.0,-1.0
