bad_A,bad_B,disc1,disc2,fI,fO_A,fO_B,fP_A,fP_B,fRi,fRo,fS,good_A,good_B,no_disc,pick,put,redo_A,redo_B,sI,sO_A,sO_B,sP_A,sP_B,sQ_A,sQ_Ar,sQ_B,sQ_Br,sRi,sRo,sS,test1,test2,turn1,turn2
-32716,-31655,-527,-632,-349,-319,-291,-551,-224,-711,-572,-654,23484,25369,-608,-329,-323,-1729,-1429,-126,-331,-636,-718,-539,-438,-545,-514,-310,-124,-508,-434,-748,-183,-738,-206
0.6306280853122435,0.43740610027501414,-1.0,-1.0,-1.0,-1.0,-1.0,-1.0,-1.0,-1.0,-1.0,-1.0,0.7896562028084758,0.16677810525338332,-1.0,-1.0,-1.0,0.8740184879692238,0.8880580376617492,-1.0,-1.0,-1.0,-1.0,-1.0,-1.0,-1.0,-1.0,-1.0,-1.0,-1.0,-1.0,-1.0,-1.0,-1.0,-1.0
