bad_A,bad_B,disc1,disc2,fI,fO_A,fO_B,fP_A,fP_B,fRi,fRo,fS,good_A,good_B,no_disc,pick,put,redo_A,redo_B,sI,sO_A,sO_B,sP_A,sP_B,sQ_A,sQ_Ar,sQ_B,sQ_Br,sRi,sRo,sS,test1,test2,turn1,turn2
-25611,-33516,-445,-111,-384,-521,-168,-402,-336,-616,-91,-415,27565,27932,-653,-708,-252,-3644,-3651,-283,-752,-554,-434,-672,-758,-151,-669,-341,-294,-65,-514,-387,-760,-283,-359
0.62289358166407,0.3537455631453815,-1.0,-1.0,-1.0,-1.0,-1.0,-1.0,-1.0,-1.0,-1.0,-1.0,0.42655481916945037,0.49756719295191665,-1.0,-1.0,-1.0,0.6752320410705851,0.4853873194717585,-1.0,-1.0,-1.0,-1.0,-1.0,-1.0,-1.0,-1.0,-1.0,-1.0,-1.0,-1.0,-1.0,-1.0,-1.0,-1.0
