bad_A,bad_B,disc1,disc2,fI,fO_A,fO_B,fP_A,fP_B,fRi,fRo,fS,good_A,good_B,no_disc,pick,put,redo_A,redo_B,sI,sO_A,sO_B,sP_A,sP_B,sQ_A,sQ_Ar,sQ_B,sQ_Br,sRi,sRo,sS,test1,test2,turn1,turn2
-26124,-22678,-486,-545,-124,-436,-295,-146,-93,-479,-482,-80,29769,24175,-469,-34,-472,-6382,-3205,-725,-346,-271,-517,-46,-676,-325,-99,-198,-512,-243,-365,-747,-252,-93,-494
0.5615364297824821,0.31652628769672064,-1.0,-1.0,-1.0,-1.0,-1.0,-1.0,-1.0,-1.0,-1.0,-1.0,0.5627793546883888,0.21899843357859583,-1.0,-1.0,-1.0,0.6538806615167608,0.2861369173632857,-1.0,-1.0,-1.0,-1.0,-1.0,-1.0,-1.0,-1.0,-1.0,-1.0,-1.0,-1.0,-1.0,-1.0,-1.0,-1.0
