bad_A,bad_B,disc1,disc2,fI,fO_A,fO_B,fP_A,fP_B,fRi,fRo,fS,good_A,good_B,no_disc,pick,put,redo_A,redo_B,sI,sO_A,sO_B,sP_A,sP_B,sQ_A,sQ_Ar,sQ_B,sQ_Br,sRi,sRo,sS,test1,test2,turn1,turn2
-35522,-21821,-356,-774,-467,-718,-187,-515,-437,-413,-199,-443,25863,26688,-700,-254,-112,-6361,-4104,-313,-246,-232,-257,-376,-524,-648,-319,-674,-395,-334,-66,-472,-512,-666,-21
0.7062094879524444,0.17920986892622884,-1.0,-1.0,-1.0,-1.0,-1.0,-1.0,-1.0,-1.0,-1.0,-1.0,0.8677016623788231,0.5581599788839526,-1.0,-1.0,-1.0,0.5187935245292372,0.6542109558887116,-1.0,-1.0,-1.0,-1.0,-1.0,-1.0,-1.0,-1.0,-1.0,-1.0,-1.0,-1.0,-1.0,-1.0,-1.0,-1.0
