bad_A,bad_B,disc1,disc2,fI,fO_A,fO_B,fP_A,fP_B,fRi,fRo,fS,good_A,good_B,no_disc,pick,put,redo_A,redo_B,sI,sO_A,sO_B,sP_A,sP_B,sQ_A,sQ_Ar,sQ_B,sQ_Br,sRi,sRo,sS,test1,test2,turn1,turn2
-39860,-31983,-700,-225,-727,-550,-481,-514,-119,-21,-609,-479,21417,25885,-212,-239,-156,-2926,-4429,-334,-441,-636,-638,-43,-586,-318,-386,-709,-585,-196,-745,-424,-534,-588,-445
0.7290765624762764,0.7664131410390621,-1.0,-1.0,-1.0,-1.0,-1.0,-1.0,-1.0,-1.0,-1.0,-1.0,0.30461524464383605,0.7220153414350816,-1.0,-1.0,-1.0,0.5396798864065785,0.5438603307106135,-1.0,-1.0,-1.0,-1.0,-1.0,-1.0,-1.0,-1.0,-1.0,-1.0,-1.0,-1.0,-1.0,-1.0,-1.0,-1.0
