bad_A,bad_B,disc1,disc2,fI,fO_A,fO_B,fP_A,fP_B,fRi,fRo,fS,good_A,good_B,no_disc,pick,put,redo_A,redo_B,sI,sO_A,sO_B,sP_A,sP_B,sQ_A,sQ_Ar,sQ_B,sQ_Br,sRi,sRo,sS,test1,test2,turn1,turn2
-29573,-24621,-243,-795,-98,-532,-257,-179,-536,-751,-595,-786,24570,27268,-497,-485,-718,-1772,-4237,-742,-46,-21,-793,-638,-175,-742,-82,-350,-247,-141,-139,-48,-157,-78,-72
0.639668333983493,0.49312012605678424,-1.0,-1.0,-1.0,-1.0,-1.0,-1.0,-1.0,-1.0,-1.0,-1.0,0.5319240143169188,0.3568249030683035,-1.0,-1.0,-1.0,0.5578036750953564,0.6680818743985356,-1.0,-1.0,-1.0,-1.0,-1.0,-1.0,-1.0,-1.0,-1.0,-1.0,-1.0,-1.0,-1.0,-1.0,-1.0,-1.0
