bad_A,bad_B,disc1,disc2,fI,fO_A,fO_B,fP_A,fP_B,fRi,fRo,fS,good_A,good_B,no_disc,pick,put,redo_A,redo_B,sI,sO_A,sO_B,sP_A,sP_B,sQ_A,sQ_Ar,sQ_B,sQ_Br,sRi,sRo,sS,test1,test2,turn1,turn2
-31552,-25284,-153,-326,-37,-31,-333,-291,-675,-756,-51,-703,20199,22697,-154,-182,-704,-8901,-6574,-378,-428,-725,-662,-403,-378,-187,-715,-129,-608,-519,-765,-140,-269,-23,-48
0.37071793548447896,0.6414158025824662,-1.0,-1.0,-1.0,-1.0,-1.0,-1.0,-1.0,-1.0,-1.0,-1.0,0.851640224891751,0.5140939697412623,-1.0,-1.0,-1.0,0.5351760911770896,0.42755915231209396,-1.0,-1.0,-1.0,-1.0,-1.0,-1.0,-1.0,-1.0,-1.0,-1.0,-1.0,-1.0,-1.0,-1.0,-1.0,-1.0
