bad_A,bad_B,disc1,disc2,fI,fO_A,fO_B,fP_A,fP_B,fRi,fRo,fS,good_A,good_B,no_disc,pick,put,redo_A,redo_B,sI,sO_A,sO_B,sP_A,sP_B,sQ_A,sQ_Ar,sQ_B,sQ_Br,sRi,sRo,sS,test1,test2,turn1,turn2
-36159,-22469,-629,-688,-696,-91,-91,-537,-583,-373,-593,-170,20508,39335,-406,-527,-104,-3367,-5682,-358,-343,-269,-653,-784,-501,-114,-517,-436,-291,-102,-185,-726,-305,-413,-13
0.5673993395414552,0.8205157387731496,-1.0,-1.0,-1.0,-1.0,-1.0,-1.0,-1.0,-1.0,-1.0,-1.0,0.4446665082044915,0.5064639307606554,-1.0,-1.0,-1.0,0.3647021493258643,0.31823916153038434,-1.0,-1.0,-1.0,-1.0,-1.0,-1.0,-1.0,-1.0,-1.0,-1.0,-1.0,-1.0,-1.0,-1.0,-1.0,-1.0
