bad_A,bad_B,disc1,disc2,fI,fO_A,fO_B,fP_A,fP_B,fRi,fRo,fS,good_A,good_B,no_disc,pick,put,redo_A,redo_B,sI,sO_A,sO_B,sP_A,sP_B,sQ_A,sQ_Ar,sQ_B,sQ_Br,sRi,sRo,sS,test1,test2,turn1,turn2
-34840,-39092,-473,-141,-84,-560,-21,-625,-140,-290,-327,-409,35559,26112,-798,-357,-659,-2804,-3761,-776,-686,-576,-306,-425,-704,-426,-766,-717,-263,-483,-44,-245,-384,-463,-575
0.3772428053914295,0.7526909708431491,-1.0,-1.0,-1.0,-1.0,-1.0,-1.0,-1.0,-1.0,-1.0,-1.0,0.28267552962817233,0.12761211002798012,-1.0,-1.0,-1.0,0.8520066396253608,0.42059283643728196,-1.0,-1.0,-1.0,-1.0,-1.0,-1.0,-1.0,-1.0,-1.0,-1.0,-1.0,-1.0,-1.0,-1.0,-1.0,-1.0
