bad_A,bad_B,disc1,disc2,fI,fO_A,fO_B,fP_A,fP_B,fRi,fRo,fS,good_A,good_B,no_disc,pick,put,redo_A,redo_B,sI,sO_A,sO_B,sP_A,sP_B,sQ_A,sQ_Ar,sQ_B,sQ_Br,sRi,sRo,sS,test1,test2,turn1,turn2
-36120,-27956,-685,-668,-510,-264,-386,-531,-138,-727,-108,-280,21790,21383,-329,-646,-82,-1054,-2391,-306,-375,-690,-84,-551,-739,-479,-107,-142,-286,-779,-399,-524,-379,-20,-436
0.2775895565211881,0.8663945502392844,-1.0,-1.0,-1.0,-1.0,-1.0,-1.0,-1.0,-1.0,-1.0,-1.0,0.32399139449631803,0.17978054697624357,-1.0,-1.0,-1.0,0.40265163534637727,0.793918257644933,-1.0,-1.0,-1.0,-1.0,-1.0,-1.0,-1.0,-1.0,-1.0,-1.0,-1.0,-1.0,-1.0,-1.0,-1.0,-1.0
