bad_A,bad_B,disc1,disc2,fI,fO_A,fO_B,fP_A,fP_B,fRi,fRo,fS,good_A,good_B,no_disc,pick,put,redo_A,redo_B,sI,sO_A,sO_B,sP_A,sP_B,sQ_A,sQ_Ar,sQ_B,sQ_Br,sRi,sRo,sS,test1,test2,turn1,turn2
-24252,-39792,-692,-587,-447,-271,-408,-679,-567,-694,-548,-744,29505,23120,-306,-248,-763,-1079,-3095,-458,-123,-500,-415,-566,-586,-605,-133,-720,-97,-328,-152,-24,-283,-149,-248
0.13827359050067756,0.8298494213577529,-1.0,-1.0,-1.0,-1.0,-1.0,-1.0,-1.0,-1.0,-1.0,-1.0,0.8357530843746729,0.8001932413674543,-1.0,-1.0,-1.0,0.7573752866591554,0.5944177952370984,-1.0,-1.0,-1.0,-1.0,-1.0,-1.0,-1.0,-1.0,-1.0,-1.0,-1.0,-1.0,-1.0,-1.0,-1.0,-1.0
