bad_A,bad_B,disc1,disc2,fI,fO_A,fO_B,fP_A,fP_B,fRi,fRo,fS,good_A,good_B,no_disc,pick,put,redo_A,redo_B,sI,sO_A,sO_B,sP_A,sP_B,sQ_A,sQ_Ar,sQ_B,sQ_Br,sRi,sRo,sS,test1,test2,turn1,turn2
-28742,-36723,-557,-544,-529,-255,-430,-333,-601,-29,-344,-571,36655,33804,-269,-719,-69,-6379,-2173,-375,-667,-635,-637,-113,-473,-704,-643,-326,-700,-79,-87,-476,-147,-340,-371
0.39545807166285074,0.5315787539644335,-1.0,-1.0,-1.0,-1.0,-1.0,-1.0,-1.0,-1.0,-1.0,-1.0,0.502478923721557,0.2900462903679448,-1.0,-1.0,-1.0,0.6859797435462973,0.362747189460352,-1.0,-1.0,-1.0,-1.0,-1.0,-1.0,-1.0,-1.0,-1.0,-1.0,-1.0,-1.0,-1.0,-1.0,-1.0,-1.0
