bad_A,bad_B,fI,fO_A,fO_B,fP_A,fp_B,fRi,fRo,fS,good_A,good_B,redo_A,redo_B,sI,sO_A,sO_B,sP_A,sP_B,sQ_A,sQ_Ar,sQ_B,sQ_Br,sRi,sRo,sS
-36845,-39490,-562,-699,-417,-461,-406,-468,-104,-261,20233,35111,-3895,-2581,-552,-390,-687,-33,-438,-449,-284,-467,-784,-613,-37,-459
0.8811337156985307,0.4421448871402447,-1.0,-1.0,-1.0,-1.0,-1.0,-1.0,-1.0,-1.0,0.8790753031591315,0.23689351989076607,0.26182827955845966,0.3318689829425756,-1.0,-1.0,-1.0,-1.0,-1.0,-1.0,-1.0,-1.0,-1.0,-1.0,-1.0,-1.0
