bad_A,bad_B,fI,fO_A,fO_B,fP_A,fp_B,fRi,fRo,fS,good_A,good_B,redo_A,redo_B,sI,sO_A,sO_B,sP_A,sP_B,sQ_A,sQ_Ar,sQ_B,sQ_Br,sRi,sRo,sS
-28942,-27660,-124,-65,-750,-527,-31,-402,-127,-749,20103,32815,-5027,-6663,-762,-210,-36,-45,-178,-179,-382,-502,-413,-92,-777,-440
0.7768254322474596,0.14839589095207162,-1.0,-1.0,-1.0,-1.0,-1.0,-1.0,-1.0,-1.0,0.4768905371082751,0.8565775568323032,0.40634052685396604,0.6038287030804484,-1.0,-1.0,-1.0,-1.0,-1.0,-1.0,-1.0,-1.0,-1.0,-1.0,-1.0,-1.0
