bad_A,bad_B,fI,fO_A,fO_B,fP_A,fp_B,fRi,fRo,fS,good_A,good_B,redo_A,redo_B,sI,sO_A,sO_B,sP_A,sP_B,sQ_A,sQ_Ar,sQ_B,sQ_Br,sRi,sRo,sS
-27784,-29295,-362,-489,-659,-651,-56,-235,-11,-59,30040,23172,-4407,-5869,-678,-125,-300,-307,-103,-47,-237,-479,-616,-42,-753,-468
0.38926183877718323,0.6121302330516964,-1.0,-1.0,-1.0,-1.0,-1.0,-1.0,-1.0,-1.0,0.5317240740937955,0.3700174032992599,0.6018424431351368,0.6480777107681066,-1.0,-1.0,-1.0,-1.0,-1.0,-1.0,-1.0,-1.0,-1.0,-1.0,-1.0,-1.0
