bad_A,bad_B,fI,fO_A,fO_B,fP_A,fp_B,fRi,fRo,fS,good_A,good_B,redo_A,redo_B,sI,sO_A,sO_B,sP_A,sP_B,sQ_A,sQ_Ar,sQ_B,sQ_Br,sRi,sRo,sS
-39741,-20248,-167,-778,-531,-718,-614,-500,-680,-546,24356,26676,-6651,-5903,-425,-252,-442,-159,-246,-732,-58,-471,-333,-456,-248,-420
0.7914576182443425,0.3483504969131624,-1.0,-1.0,-1.0,-1.0,-1.0,-1.0,-1.0,-1.0,0.6171341057083077,0.3564798349106998,0.8922787864131924,0.3917404481625626,-1.0,-1.0,-1.0,-1.0,-1.0,-1.0,-1.0,-1.0,-1.0,-1.0,-1.0,-1.0
