bad_A,bad_B,fI,fO_A,fO_B,fP_A,fp_B,fRi,fRo,fS,good_A,good_B,redo_A,redo_B,sI,sO_A,sO_B,sP_A,sP_B,sQ_A,sQ_Ar,sQ_B,sQ_Br,sRi,sRo,sS
-36820,-26701,-354,-195,-229,-430,-123,-788,-736,-578,26814,37953,-3000,-4755,-508,-697,-462,-303,-12,-85,-218,-469,-58,-181,-298,-625
0.34471013713031107,0.46955630216431465,-1.0,-1.0,-1.0,-1.0,-1.0,-1.0,-1.0,-1.0,0.4629836433072235,0.3550753222380413,0.3450695860578916,0.7474159007624316,-1.0,-1.0,-1.0,-1.0,-1.0,-1.0,-1.0,-1.0,-1.0,-1.0,-1.0,-1.0
