bad_A,bad_B,fI,fO_A,fO_B,fP_A,fp_B,fRi,fRo,fS,good_A,good_B,redo_A,redo_B,sI,sO_A,sO_B,sP_A,sP_B,sQ_A,sQ_Ar,sQ_B,sQ_Br,sRi,sRo,sS
-33191,-32723,-763,-198,-16,-371,-614,-655,-623,-271,23388,20249,-8193,-1690,-125,-173,-141,-488,-690,-751,-651,-349,-349,-437,-362,-532
0.4996420210350603,0.14576919583163914,-1.0,-1.0,-1.0,-1.0,-1.0,-1.0,-1.0,-1.0,0.24278754501679353,0.44278763966702506,0.6880863601090924,0.5497270924132192,-1.0,-1.0,-1.0,-1.0,-1.0,-1.0,-1.0,-1.0,-1.0,-1.0,-1.0,-1.0
