bad_A,bad_B,fI,fO_A,fO_B,fP_A,fp_B,fRi,fRo,fS,good_A,good_B,redo_A,redo_B,sI,sO_A,sO_B,sP_A,sP_B,sQ_A,sQ_Ar,sQ_B,sQ_Br,sRi,sRo,sS
-31301,-31490,-340,-457,-58,-526,-779,-418,-762,-782,25578,31671,-5139,-1759,-533,-484,-528,-310,-276,-681,-393,-130,-713,-164,-70,-700
0.7163618940850751,0.8565147535361007,-1.0,-1.0,-1.0,-1.0,-1.0,-1.0,-1.0,-1.0,0.21306475078782647,0.8801815586138954,0.5066106008286874,0.24214101833652324,-1.0,-1.0,-1.0,-1.0,-1.0,-1.0,-1.0,-1.0,-1.0,-1.0,-1.0,-1.0
