bad_A,bad_B,disc1,disc2,fI,fO_A,fO_B,fP_A,fP_B,fRi,fRo,fS,good_A,good_B,no_disc,pick,put,redo_A,redo_B,sI,sO_A,sO_B,sP_A,sP_B,sQ_A,sQ_Ar,sQ_B,sQ_Br,sRi,sRo,sS,test1,test2,turn1,turn2
-24501,-27591,-131,-460,-304,-602,-116,-487,-320,-457,-708,-338,29752,25290,-391,-248,-531,-5463,-2319,-393,-369,-289,-268,-717,-529,-433,-241,-352,-112,-107,-644,-529,-275,-608,-213
0.26261660263421005,0.6896171808970835,-1.0,-1.0,-1.0,-1.0,-1.0,-1.0,-1.0,-1.0,-1.0,-1.0,0.81619156395407,0.1379477837985033,-1.0,-1.0,-1.0,0.5088943611776849,0.26562172000284734,-1.0,-1.0,-1.0,-1.0,-1.0,-1.0,-1.0,-1.0,-1.0,-1.0,-1.0,-1.0,-1.0,-1.0,-1.0,-1.0
