bad_A,bad_B,disc1,disc2,fI,fO_A,fO_B,fP_A,fP_B,fRi,fRo,fS,good_A,good_B,no_disc,pick,put,redo_A,redo_B,sI,sO_A,sO_B,sP_A,sP_B,sQ_A,sQ_Ar,sQ_B,sQ_Br,sRi,sRo,sS,test1,test2,turn1,turn2
-27066,-35966,-793,-696,-33,-582,-56,-22,-395,-538,-22,-481,31730,29889,-569,-543,-159,-1206,-8151,-222,-542,-642,-727,-775,-419,-61,-28,-88,-10,-280,-344,-162,-375,-485,-766
0.375230272212871,0.6297467565835102,-1.0,-1.0,-1.0,-1.0,-1.0,-1.0,-1.0,-1.0,-1.0,-1.0,0.8237890608274144,0.558622673392489,-1.0,-1.0,-1.0,0.8385633709177828,0.11303969175314572,-1.0,-1.0,-1.0,-1.0,-1.0,-1.0,-1.0,-1.0,-1.0,-1.0,-1.0,-1.0,-1.0,-1.0,-1.0,-1.0
