bad_A,bad_B,disc1,disc2,fI,fO_A,fO_B,fP_A,fP_B,fRi,fRo,fS,good_A,good_B,no_disc,pick,put,redo_A,redo_B,sI,sO_A,sO_B,sP_A,sP_B,sQ_A,sQ_Ar,sQ_B,sQ_Br,sRi,sRo,sS,test1,test2,turn1,turn2
-23778,-28837,-597,-666,-607,-770,-132,-141,-133,-93,-67,-443,32027,22368,-415,-136,-462,-6099,-5772,-153,-343,-210,-92,-500,-543,-493,-397,-252,-295,-342,-44,-263,-643,-785,-247
0.7172360400897699,0.4868004646793803,-1.0,-1.0,-1.0,-1.0,-1.0,-1.0,-1.0,-1.0,-1.0,-1.0,0.6848615578453502,0.8432717079201218,-1.0,-1.0,-1.0,0.37362636832658147,0.47191292633142834,-1.0,-1.0,-1.0,-1.0,-1.0,-1.0,-1.0,-1.0,-1.0,-1.0,-1.0,-1.0,-1.0,-1.0,-1.0,-1.0
