bad_A,bad_B,disc1,disc2,fI,fO_A,fO_B,fP_A,fP_B,fRi,fRo,fS,good_A,good_B,no_disc,pick,put,redo_A,redo_B,sI,sO_A,sO_B,sP_A,sP_B,sQ_A,sQ_Ar,sQ_B,sQ_Br,sRi,sRo,sS,test1,test2,turn1,turn2
-22270,-29913,-650,-646,-255,-711,-296,-607,-40,-662,-543,-682,21103,35199,-169,-785,-239,-1978,-1043,-345,-80,-525,-634,-136,-161,-610,-25,-320,-140,-784,-304,-91,-648,-413,-485
0.3693785716099178,0.831014212420201,-1.0,-1.0,-1.0,-1.0,-1.0,-1.0,-1.0,-1.0,-1.0,-1.0,0.7342076480567598,0.43513176684085575,-1.0,-1.0,-1.0,0.8621020493870324,0.49292024044587035,-1.0,-1.0,-1.0,-1.0,-1.0,-1.0,-1.0,-1.0,-1.0,-1.0,-1.0,-1.0,-1.0,-1.0,-1.0,-1.0
