bad_A,bad_B,disc1,disc2,fI,fO_A,fO_B,fP_A,fP_B,fRi,fRo,fS,good_A,good_B,no_disc,pick,put,redo_A,redo_B,sI,sO_A,sO_B,sP_A,sP_B,sQ_A,sQ_Ar,sQ_B,sQ_Br,sRi,sRo,sS,test1,test2,turn1,turn2
-28988,-21938,-518,-704,-206,-682,-705,-216,-791,-687,-361,-327,22579,20651,-111,-372,-702,-7450,-2347,-648,-266,-452,-186,-146,-758,-146,-103,-687,-92,-729,-696,-430,-302,-423,-287
0.3416423454553629,0.19128981994270822,-1.0,-1.0,-1.0,-1.0,-1.0,-1.0,-1.0,-1.0,-1.0,-1.0,0.18033813954643607,0.682523716945,-1.0,-1.0,-1.0,0.21898154427856104,0.6648508621449599,-1.0,-1.0,-1.0,-1.0,-1.0,-1.0,-1.0,-1.0,-1.0,-1.0,-1.0,-1.0,-1.0,-1.0,-1.0,-1.0
