bad_A,bad_B,disc1,disc2,fI,fO_A,fO_B,fP_A,fP_B,fRi,fRo,fS,good_A,good_B,no_disc,pick,put,redo_A,redo_B,sI,sO_A,sO_B,sP_A,sP_B,sQ_A,sQ_Ar,sQ_B,sQ_Br,sRi,sRo,sS,test1,test2,turn1,turn2
-37662,-26112,-543,-512,-228,-748,-770,-416,-756,-389,-455,-79,24166,32142,-57,-740,-143,-2703,-8887,-558,-107,-657,-142,-76,-538,-724,-28,-417,-587,-660,-747,-358,-393,-714,-182
0.1964863025741222,0.5060709023494009,-1.0,-1.0,-1.0,-1.0,-1.0,-1.0,-1.0,-1.0,-1.0,-1.0,0.5130633919110869,0.7967626920046325,-1.0,-1.0,-1.0,0.8286285765530303,0.48536629974259304,-1.0,-1.0,-1.0,-1.0,-1.0,-1.0,-1.0,-1.0,-1.0,-1.0,-1.0,-1.0,-1.0,-1.0,-1.0,-1.0
