bad_A,bad_B,disc1,disc2,fI,fO_A,fO_B,fP_A,fP_B,fRi,fRo,fS,good_A,good_B,no_disc,pick,put,redo_A,redo_B,sI,sO_A,sO_B,sP_A,sP_B,sQ_A,sQ_Ar,sQ_B,sQ_Br,sRi,sRo,sS,test1,test2,turn1,turn2
-37296,-32695,-161,-185,-80,-119,-253,-63,-747,-348,-78,-203,32474,36682,-505,-186,-478,-5251,-1718,-259,-151,-647,-772,-336,-539,-303,-383,-29,-701,-575,-473,-244,-452,-170,-246
0.33645166952320016,0.6655116334304532,-1.0,-1.0,-1.0,-1.0,-1.0,-1.0,-1.0,-1.0,-1.0,-1.0,0.1755749797632049,0.8453841052226655,-1.0,-1.0,-1.0,0.4699250778554135,0.47692798419523075,-1.0,-1.0,-1.0,-1.0,-1.0,-1.0,-1.0,-1.0,-1.0,-1.0,-1.0,-1.0,-1.0,-1.0,-1.0,-1.0
