bad_A,bad_B,disc1,disc2,fI,fO_A,fO_B,fP_A,fP_B,fRi,fRo,fS,good_A,good_B,no_disc,pick,put,redo_A,redo_B,sI,sO_A,sO_B,sP_A,sP_B,sQ_A,sQ_Ar,sQ_B,sQ_Br,sRi,sRo,sS,test1,test2,turn1,turn2
-20672,-31270,-317,-363,-539,-205,-617,-710,-26,-115,-583,-470,31628,27967,-779,-489,-207,-1776,-8442,-551,-777,-627,-147,-316,-269,-440,-329,-342,-543,-417,-452,-199,-395,-410,-648
0.14482359536132963,0.5514673235792599,-1.0,-1.0,-1.0,-1.0,-1.0,-1.0,-1.0,-1.0,-1.0,-1.0,0.13327007443850897,0.5835719717538767,-1.0,-1.0,-1.0,0.44336556478575706,0.70353088679529,-1.0,-1.0,-1.0,-1.0,-1.0,-1.0,-1.0,-1.0,-1.0,-1.0,-1.0,-1.0,-1.0,-1.0,-1.0,-1.0
