bad_A,bad_B,disc1,disc2,fI,fO_A,fO_B,fP_A,fP_B,fRi,fRo,fS,good_A,good_B,no_disc,pick,put,redo_A,redo_B,sI,sO_A,sO_B,sP_A,sP_B,sQ_A,sQ_Ar,sQ_B,sQ_Br,sRi,sRo,sS,test1,test2,turn1,turn2
-31589,-38271,-120,-113,-782,-513,-83,-246,-509,-442,-528,-482,24097,35519,-433,-458,-757,-5320,-6069,-464,-240,-110,-216,-631,-177,-94,-97,-630,-678,-352,-544,-218,-759,-477,-279
0.7010194547780685,0.3907918870309789,-1.0,-1.0,-1.0,-1.0,-1.0,-1.0,-1.0,-1.0,-1.0,-1.0,0.8243281379948842,0.8899232033971759,-1.0,-1.0,-1.0,0.5010340249324388,0.21088699963119587,-1.0,-1.0,-1.0,-1.0,-1.0,-1.0,-1.0,-1.0,-1.0,-1.0,-1.0,-1.0,-1.0,-1.0,-1.0,-1.0
