bad_A,bad_B,disc1,disc2,fI,fO_A,fO_B,fP_A,fP_B,fRi,fRo,fS,good_A,good_B,no_disc,pick,put,redo_A,redo_B,sI,sO_A,sO_B,sP_A,sP_B,sQ_A,sQ_Ar,sQ_B,sQ_Br,sRi,sRo,sS,test1,test2,turn1,turn2
-23592,-31503,-426,-546,-652,-613,-336,-470,-602,-306,-481,-304,32589,27949,-268,-682,-595,-3574,-5532,-778,-561,-593,-316,-38,-333,-94,-281,-415,-275,-186,-37,-340,-86,-361,-342
0.37285870263622556,0.23428120678992298,-1.0,-1.0,-1.0,-1.0,-1.0,-1.0,-1.0,-1.0,-1.0,-1.0,0.697042817891724,0.2815653805168278,-1.0,-1.0,-1.0,0.4857273267104072,0.7987563570546523,-1.0,-1.0,-1.0,-1.0,-1.0,-1.0,-1.0,-1.0,-1.0,-1.0,-1.0,-1.0,-1.0,-1.0,-1.0,-1.0
