bad_A,bad_B,disc1,disc2,fI,fO_A,fO_B,fP_A,fP_B,fRi,fRo,fS,good_A,good_B,no_disc,pick,put,redo_A,redo_B,sI,sO_A,sO_B,sP_A,sP_B,sQ_A,sQ_Ar,sQ_B,sQ_Br,sRi,sRo,sS,test1,test2,turn1,turn2
-39916,-33327,-694,-682,-56,-710,-552,-618,-597,-446,-361,-80,21099,36698,-692,-758,-349,-3590,-3437,-720,-80,-726,-341,-52,-324,-757,-415,-687,-632,-520,-498,-156,-678,-389,-596
0.4522611482061154,0.7676508229559327,-1.0,-1.0,-1.0,-1.0,-1.0,-1.0,-1.0,-1.0,-1.0,-1.0,0.28581451729315177,0.4514721438438476,-1.0,-1.0,-1.0,0.4594238868594952,0.7125189635418104,-1.0,-1.0,-1.0,-1.0,-1.0,-1.0,-1.0,-1.0,-1.0,-1.0,-1.0,-1.0,-1.0,-1.0,-1.0,-1.0
