bad_A,bad_B,disc1,disc2,fI,fO_A,fO_B,fP_A,fP_B,fRi,fRo,fS,good_A,good_B,no_disc,pick,put,redo_A,redo_B,sI,sO_A,sO_B,sP_A,sP_B,sQ_A,sQ_Ar,sQ_B,sQ_Br,sRi,sRo,sS,test1,test2,turn1,turn2
-27672,-33738,-232,-178,-237,-536,-514,-349,-238,-23,-525,-347,38221,36839,-692,-609,-35,-4920,-8636,-309,-725,-55,-393,-599,-390,-454,-589,-344,-237,-489,-445,-108,-697,-308,-343
0.43848386991368704,0.5168745066272995,-1.0,-1.0,-1.0,-1.0,-1.0,-1.0,-1.0,-1.0,-1.0,-1.0,0.6619541922718012,0.2827806333995314,-1.0,-1.0,-1.0,0.1484504297280343,0.8335168324587068,-1.0,-1.0,-1.0,-1.0,-1.0,-1.0,-1.0,-1.0,-1.0,-1.0,-1.0,-1.0,-1.0,-1.0,-1.0,-1.0
