bad_A,bad_B,disc1,disc2,fI,fO_A,fO_B,fP_A,fP_B,fRi,fRo,fS,good_A,good_B,no_disc,pick,put,redo_A,redo_B,sI,sO_A,sO_B,sP_A,sP_B,sQ_A,sQ_Ar,sQ_B,sQ_Br,sRi,sRo,sS,test1,test2,turn1,turn2
-20039,-36537,-396,-626,-79,-315,-792,-178,-525,-28,-314,-116,30858,29392,-467,-313,-356,-8771,-7501,-589,-194,-441,-640,-758,-588,-761,-674,-388,-703,-747,-170,-616,-185,-308,-728
0.45825732221439086,0.2353574979983332,-1.0,-1.0,-1.0,-1.0,-1.0,-1.0,-1.0,-1.0,-1.0,-1.0,0.6618857059013984,0.22802960427590532,-1.0,-1.0,-1.0,0.15775199926137465,0.25562299686926004,-1.0,-1.0,-1.0,-1.0,-1.0,-1.0,-1.0,-1.0,-1.0,-1.0,-1.0,-1.0,-1.0,-1.0,-1.0,-1.0
