bad_A,bad_B,disc1,disc2,fI,fO_A,fO_B,fP_A,fP_B,fRi,fRo,fS,good_A,good_B,no_disc,pick,put,redo_A,redo_B,sI,sO_A,sO_B,sP_A,sP_B,sQ_A,sQ_Ar,sQ_B,sQ_Br,sRi,sRo,sS,test1,test2,turn1,turn2
-21062,-33323,-555,-287,-409,-660,-439,-588,-488,-510,-499,-94,38699,22310,-621,-126,-61,-7565,-2423,-88,-39,-617,-131,-432,-241,-500,-735,-458,-620,-93,-105,-364,-679,-164,-183
0.8305461087093556,0.6374925760409809,-1.0,-1.0,-1.0,-1.0,-1.0,-1.0,-1.0,-1.0,-1.0,-1.0,0.6153165571448829,0.7773210820685343,-1.0,-1.0,-1.0,0.5507356238990261,0.47676828656117864,-1.0,-1.0,-1.0,-1.0,-1.0,-1.0,-1.0,-1.0,-1.0,-1.0,-1.0,-1.0,-1.0,-1.0,-1.0,-1.0
