bad_A,bad_B,disc1,disc2,fI,fO_A,fO_B,fP_A,fP_B,fRi,fRo,fS,good_A,good_B,no_disc,pick,put,redo_A,redo_B,sI,sO_A,sO_B,sP_A,sP_B,sQ_A,sQ_Ar,sQ_B,sQ_Br,sRi,sRo,sS,test1,test2,turn1,turn2
-30697,-20140,-310,-144,-507,-584,-134,-364,-453,-464,-495,-379,37834,35655,-254,-124,-344,-7500,-5260,-713,-237,-78,-596,-152,-749,-192,-227,-362,-230,-98,-625,-488,-43,-612,-720
0.48177538007251497,0.7136514886806381,-1.0,-1.0,-1.0,-1.0,-1.0,-1.0,-1.0,-1.0,-1.0,-1.0,0.7493646476893806,0.5562630513605538,-1.0,-1.0,-1.0,0.37791044915419114,0.3424495065050781,-1.0,-1.0,-1.0,-1.0,-1.0,-1.0,-1.0,-1.0,-1.0,-1.0,-1.0,-1.0,-1.0,-1.0,-1.0,-1.0
