bad_A,bad_B,disc1,disc2,fI,fO_A,fO_B,fP_A,fP_B,fRi,fRo,fS,good_A,good_B,no_disc,pick,put,redo_A,redo_B,sI,sO_A,sO_B,sP_A,sP_B,sQ_A,sQ_Ar,sQ_B,sQ_Br,sRi,sRo,sS,test1,test2,turn1,turn2
-23783,-25574,-459,-501,-96,-271,-787,-462,-560,-253,-123,-44,31003,26052,-30,-299,-179,-4438,-7128,-156,-587,-557,-119,-365,-294,-591,-324,-797,-461,-690,-369,-772,-647,-736,-44
0.8110931746541823,0.8674990487970449,-1.0,-1.0,-1.0,-1.0,-1.0,-1.0,-1.0,-1.0,-1.0,-1.0,0.34803035923845993,0.6837413729654571,-1.0,-1.0,-1.0,0.37143231594613757,0.203827285408717,-1.0,-1.0,-1.0,-1.0,-1.0,-1.0,-1.0,-1.0,-1.0,-1.0,-1.0,-1.0,-1.0,-1.0,-1.0,-1.0
