bad_A,bad_B,disc1,disc2,fI,fO_A,fO_B,fP_A,fP_B,fRi,fRo,fS,good_A,good_B,no_disc,pick,put,redo_A,redo_B,sI,sO_A,sO_B,sP_A,sP_B,sQ_A,sQ_Ar,sQ_B,sQ_Br,sRi,sRo,sS,test1,test2,turn1,turn2
-30290,-24825,-478,-203,-15,-456,-588,-729,-302,-110,-321,-270,37218,29575,-295,-288,-412,-2291,-5866,-515,-150,-527,-352,-314,-541,-586,-231,-621,-313,-180,-670,-557,-57,-676,-255
0.6861396522328336,0.8882838333047057,-1.0,-1.0,-1.0,-1.0,-1.0,-1.0,-1.0,-1.0,-1.0,-1.0,0.8211773498467256,0.21026895451220773,-1.0,-1.0,-1.0,0.8719891468389214,0.46473235249716427,-1.0,-1.0,-1.0,-1.0,-1.0,-1.0,-1.0,-1.0,-1.0,-1.0,-1.0,-1.0,-1.0,-1.0,-1.0,-1.0
