bad_A,bad_B,disc1,disc2,fI,fO_A,fO_B,fP_A,fP_B,fRi,fRo,fS,good_A,good_B,no_disc,pick,put,redo_A,redo_B,sI,sO_A,sO_B,sP_A,sP_B,sQ_A,sQ_Ar,sQ_B,sQ_Br,sRi,sRo,sS,test1,test2,turn1,turn2
-31577,-28571,-201,-549,-439,-268,-144,-708,-194,-572,-439,-217,23785,34674,-431,-535,-560,-7839,-2607,-272,-642,-257,-616,-381,-773,-57,-199,-377,-531,-174,-624,-648,-275,-178,-233
0.12559126751735405,0.784087737860109,-1.0,-1.0,-1.0,-1.0,-1.0,-1.0,-1.0,-1.0,-1.0,-1.0,0.790083768574256,0.7552668809712457,-1.0,-1.0,-1.0,0.12731749606315879,0.6176048862025405,-1.0,-1.0,-1.0,-1.0,-1.0,-1.0,-1.0,-1.0,-1.0,-1.0,-1.0,-1.0,-1.0,-1.0,-1.0,-1.0
