bad_A,bad_B,disc1,disc2,fI,fO_A,fO_B,fP_A,fP_B,fRi,fRo,fS,good_A,good_B,no_disc,pick,put,redo_A,redo_B,sI,sO_A,sO_B,sP_A,sP_B,sQ_A,sQ_Ar,sQ_B,sQ_Br,sRi,sRo,sS,test1,test2,turn1,turn2
-22275,-31006,-757,-746,-721,-534,-321,-213,-195,-159,-512,-346,31075,36221,-166,-685,-621,-1685,-3717,-157,-130,-167,-621,-781,-627,-429,-405,-718,-781,-728,-636,-545,-766,-611,-434
0.45787711113613794,0.3200326036697335,-1.0,-1.0,-1.0,-1.0,-1.0,-1.0,-1.0,-1.0,-1.0,-1.0,0.6546318538150464,0.5380521902529345,-1.0,-1.0,-1.0,0.2868626005281765,0.4909256967438195,-1.0,-1.0,-1.0,-1.0,-1.0,-1.0,-1.0,-1.0,-1.0,-1.0,-1.0,-1.0,-1.0,-1.0,-1.0,-1.0
