bad_A,bad_B,disc1,disc2,fI,fO_A,fO_B,fP_A,fP_B,fRi,fRo,fS,good_A,good_B,no_disc,pick,put,redo_A,redo_B,sI,sO_A,sO_B,sP_A,sP_B,sQ_A,sQ_Ar,sQ_B,sQ_Br,sRi,sRo,sS,test1,test2,turn1,turn2
-37519,-22029,-511,-718,-544,-18,-450,-233,-133,-671,-736,-39,31021,31621,-172,-329,-725,-2389,-2798,-753,-617,-317,-563,-445,-101,-409,-158,-335,-175,-21,-182,-583,-140,-216,-724
0.5464448107063075,0.23884773779330226,-1.0,-1.0,-1.0,-1.0,-1.0,-1.0,-1.0,-1.0,-1.0,-1.0,0.3157835650139481,0.8189387922107957,-1.0,-1.0,-1.0,0.1842176457494417,0.4941601605372934,-1.0,-1.0,-1.0,-1.0,-1.0,-1.0,-1.0,-1.0,-1.0,-1.0,-1.0,-1.0,-1.0,-1.0,-1.0,-1.0
