bad_A,bad_B,disc1,disc2,fI,fO_A,fO_B,fP_A,fP_B,fRi,fRo,fS,good_A,good_B,no_disc,pick,put,redo_A,redo_B,sI,sO_A,sO_B,sP_A,sP_B,sQ_A,sQ_Ar,sQ_B,sQ_Br,sRi,sRo,sS,test1,test2,turn1,turn2
-34124,-32044,-258,-371,-279,-535,-762,-144,-613,-146,-557,-765,20172,29921,-534,-355,-159,-6513,-4113,-442,-521,-536,-529,-609,-140,-506,-503,-569,-494,-77,-430,-376,-90,-286,-323
0.4823473760609689,0.7248890913865632,-1.0,-1.0,-1.0,-1.0,-1.0,-1.0,-1.0,-1.0,-1.0,-1.0,0.23201487447083435,0.3486500335760677,-1.0,-1.0,-1.0,0.6192520018669877,0.8676342426473984,-1.0,-1.0,-1.0,-1.0,-1.0,-1.0,-1.0,-1.0,-1.0,-1.0,-1.0,-1.0,-1.0,-1.0,-1.0,-1.0
