bad_A,bad_B,disc1,disc2,fI,fO_A,fO_B,fP_A,fP_B,fRi,fRo,fS,good_A,good_B,no_disc,pick,put,redo_A,redo_B,sI,sO_A,sO_B,sP_A,sP_B,sQ_A,sQ_Ar,sQ_B,sQ_Br,sRi,sRo,sS,test1,test2,turn1,turn2
-23688,-28806,-733,-167,-87,-467,-179,-112,-580,-424,-155,-789,33456,33762,-661,-188,-566,-5604,-6060,-173,-279,-232,-648,-409,-14,-205,-467,-444,-217,-368,-147,-652,-53,-258,-448
0.6310281842307712,0.17703703677016025,-1.0,-1.0,-1.0,-1.0,-1.0,-1.0,-1.0,-1.0,-1.0,-1.0,0.4226047576430464,0.5516754143522994,-1.0,-1.0,-1.0,0.779921094104682,0.7946350378041869,-1.0,-1.0,-1.0,-1.0,-1.0,-1.0,-1.0,-1.0,-1.0,-1.0,-1.0,-1.0,-1.0,-1.0,-1.0,-1.0
