bad_A,bad_B,disc1,disc2,fI,fO_A,fO_B,fP_A,fP_B,fRi,fRo,fS,good_A,good_B,no_disc,pick,put,redo_A,redo_B,sI,sO_A,sO_B,sP_A,sP_B,sQ_A,sQ_Ar,sQ_B,sQ_Br,sRi,sRo,sS,test1,test2,turn1,turn2
-35696,-24491,-73,-43,-632,-253,-239,-373,-304,-537,-77,-182,20165,38378,-750,-98,-345,-4987,-5022,-264,-328,-470,-163,-641,-331,-717,-629,-278,-52,-177,-674,-625,-450,-485,-409
0.21731060150880516,0.8572798140273844,-1.0,-1.0,-1.0,-1.0,-1.0,-1.0,-1.0,-1.0,-1.0,-1.0,0.2599078530029302,0.45568093697827805,-1.0,-1.0,-1.0,0.4338507067234294,0.15033870846445493,-1.0,-1.0,-1.0,-1.0,-1.0,-1.0,-1.0,-1.0,-1.0,-1.0,-1.0,-1.0,-1.0,-1.0,-1.0,-1.0
