bad_A,bad_B,disc1,disc2,fI,fO_A,fO_B,fP_A,fP_B,fRi,fRo,fS,good_A,good_B,no_disc,pick,put,redo_A,redo_B,sI,sO_A,sO_B,sP_A,sP_B,sQ_A,sQ_Ar,sQ_B,sQ_Br,sRi,sRo,sS,test1,test2,turn1,turn2
-32878,-20003,-224,-607,-585,-71,-199,-533,-81,-659,-369,-210,21779,21191,-185,-53,-57,-8469,-5825,-744,-304,-111,-21,-487,-699,-705,-186,-429,-387,-721,-433,-428,-85,-650,-443
0.6597548759414573,0.8959684489870141,-1.0,-1.0,-1.0,-1.0,-1.0,-1.0,-1.0,-1.0,-1.0,-1.0,0.27304769423512576,0.31417932694759776,-1.0,-1.0,-1.0,0.14016115120543163,0.5272992039584595,-1.0,-1.0,-1.0,-1.0,-1.0,-1.0,-1.0,-1.0,-1.0,-1.0,-1.0,-1.0,-1.0,-1.0,-1.0,-1.0
