bad_A,bad_B,disc1,disc2,fI,fO_A,fO_B,fP_A,fP_B,fRi,fRo,fS,good_A,good_B,no_disc,pick,put,redo_A,redo_B,sI,sO_A,sO_B,sP_A,sP_B,sQ_A,sQ_Ar,sQ_B,sQ_Br,sRi,sRo,sS,test1,test2,turn1,turn2
-27835,-39123,-313,-242,-113,-620,-733,-567,-184,-522,-277,-694,20429,39358,-800,-523,-369,-4235,-8120,-552,-343,-366,-733,-580,-710,-722,-515,-684,-250,-570,-749,-545,-471,-535,-624
0.17777849706967555,0.5585863058556592,-1.0,-1.0,-1.0,-1.0,-1.0,-1.0,-1.0,-1.0,-1.0,-1.0,0.885901584509288,0.6110501489010344,-1.0,-1.0,-1.0,0.5007794208330131,0.424722143676284,-1.0,-1.0,-1.0,-1.0,-1.0,-1.0,-1.0,-1.0,-1.0,-1.0,-1.0,-1.0,-1.0,-1.0,-1.0,-1.0
