bad_A,bad_B,disc1,disc2,fI,fO_A,fO_B,fP_A,fP_B,fRi,fRo,fS,good_A,good_B,no_disc,pick,put,redo_A,redo_B,sI,sO_A,sO_B,sP_A,sP_B,sQ_A,sQ_Ar,sQ_B,sQ_Br,sRi,sRo,sS,test1,test2,turn1,turn2
-33223,-31380,-768,-162,-484,-351,-23,-260,-718,-279,-517,-577,33381,22524,-139,-676,-116,-8853,-2532,-430,-384,-705,-755,-215,-348,-589,-445,-782,-588,-547,-641,-91,-406,-478,-349
0.5715282724742299,0.7631063766499521,-1.0,-1.0,-1.0,-1.0,-1.0,-1.0,-1.0,-1.0,-1.0,-1.0,0.40359359604753664,0.5563707742817188,-1.0,-1.0,-1.0,0.43514102346858274,0.40950290042079796,-1.0,-1.0,-1.0,-1.0,-1.0,-1.0,-1.0,-1.0,-1.0,-1.0,-1.0,-1.0,-1.0,-1.0,-1.0,-1.0
