bad_A,bad_B,fI,fO_A,fO_B,fP_A,fp_B,fRi,fRo,fS,good_A,good_B,redo_A,redo_B,sI,sO_A,sO_B,sP_A,sP_B,sQ_A,sQ_Ar,sQ_B,sQ_Br,sRi,sRo,sS
-24603,-28666,-466,-152,-130,-317,-577,-42,-590,-145,38810,22792,-5384,-7425,-276,-247,-417,-314,-24,-687,-356,-532,-790,-290,-495,-10
0.5446024081525248,0.8854173156322752,-1.0,-1.0,-1.0,-1.0,-1.0,-1.0,-1.0,-1.0,0.5642536282723932,0.7835987808354176,0.7544273714581088,0.42495230249498517,-1.0,-1.0,-1.0,-1.0,-1.0,-1.0,-1.0,-1.0,-1.0,-1.0,-1.0,-1.0
