bad_A,bad_B,fI,fO_A,fO_B,fP_A,fp_B,fRi,fRo,fS,good_A,good_B,redo_A,redo_B,sI,sO_A,sO_B,sP_A,sP_B,sQ_A,sQ_Ar,sQ_B,sQ_Br,sRi,sRo,sS
-29599,-21127,-258,-670,-170,-408,-313,-765,-156,-403,23330,23819,-7549,-8442,-186,-600,-688,-148,-289,-721,-372,-76,-408,-800,-452,-656
0.18917930900716817,0.5535942185701264,-1.0,-1.0,-1.0,-1.0,-1.0,-1.0,-1.0,-1.0,0.6559236687799262,0.7168187254945475,0.7270698214319561,0.42541710178046244,-1.0,-1.0,-1.0,-1.0,-1.0,-1.0,-1.0,-1.0,-1.0,-1.0,-1.0,-1.0
