bad_A,bad_B,disc1,disc2,fI,fO_A,fO_B,fP_A,fP_B,fRi,fRo,fS,good_A,good_B,no_disc,pick,put,redo_A,redo_B,sI,sO_A,sO_B,sP_A,sP_B,sQ_A,sQ_Ar,sQ_B,sQ_Br,sRi,sRo,sS,test1,test2,turn1,turn2
-29305,-25844,-705,-487,-34,-235,-430,-71,-47,-535,-432,-345,31793,22801,-373,-705,-628,-4209,-8342,-205,-283,-332,-478,-191,-609,-606,-758,-464,-32,-706,-323,-532,-185,-278,-501
0.22805554068773742,0.5230948796325727,-1.0,-1.0,-1.0,-1.0,-1.0,-1.0,-1.0,-1.0,-1.0,-1.0,0.8644348565915682,0.4783885404505792,-1.0,-1.0,-1.0,0.8852188651301255,0.45571289148021965,-1.0,-1.0,-1.0,-1.0,-1.0,-1.0,-1.0,-1.0,-1.0,-1.0,-1.0,-1.0,-1.0,-1.0,-1.0,-1.0
