bad_A,bad_B,disc1,disc2,fI,fO_A,fO_B,fP_A,fP_B,fRi,fRo,fS,good_A,good_B,no_disc,pick,put,redo_A,redo_B,sI,sO_A,sO_B,sP_A,sP_B,sQ_A,sQ_Ar,sQ_B,sQ_Br,sRi,sRo,sS,test1,test2,turn1,turn2
-31391,-24709,-776,-658,-217,-390,-438,-166,-71,-719,-612,-86,27194,23768,-478,-76,-262,-4864,-6162,-533,-107,-195,-539,-28,-679,-531,-700,-706,-331,-133,-353,-230,-170,-382,-347
0.4844668975050762,0.3005399269043799,-1.0,-1.0,-1.0,-1.0,-1.0,-1.0,-1.0,-1.0,-1.0,-1.0,0.7886978517286372,0.5879088621282887,-1.0,-1.0,-1.0,0.43978597521829643,0.59398647886339,-1.0,-1.0,-1.0,-1.0,-1.0,-1.0,-1.0,-1.0,-1.0,-1.0,-1.0,-1.0,-1.0,-1.0,-1.0,-1.0
