bad_A,bad_B,disc1,disc2,fI,fO_A,fO_B,fP_A,fP_B,fRi,fRo,fS,good_A,good_B,no_disc,pick,put,redo_A,redo_B,sI,sO_A,sO_B,sP_A,sP_B,sQ_A,sQ_Ar,sQ_B,sQ_Br,sRi,sRo,sS,test1,test2,turn1,turn2
-36325,-30938,-23,-484,-694,-68,-593,-33,-719,-181,-202,-89,39233,39294,-54,-692,-203,-4000,-5358,-737,-11,-566,-703,-169,-20,-13,-333,-31,-577,-330,-501,-21,-330,-436,-78
0.23554697005093195,0.19290056299172254,-1.0,-1.0,-1.0,-1.0,-1.0,-1.0,-1.0,-1.0,-1.0,-1.0,0.2604297813227189,0.8195220573558432,-1.0,-1.0,-1.0,0.6156332443709249,0.7850278057339092,-1.0,-1.0,-1.0,-1.0,-1.0,-1.0,-1.0,-1.0,-1.0,-1.0,-1.0,-1.0,-1.0,-1.0,-1.0,-1.0
