bad_A,bad_B,disc1,disc2,fI,fO_A,fO_B,fP_A,fP_B,fRi,fRo,fS,good_A,good_B,no_disc,pick,put,redo_A,redo_B,sI,sO_A,sO_B,sP_A,sP_B,sQ_A,sQ_Ar,sQ_B,sQ_Br,sRi,sRo,sS,test1,test2,turn1,turn2
-34314,-35193,-530,-293,-32,-224,-421,-57,-766,-84,-240,-77,23797,32923,-155,-450,-586,-1656,-1793,-198,-701,-471,-771,-542,-287,-794,-401,-666,-270,-509,-784,-765,-144,-16,-343
0.8490413469106525,0.4448487482440917,-1.0,-1.0,-1.0,-1.0,-1.0,-1.0,-1.0,-1.0,-1.0,-1.0,0.26124135931607456,0.2472156633193711,-1.0,-1.0,-1.0,0.6519047703286448,0.3418177480414768,-1.0,-1.0,-1.0,-1.0,-1.0,-1.0,-1.0,-1.0,-1.0,-1.0,-1.0,-1.0,-1.0,-1.0,-1.0,-1.0
