bad_A,bad_B,disc1,disc2,fI,fO_A,fO_B,fP_A,fP_B,fRi,fRo,fS,good_A,good_B,no_disc,pick,put,redo_A,redo_B,sI,sO_A,sO_B,sP_A,sP_B,sQ_A,sQ_Ar,sQ_B,sQ_Br,sRi,sRo,sS,test1,test2,turn1,turn2
-33660,-32212,-142,-175,-200,-536,-98,-225,-327,-232,-66,-254,38311,37664,-135,-406,-214,-3968,-3654,-545,-555,-368,-382,-741,-489,-56,-87,-348,-396,-89,-452,-535,-666,-532,-391
0.3521382498935386,0.4212556211655597,-1.0,-1.0,-1.0,-1.0,-1.0,-1.0,-1.0,-1.0,-1.0,-1.0,0.8733719953887659,0.16452965670846753,-1.0,-1.0,-1.0,0.11598902181446454,0.2275396032131991,-1.0,-1.0,-1.0,-1.0,-1.0,-1.0,-1.0,-1.0,-1.0,-1.0,-1.0,-1.0,-1.0,-1.0,-1.0,-1.0
