bad_A,bad_B,fI,fO_A,fO_B,fP_A,fp_B,fRi,fRo,fS,good_A,good_B,redo_A,redo_B,sI,sO_A,sO_B,sP_A,sP_B,sQ_A,sQ_Ar,sQ_B,sQ_Br,sRi,sRo,sS
-22312,-30085,-401,-317,-311,-233,-591,-269,-600,-22,21419,37408,-5850,-8127,-283,-171,-631,-452,-556,-582,-533,-32,-207,-545,-362,-250
0.704574626418192,0.43470275156955684,-1.0,-1.0,-1.0,-1.0,-1.0,-1.0,-1.0,-1.0,0.5471574606143611,0.7041495913022241,0.8249251852406315,0.3044171450452312,-1.0,-1.0,-1.0,-1.0,-1.0,-1.0,-1.0,-1.0,-1.0,-1.0,-1.0,-1.0
