bad_A,bad_B,fI,fO_A,fO_B,fP_A,fp_B,fRi,fRo,fS,good_A,good_B,redo_A,redo_B,sI,sO_A,sO_B,sP_A,sP_B,sQ_A,sQ_Ar,sQ_B,sQ_Br,sRi,sRo,sS
-29948,-26500,-49,-533,-186,-618,-580,-779,-567,-697,21011,32111,-7199,-7518,-527,-403,-21,-296,-360,-377,-524,-389,-313,-417,-97,-366
0.8201979597371774,0.1961402302490468,-1.0,-1.0,-1.0,-1.0,-1.0,-1.0,-1.0,-1.0,0.48968447141908,0.7162908062118933,0.3503441266488929,0.3426126833396105,-1.0,-1.0,-1.0,-1.0,-1.0,-1.0,-1.0,-1.0,-1.0,-1.0,-1.0,-1.0
