bad_A,bad_B,fI,fO_A,fO_B,fP_A,fp_B,fRi,fRo,fS,good_A,good_B,redo_A,redo_B,sI,sO_A,sO_B,sP_A,sP_B,sQ_A,sQ_Ar,sQ_B,sQ_Br,sRi,sRo,sS
-37168,-34778,-348,-57,-192,-588,-253,-165,-736,-15,21967,26828,-5238,-6449,-18,-684,-84,-739,-12,-401,-464,-322,-229,-753,-33,-298
0.6778058559690032,0.49089143399217317,-1.0,-1.0,-1.0,-1.0,-1.0,-1.0,-1.0,-1.0,0.8537692256195072,0.5737562850281129,0.3172567380460003,0.618567779698668,-1.0,-1.0,-1.0,-1.0,-1.0,-1.0,-1.0,-1.0,-1.0,-1.0,-1.0,-1.0
