bad_A,bad_B,fI,fO_A,fO_B,fP_A,fp_B,fRi,fRo,fS,good_A,good_B,redo_A,redo_B,sI,sO_A,sO_B,sP_A,sP_B,sQ_A,sQ_Ar,sQ_B,sQ_Br,sRi,sRo,sS
-29700,-25166,-427,-43,-301,-149,-471,-773,-131,-137,22345,31956,-6745,-3800,-408,-406,-613,-517,-87,-118,-297,-42,-795,-494,-417,-18
0.10590211787545041,0.4870099932437508,-1.0,-1.0,-1.0,-1.0,-1.0,-1.0,-1.0,-1.0,0.8730165419263408,0.23169174623823247,0.8509316359786543,0.2034831757695791,-1.0,-1.0,-1.0,-1.0,-1.0,-1.0,-1.0,-1.0,-1.0,-1.0,-1.0,-1.0
