bad_A,bad_B,fI,fO_A,fO_B,fP_A,fp_B,fRi,fRo,fS,good_A,good_B,redo_A,redo_B,sI,sO_A,sO_B,sP_A,sP_B,sQ_A,sQ_Ar,sQ_B,sQ_Br,sRi,sRo,sS
-28708,-25409,-228,-360,-675,-70,-515,-690,-122,-192,35622,26196,-8489,-4992,-47,-549,-728,-669,-239,-161,-377,-100,-359,-739,-23,-572
0.7355847947571181,0.7409864992091859,-1.0,-1.0,-1.0,-1.0,-1.0,-1.0,-1.0,-1.0,0.17876383645895047,0.10952379635055945,0.34407284984602643,0.4963091241634776,-1.0,-1.0,-1.0,-1.0,-1.0,-1.0,-1.0,-1.0,-1.0,-1.0,-1.0,-1.0
