bad_A,bad_B,fI,fO_A,fO_B,fP_A,fp_B,fRi,fRo,fS,good_A,good_B,redo_A,redo_B,sI,sO_A,sO_B,sP_A,sP_B,sQ_A,sQ_Ar,sQ_B,sQ_Br,sRi,sRo,sS
-32429,-32482,-413,-200,-758,-59,-11,-743,-516,-666,22100,39761,-8399,-1953,-765,-341,-629,-702,-288,-278,-448,-257,-693,-719,-753,-177
0.19926570088175932,0.39465706339874873,-1.0,-1.0,-1.0,-1.0,-1.0,-1.0,-1.0,-1.0,0.27549569663618056,0.66236038959209,0.44212327604760915,0.19259502997785802,-1.0,-1.0,-1.0,-1.0,-1.0,-1.0,-1.0,-1.0,-1.0,-1.0,-1.0,-1.0
