bad_A,bad_B,fI,fO_A,fO_B,fP_A,fp_B,fRi,fRo,fS,good_A,good_B,redo_A,redo_B,sI,sO_A,sO_B,sP_A,sP_B,sQ_A,sQ_Ar,sQ_B,sQ_Br,sRi,sRo,sS
-28633,-34549,-228,-241,-529,-127,-490,-461,-354,-273,37943,33237,-7574,-4202,-696,-81,-119,-242,-421,-289,-601,-758,-405,-530,-590,-573
0.7518705022693174,0.7760159936824554,-1.0,-1.0,-1.0,-1.0,-1.0,-1.0,-1.0,-1.0,0.20802435258525015,0.20387438268195748,0.22871202766150356,0.5941701995370502,-1.0,-1.0,-1.0,-1.0,-1.0,-1.0,-1.0,-1.0,-1.0,-1.0,-1.0,-1.0
