bad_A,bad_B,fI,fO_A,fO_B,fP_A,fp_B,fRi,fRo,fS,good_A,good_B,redo_A,redo_B,sI,sO_A,sO_B,sP_A,sP_B,sQ_A,sQ_Ar,sQ_B,sQ_Br,sRi,sRo,sS
-37069,-29200,-133,-794,-282,-415,-273,-281,-618,-440,39371,27781,-5164,-6116,-209,-426,-433,-318,-770,-405,-597,-757,-357,-67,-680,-777
0.1163430618233127,0.16979986991652718,-1.0,-1.0,-1.0,-1.0,-1.0,-1.0,-1.0,-1.0,0.7967715136463155,0.6824138822863468,0.49205918243335944,0.6466129806716044,-1.0,-1.0,-1.0,-1.0,-1.0,-1.0,-1.0,-1.0,-1.0,-1.0,-1.0,-1.0
