bad_A,bad_B,fI,fO_A,fO_B,fP_A,fp_B,fRi,fRo,fS,good_A,good_B,redo_A,redo_B,sI,sO_A,sO_B,sP_A,sP_B,sQ_A,sQ_Ar,sQ_B,sQ_Br,sRi,sRo,sS
-25726,-39230,-92,-527,-484,-184,-279,-66,-794,-103,26930,35560,-6760,-7520,-438,-189,-762,-787,-326,-580,-351,-230,-651,-288,-470,-44
0.3544039788559702,0.75059784757976,-1.0,-1.0,-1.0,-1.0,-1.0,-1.0,-1.0,-1.0,0.7739697055392784,0.3756997727745046,0.5783095879918042,0.5393587550941742,-1.0,-1.0,-1.0,-1.0,-1.0,-1.0,-1.0,-1.0,-1.0,-1.0,-1.0,-1.0
