bad_A,bad_B,fI,fO_A,fO_B,fP_A,fp_B,fRi,fRo,fS,good_A,good_B,redo_A,redo_B,sI,sO_A,sO_B,sP_A,sP_B,sQ_A,sQ_Ar,sQ_B,sQ_Br,sRi,sRo,sS
-20721,-23056,-18,-742,-495,-271,-187,-297,-635,-387,33599,38989,-4297,-3391,-306,-717,-61,-494,-211,-471,-326,-289,-253,-264,-509,-783
0.2416968066118188,0.8030194246688922,-1.0,-1.0,-1.0,-1.0,-1.0,-1.0,-1.0,-1.0,0.4532554192716497,0.6256246023219926,0.8820219832761448,0.6515758294273484,-1.0,-1.0,-1.0,-1.0,-1.0,-1.0,-1.0,-1.0,-1.0,-1.0,-1.0,-1.0
