bad_A,bad_B,disc1,disc2,fI,fO_A,fO_B,fP_A,fP_B,fRi,fRo,fS,good_A,good_B,no_disc,pick,put,redo_A,redo_B,sI,sO_A,sO_B,sP_A,sP_B,sQ_A,sQ_Ar,sQ_B,sQ_Br,sRi,sRo,sS,test1,test2,turn1,turn2
-23973,-26036,-93,-381,-726,-279,-221,-276,-102,-301,-793,-393,20908,26261,-449,-285,-73,-8967,-5603,-166,-269,-168,-338,-248,-28,-783,-275,-614,-710,-73,-72,-315,-324,-254,-232
0.823198083688552,0.797485958668008,-1.0,-1.0,-1.0,-1.0,-1.0,-1.0,-1.0,-1.0,-1.0,-1.0,0.7959274493843411,0.12468802277434748,-1.0,-1.0,-1.0,0.614569321345318,0.33096482593022125,-1.0,-1.0,-1.0,-1.0,-1.0,-1.0,-1.0,-1.0,-1.0,-1.0,-1.0,-1.0,-1.0,-1.0,-1.0,-1.0
