bad_A,bad_B,disc1,disc2,fI,fO_A,fO_B,fP_A,fP_B,fRi,fRo,fS,good_A,good_B,no_disc,pick,put,redo_A,redo_B,sI,sO_A,sO_B,sP_A,sP_B,sQ_A,sQ_Ar,sQ_B,sQ_Br,sRi,sRo,sS,test1,test2,turn1,turn2
-27153,-39184,-449,-551,-575,-137,-180,-297,-484,-70,-800,-724,37284,32335,-448,-798,-509,-4585,-8277,-257,-491,-572,-611,-183,-771,-339,-283,-160,-678,-529,-85,-157,-154,-642,-420
0.554671832787472,0.5054888060244512,-1.0,-1.0,-1.0,-1.0,-1.0,-1.0,-1.0,-1.0,-1.0,-1.0,0.5586892754437602,0.5910345559585211,-1.0,-1.0,-1.0,0.16310394392199906,0.3437016657060269,-1.0,-1.0,-1.0,-1.0,-1.0,-1.0,-1.0,-1.0,-1.0,-1.0,-1.0,-1.0,-1.0,-1.0,-1.0,-1.0
