bad_A,bad_B,disc1,disc2,fI,fO_A,fO_B,fP_A,fP_B,fRi,fRo,fS,good_A,good_B,no_disc,pick,put,redo_A,redo_B,sI,sO_A,sO_B,sP_A,sP_B,sQ_A,sQ_Ar,sQ_B,sQ_Br,sRi,sRo,sS,test1,test2,turn1,turn2
-34363,-39881,-82,-776,-132,-485,-719,-533,-53,-751,-684,-442,35440,29556,-667,-393,-78,-8597,-2380,-107,-223,-311,-125,-209,-53,-338,-285,-32,-460,-338,-756,-121,-488,-742,-753
0.5438887030469115,0.4373807154424656,-1.0,-1.0,-1.0,-1.0,-1.0,-1.0,-1.0,-1.0,-1.0,-1.0,0.2967748990936099,0.1588058339683233,-1.0,-1.0,-1.0,0.6358570149613048,0.5656326915177642,-1.0,-1.0,-1.0,-1.0,-1.0,-1.0,-1.0,-1.0,-1.0,-1.0,-1.0,-1.0,-1.0,-1.0,-1.0,-1.0
