bad_A,bad_B,disc1,disc2,fI,fO_A,fO_B,fP_A,fP_B,fRi,fRo,fS,good_A,good_B,no_disc,pick,put,redo_A,redo_B,sI,sO_A,sO_B,sP_A,sP_B,sQ_A,sQ_Ar,sQ_B,sQ_Br,sRi,sRo,sS,test1,test2,turn1,turn2
-21941,-21062,-303,-431,-716,-210,-800,-296,-108,-545,-724,-783,22428,20407,-219,-645,-337,-1242,-2547,-98,-534,-467,-15,-290,-428,-602,-677,-366,-667,-167,-334,-750,-301,-319,-154
0.6675152022490303,0.1534897466131863,-1.0,-1.0,-1.0,-1.0,-1.0,-1.0,-1.0,-1.0,-1.0,-1.0,0.4598937523291905,0.5069352614538372,-1.0,-1.0,-1.0,0.10955299152632128,0.7751825724955789,-1.0,-1.0,-1.0,-1.0,-1.0,-1.0,-1.0,-1.0,-1.0,-1.0,-1.0,-1.0,-1.0,-1.0,-1.0,-1.0
