bad_A,bad_B,disc1,disc2,fI,fO_A,fO_B,fP_A,fP_B,fRi,fRo,fS,good_A,good_B,no_disc,pick,put,redo_A,redo_B,sI,sO_A,sO_B,sP_A,sP_B,sQ_A,sQ_Ar,sQ_B,sQ_Br,sRi,sRo,sS,test1,test2,turn1,turn2
-27959,-38779,-530,-484,-758,-709,-371,-618,-622,-498,-458,-535,26504,33006,-266,-600,-105,-6214,-3792,-41,-339,-773,-456,-576,-747,-447,-614,-641,-389,-255,-224,-375,-171,-544,-352
0.5048564158286352,0.5166049937326778,-1.0,-1.0,-1.0,-1.0,-1.0,-1.0,-1.0,-1.0,-1.0,-1.0,0.288281671151782,0.6145584374438294,-1.0,-1.0,-1.0,0.7343758464782346,0.5956038967829792,-1.0,-1.0,-1.0,-1.0,-1.0,-1.0,-1.0,-1.0,-1.0,-1.0,-1.0,-1.0,-1.0,-1.0,-1.0,-1.0
