bad_A,bad_B,disc1,disc2,fI,fO_A,fO_B,fP_A,fP_B,fRi,fRo,fS,good_A,good_B,no_disc,pick,put,redo_A,redo_B,sI,sO_A,sO_B,sP_A,sP_B,sQ_A,sQ_Ar,sQ_B,sQ_Br,sRi,sRo,sS,test1,test2,turn1,turn2
-31205,-30655,-347,-269,-160,-586,-462,-373,-513,-168,-590,-485,28620,23359,-624,-763,-779,-6822,-6393,-426,-570,-304,-473,-259,-289,-103,-80,-36,-518,-385,-417,-700,-591,-447,-433
0.594474818972654,0.7503184640719617,-1.0,-1.0,-1.0,-1.0,-1.0,-1.0,-1.0,-1.0,-1.0,-1.0,0.43747298885422004,0.47622713096835956,-1.0,-1.0,-1.0,0.31210794186000723,0.7890252647127779,-1.0,-1.0,-1.0,-1.0,-1.0,-1.0,-1.0,-1.0,-1.0,-1.0,-1.0,-1.0,-1.0,-1.0,-1.0,-1.0
