bad_A,bad_B,disc1,disc2,fI,fO_A,fO_B,fP_A,fP_B,fRi,fRo,fS,good_A,good_B,no_disc,pick,put,redo_A,redo_B,sI,sO_A,sO_B,sP_A,sP_B,sQ_A,sQ_Ar,sQ_B,sQ_Br,sRi,sRo,sS,test1,test2,turn1,turn2
-23009,-38178,-601,-261,-443,-368,-216,-321,-473,-93,-690,-265,28862,28451,-33,-452,-698,-6306,-1335,-286,-120,-440,-637,-563,-220,-104,-542,-611,-65,-529,-211,-573,-124,-26,-258
0.7012780144326509,0.7740756716119574,-1.0,-1.0,-1.0,-1.0,-1.0,-1.0,-1.0,-1.0,-1.0,-1.0,0.740312167996889,0.7780157911493357,-1.0,-1.0,-1.0,0.825704535751518,0.5976694969971234,-1.0,-1.0,-1.0,-1.0,-1.0,-1.0,-1.0,-1.0,-1.0,-1.0,-1.0,-1.0,-1.0,-1.0,-1.0,-1.0
