bad_A,bad_B,disc1,disc2,fI,fO_A,fO_B,fP_A,fP_B,fRi,fRo,fS,good_A,good_B,no_disc,pick,put,redo_A,redo_B,sI,sO_A,sO_B,sP_A,sP_B,sQ_A,sQ_Ar,sQ_B,sQ_Br,sRi,sRo,sS,test1,test2,turn1,turn2
-21415,-24216,-432,-63,-228,-113,-409,-541,-33,-460,-715,-297,22979,37635,-531,-430,-771,-2916,-4927,-720,-22,-83,-634,-258,-611,-757,-362,-266,-205,-223,-611,-459,-644,-310,-75
0.4050632320592904,0.10600748422839334,-1.0,-1.0,-1.0,-1.0,-1.0,-1.0,-1.0,-1.0,-1.0,-1.0,0.28483502181616444,0.42293891090016844,-1.0,-1.0,-1.0,0.5259179905564535,0.36548842365633794,-1.0,-1.0,-1.0,-1.0,-1.0,-1.0,-1.0,-1.0,-1.0,-1.0,-1.0,-1.0,-1.0,-1.0,-1.0,-1.0
