bad_A,bad_B,disc1,disc2,fI,fO_A,fO_B,fP_A,fP_B,fRi,fRo,fS,good_A,good_B,no_disc,pick,put,redo_A,redo_B,sI,sO_A,sO_B,sP_A,sP_B,sQ_A,sQ_Ar,sQ_B,sQ_Br,sRi,sRo,sS,test1,test2,turn1,turn2
-35284,-37273,-777,-271,-138,-657,-281,-400,-404,-540,-490,-603,34297,27602,-522,-262,-309,-7488,-3786,-416,-359,-161,-330,-404,-228,-445,-307,-384,-243,-422,-200,-615,-531,-247,-524
0.8934662516130423,0.2436261149743708,-1.0,-1.0,-1.0,-1.0,-1.0,-1.0,-1.0,-1.0,-1.0,-1.0,0.3012310801078594,0.8714513996782611,-1.0,-1.0,-1.0,0.35212705962253354,0.5980061997078632,-1.0,-1.0,-1.0,-1.0,-1.0,-1.0,-1.0,-1.0,-1.0,-1.0,-1.0,-1.0,-1.0,-1.0,-1.0,-1.0
