bad_A,bad_B,disc1,disc2,fI,fO_A,fO_B,fP_A,fP_B,fRi,fRo,fS,good_A,good_B,no_disc,pick,put,redo_A,redo_B,sI,sO_A,sO_B,sP_A,sP_B,sQ_A,sQ_Ar,sQ_B,sQ_Br,sRi,sRo,sS,test1,test2,turn1,turn2
-28399,-39842,-464,-398,-583,-659,-23,-585,-206,-333,-50,-655,38823,26625,-144,-222,-694,-3344,-7351,-757,-329,-104,-662,-700,-154,-406,-629,-618,-90,-284,-215,-416,-516,-43,-512
0.8293905331785937,0.7966145421911816,-1.0,-1.0,-1.0,-1.0,-1.0,-1.0,-1.0,-1.0,-1.0,-1.0,0.4055791410262133,0.4847262387200112,-1.0,-1.0,-1.0,0.5523007774864153,0.5365962068061692,-1.0,-1.0,-1.0,-1.0,-1.0,-1.0,-1.0,-1.0,-1.0,-1.0,-1.0,-1.0,-1.0,-1.0,-1.0,-1.0
