bad_A,bad_B,disc1,disc2,fI,fO_A,fO_B,fP_A,fP_B,fRi,fRo,fS,good_A,good_B,no_disc,pick,put,redo_A,redo_B,sI,sO_A,sO_B,sP_A,sP_B,sQ_A,sQ_Ar,sQ_B,sQ_Br,sRi,sRo,sS,test1,test2,turn1,turn2
-39851,-24085,-753,-206,-789,-755,-281,-591,-475,-665,-156,-525,26659,32649,-765,-636,-683,-4351,-8540,-438,-718,-109,-25,-380,-640,-609,-614,-477,-711,-486,-344,-717,-427,-553,-391
0.44368076759779707,0.6539466584867697,-1.0,-1.0,-1.0,-1.0,-1.0,-1.0,-1.0,-1.0,-1.0,-1.0,0.7076175699905478,0.8539165725469656,-1.0,-1.0,-1.0,0.6241095802246743,0.7934673441986235,-1.0,-1.0,-1.0,-1.0,-1.0,-1.0,-1.0,-1.0,-1.0,-1.0,-1.0,-1.0,-1.0,-1.0,-1.0,-1.0
