bad_A,bad_B,disc1,disc2,fI,fO_A,fO_B,fP_A,fP_B,fRi,fRo,fS,good_A,good_B,no_disc,pick,put,redo_A,redo_B,sI,sO_A,sO_B,sP_A,sP_B,sQ_A,sQ_Ar,sQ_B,sQ_Br,sRi,sRo,sS,test1,test2,turn1,turn2
-37522,-27510,-125,-452,-516,-626,-269,-216,-747,-529,-331,-559,31871,22621,-602,-685,-680,-3908,-8189,-136,-668,-618,-538,-119,-316,-758,-339,-407,-621,-113,-344,-273,-499,-429,-30
0.8688419219857249,0.5548237237543114,-1.0,-1.0,-1.0,-1.0,-1.0,-1.0,-1.0,-1.0,-1.0,-1.0,0.7838059316142231,0.6317194564404593,-1.0,-1.0,-1.0,0.3792359486658543,0.10770013745216085,-1.0,-1.0,-1.0,-1.0,-1.0,-1.0,-1.0,-1.0,-1.0,-1.0,-1.0,-1.0,-1.0,-1.0,-1.0,-1.0
