bad_A,bad_B,disc1,disc2,fI,fO_A,fO_B,fP_A,fP_B,fRi,fRo,fS,good_A,good_B,no_disc,pick,put,redo_A,redo_B,sI,sO_A,sO_B,sP_A,sP_B,sQ_A,sQ_Ar,sQ_B,sQ_Br,sRi,sRo,sS,test1,test2,turn1,turn2
-28809,-23559,-112,-682,-608,-197,-229,-531,-360,-403,-95,-349,35972,25088,-186,-574,-366,-3359,-4181,-378,-401,-55,-203,-769,-264,-272,-21,-494,-320,-328,-287,-54,-662,-739,-551
0.5996734855534704,0.741286648139365,-1.0,-1.0,-1.0,-1.0,-1.0,-1.0,-1.0,-1.0,-1.0,-1.0,0.2770392233470951,0.8839204433045048,-1.0,-1.0,-1.0,0.6301658604825219,0.32148201219022915,-1.0,-1.0,-1.0,-1.0,-1.0,-1.0,-1.0,-1.0,-1.0,-1.0,-1.0,-1.0,-1.0,-1.0,-1.0,-1.0
