bad_A,bad_B,disc1,disc2,fI,fO_A,fO_B,fP_A,fP_B,fRi,fRo,fS,good_A,good_B,no_disc,pick,put,redo_A,redo_B,sI,sO_A,sO_B,sP_A,sP_B,sQ_A,sQ_Ar,sQ_B,sQ_Br,sRi,sRo,sS,test1,test2,turn1,turn2
-35994,-31518,-502,-296,-405,-226,-162,-556,-723,-539,-348,-619,21959,29318,-471,-640,-773,-6821,-1634,-566,-489,-526,-751,-309,-704,-133,-666,-478,-701,-735,-279,-377,-575,-679,-503
0.8321324136815181,0.4979279921255403,-1.0,-1.0,-1.0,-1.0,-1.0,-1.0,-1.0,-1.0,-1.0,-1.0,0.857151337961029,0.7004717636034599,-1.0,-1.0,-1.0,0.17054260316042313,0.15755765255778478,-1.0,-1.0,-1.0,-1.0,-1.0,-1.0,-1.0,-1.0,-1.0,-1.0,-1.0,-1.0,-1.0,-1.0,-1.0,-1.0
