bad_A,bad_B,disc1,disc2,fI,fO_A,fO_B,fP_A,fP_B,fRi,fRo,fS,good_A,good_B,no_disc,pick,put,redo_A,redo_B,sI,sO_A,sO_B,sP_A,sP_B,sQ_A,sQ_Ar,sQ_B,sQ_Br,sRi,sRo,sS,test1,test2,turn1,turn2
-31297,-37295,-328,-241,-476,-358,-283,-113,-10,-394,-76,-524,22142,35740,-102,-757,-414,-4918,-1510,-315,-392,-744,-380,-495,-616,-758,-390,-658,-296,-142,-11,-78,-303,-563,-116
0.3738852600404525,0.7099591755377169,-1.0,-1.0,-1.0,-1.0,-1.0,-1.0,-1.0,-1.0,-1.0,-1.0,0.6936492763443829,0.11191420153654877,-1.0,-1.0,-1.0,0.7598650664541675,0.5725537270055122,-1.0,-1.0,-1.0,-1.0,-1.0,-1.0,-1.0,-1.0,-1.0,-1.0,-1.0,-1.0,-1.0,-1.0,-1.0,-1.0
