bad_A,bad_B,disc1,disc2,fI,fO_A,fO_B,fP_A,fP_B,fRi,fRo,fS,good_A,good_B,no_disc,pick,put,redo_A,redo_B,sI,sO_A,sO_B,sP_A,sP_B,sQ_A,sQ_Ar,sQ_B,sQ_Br,sRi,sRo,sS,test1,test2,turn1,turn2
-30986,-34207,-306,-374,-207,-73,-427,-392,-200,-134,-183,-741,39378,38959,-787,-528,-374,-3470,-4364,-607,-505,-10,-592,-63,-548,-758,-754,-248,-776,-200,-366,-12,-70,-267,-497
0.6615517854319773,0.3391719999269993,-1.0,-1.0,-1.0,-1.0,-1.0,-1.0,-1.0,-1.0,-1.0,-1.0,0.1606561984242063,0.27291523701226145,-1.0,-1.0,-1.0,0.3335810206635974,0.1597297870460584,-1.0,-1.0,-1.0,-1.0,-1.0,-1.0,-1.0,-1.0,-1.0,-1.0,-1.0,-1.0,-1.0,-1.0,-1.0,-1.0
