bad_A,bad_B,fI,fO_A,fO_B,fP_A,fp_B,fRi,fRo,fS,good_A,good_B,redo_A,redo_B,sI,sO_A,sO_B,sP_A,sP_B,sQ_A,sQ_Ar,sQ_B,sQ_Br,sRi,sRo,sS
-31337,-34696,-793,-288,-310,-157,-166,-369,-136,-416,38786,27186,-1241,-6934,-101,-122,-164,-314,-123,-330,-144,-188,-374,-76,-103,-635
0.33086832299418156,0.4549439706198477,-1.0,-1.0,-1.0,-1.0,-1.0,-1.0,-1.0,-1.0,0.6558748727066814,0.7667277361765128,0.5172743611153909,0.5440366412144406,-1.0,-1.0,-1.0,-1.0,-1.0,-1.0,-1.0,-1.0,-1.0,-1.0,-1.0,-1.0
