bad_A,bad_B,fI,fO_A,fO_B,fP_A,fp_B,fRi,fRo,fS,good_A,good_B,redo_A,redo_B,sI,sO_A,sO_B,sP_A,sP_B,sQ_A,sQ_Ar,sQ_B,sQ_Br,sRi,sRo,sS
-35547,-24255,-265,-385,-321,-151,-114,-318,-338,-107,20648,33795,-7220,-8369,-353,-430,-778,-418,-592,-121,-615,-82,-493,-691,-147,-685
0.21384328979162712,0.8467899028161238,-1.0,-1.0,-1.0,-1.0,-1.0,-1.0,-1.0,-1.0,0.1987428964545429,0.35675293818926146,0.1078003991947437,0.327827199165465,-1.0,-1.0,-1.0,-1.0,-1.0,-1.0,-1.0,-1.0,-1.0,-1.0,-1.0,-1.0
