bad_A,bad_B,fI,fO_A,fO_B,fP_A,fp_B,fRi,fRo,fS,good_A,good_B,redo_A,redo_B,sI,sO_A,sO_B,sP_A,sP_B,sQ_A,sQ_Ar,sQ_B,sQ_Br,sRi,sRo,sS
-21466,-39538,-278,-154,-10,-554,-470,-432,-380,-754,32835,28527,-1134,-1445,-523,-101,-385,-12,-316,-548,-224,-520,-203,-586,-660,-141
0.3756152731600837,0.1494790426401897,-1.0,-1.0,-1.0,-1.0,-1.0,-1.0,-1.0,-1.0,0.26920128927054376,0.7613420269980269,0.2297450435107857,0.811188594389841,-1.0,-1.0,-1.0,-1.0,-1.0,-1.0,-1.0,-1.0,-1.0,-1.0,-1.0,-1.0
