bad_A,bad_B,fI,fO_A,fO_B,fP_A,fp_B,fRi,fRo,fS,good_A,good_B,redo_A,redo_B,sI,sO_A,sO_B,sP_A,sP_B,sQ_A,sQ_Ar,sQ_B,sQ_Br,sRi,sRo,sS
-35045,-25635,-713,-772,-248,-165,-161,-479,-34,-118,30209,33088,-4784,-4178,-405,-587,-414,-385,-739,-599,-92,-137,-287,-733,-192,-296
0.24529480945942128,0.246566348692512,-1.0,-1.0,-1.0,-1.0,-1.0,-1.0,-1.0,-1.0,0.553162530207363,0.7401664573353782,0.7142557531388107,0.7730383680853165,-1.0,-1.0,-1.0,-1.0,-1.0,-1.0,-1.0,-1.0,-1.0,-1.0,-1.0,-1.0
