bad_A,bad_B,fI,fO_A,fO_B,fP_A,fp_B,fRi,fRo,fS,good_A,good_B,redo_A,redo_B,sI,sO_A,sO_B,sP_A,sP_B,sQ_A,sQ_Ar,sQ_B,sQ_Br,sRi,sRo,sS
-38143,-20498,-558,-204,-133,-413,-673,-99,-250,-252,30938,23466,-3854,-3641,-365,-637,-130,-131,-631,-465,-284,-27,-234,-578,-744,-32
0.12485811387018453,0.8091868704684874,-1.0,-1.0,-1.0,-1.0,-1.0,-1.0,-1.0,-1.0,0.33315683793721307,0.6293466782026267,0.20323292172670426,0.41106263740082527,-1.0,-1.0,-1.0,-1.0,-1.0,-1.0,-1.0,-1.0,-1.0,-1.0,-1.0,-1.0
