bad_A,bad_B,fI,fO_A,fO_B,fP_A,fp_B,fRi,fRo,fS,good_A,good_B,redo_A,redo_B,sI,sO_A,sO_B,sP_A,sP_B,sQ_A,sQ_Ar,sQ_B,sQ_Br,sRi,sRo,sS
-31150,-24333,-301,-120,-154,-49,-676,-441,-690,-790,32928,25460,-1068,-4653,-209,-402,-576,-54,-585,-676,-121,-96,-61,-342,-788,-279
0.23333671635339012,0.414524255835241,-1.0,-1.0,-1.0,-1.0,-1.0,-1.0,-1.0,-1.0,0.10787932795885641,0.4897396311799044,0.18252453382572692,0.11065308725231118,-1.0,-1.0,-1.0,-1.0,-1.0,-1.0,-1.0,-1.0,-1.0,-1.0,-1.0,-1.0
