bad_A,bad_B,fI,fO_A,fO_B,fP_A,fp_B,fRi,fRo,fS,good_A,good_B,redo_A,redo_B,sI,sO_A,sO_B,sP_A,sP_B,sQ_A,sQ_Ar,sQ_B,sQ_Br,sRi,sRo,sS
-22260,-20223,-240,-235,-159,-431,-574,-549,-429,-575,25124,21333,-2064,-3781,-786,-325,-646,-255,-299,-292,-184,-526,-706,-131,-546,-744
0.27369770806184535,0.15883527971868575,-1.0,-1.0,-1.0,-1.0,-1.0,-1.0,-1.0,-1.0,0.516010431875211,0.5095760747312748,0.5892369527393889,0.2192089019102535,-1.0,-1.0,-1.0,-1.0,-1.0,-1.0,-1.0,-1.0,-1.0,-1.0,-1.0,-1.0
