bad_A,bad_B,fI,fO_A,fO_B,fP_A,fp_B,fRi,fRo,fS,good_A,good_B,redo_A,redo_B,sI,sO_A,sO_B,sP_A,sP_B,sQ_A,sQ_Ar,sQ_B,sQ_Br,sRi,sRo,sS
-26946,-26319,-711,-601,-93,-112,-797,-609,-669,-295,26270,23278,-1500,-6325,-744,-137,-467,-444,-307,-413,-696,-65,-292,-622,-182,-333
0.5205235942678911,0.881306061555501,-1.0,-1.0,-1.0,-1.0,-1.0,-1.0,-1.0,-1.0,0.8848769310211503,0.7919068136059015,0.14707452985578826,0.8495200937475379,-1.0,-1.0,-1.0,-1.0,-1.0,-1.0,-1.0,-1.0,-1.0,-1.0,-1.0,-1.0
