bad_A,bad_B,fI,fO_A,fO_B,fP_A,fp_B,fRi,fRo,fS,good_A,good_B,redo_A,redo_B,sI,sO_A,sO_B,sP_A,sP_B,sQ_A,sQ_Ar,sQ_B,sQ_Br,sRi,sRo,sS
-32192,-22652,-421,-104,-64,-412,-641,-728,-220,-369,31467,32753,-7592,-8198,-350,-223,-35,-768,-376,-135,-391,-138,-746,-494,-77,-212
0.8330056456100644,0.31426399249062176,-1.0,-1.0,-1.0,-1.0,-1.0,-1.0,-1.0,-1.0,0.769474403238955,0.501520120842828,0.4961306910945882,0.4712950259700075,-1.0,-1.0,-1.0,-1.0,-1.0,-1.0,-1.0,-1.0,-1.0,-1.0,-1.0,-1.0
