bad_A,bad_B,disc1,disc2,fI,fO_A,fO_B,fP_A,fP_B,fRi,fRo,fS,good_A,good_B,no_disc,pick,put,redo_A,redo_B,sI,sO_A,sO_B,sP_A,sP_B,sQ_A,sQ_Ar,sQ_B,sQ_Br,sRi,sRo,sS,test1,test2,turn1,turn2
-34689,-38634,-568,-269,-609,-624,-700,-405,-755,-232,-407,-348,38909,29622,-795,-93,-434,-4416,-5463,-544,-314,-397,-724,-504,-91,-311,-679,-433,-423,-645,-185,-598,-578,-343,-752
0.6490877381248779,0.5428268011861695,-1.0,-1.0,-1.0,-1.0,-1.0,-1.0,-1.0,-1.0,-1.0,-1.0,0.34504381605178625,0.7938134355906551,-1.0,-1.0,-1.0,0.7807837098645368,0.4573983391650278,-1.0,-1.0,-1.0,-1.0,-1.0,-1.0,-1.0,-1.0,-1.0,-1.0,-1.0,-1.0,-1.0,-1.0,-1.0,-1.0
