bad_A,bad_B,disc1,disc2,fI,fO_A,fO_B,fP_A,fP_B,fRi,fRo,fS,good_A,good_B,no_disc,pick,put,redo_A,redo_B,sI,sO_A,sO_B,sP_A,sP_B,sQ_A,sQ_Ar,sQ_B,sQ_Br,sRi,sRo,sS,test1,test2,turn1,turn2
-30035,-29312,-619,-788,-508,-388,-289,-267,-504,-645,-492,-489,30999,27912,-485,-344,-385,-5317,-8298,-796,-411,-774,-208,-530,-334,-192,-501,-676,-705,-511,-670,-100,-417,-742,-776
0.44450649411460397,0.5711780977676659,-1.0,-1.0,-1.0,-1.0,-1.0,-1.0,-1.0,-1.0,-1.0,-1.0,0.13049766754151212,0.15559338107709142,-1.0,-1.0,-1.0,0.3998558816676806,0.8374342945099342,-1.0,-1.0,-1.0,-1.0,-1.0,-1.0,-1.0,-1.0,-1.0,-1.0,-1.0,-1.0,-1.0,-1.0,-1.0,-1.0
