bad_A,bad_B,disc1,disc2,fI,fO_A,fO_B,fP_A,fP_B,fRi,fRo,fS,good_A,good_B,no_disc,pick,put,redo_A,redo_B,sI,sO_A,sO_B,sP_A,sP_B,sQ_A,sQ_Ar,sQ_B,sQ_Br,sRi,sRo,sS,test1,test2,turn1,turn2
-25346,-34095,-233,-291,-380,-97,-257,-766,-499,-443,-331,-170,23863,38087,-448,-311,-592,-8519,-7944,-782,-536,-329,-384,-230,-193,-489,-256,-55,-463,-546,-386,-685,-177,-411,-521
0.5144408286526888,0.2818487484360275,-1.0,-1.0,-1.0,-1.0,-1.0,-1.0,-1.0,-1.0,-1.0,-1.0,0.288588964754663,0.8761924307309086,-1.0,-1.0,-1.0,0.5186101092106127,0.8481754037510666,-1.0,-1.0,-1.0,-1.0,-1.0,-1.0,-1.0,-1.0,-1.0,-1.0,-1.0,-1.0,-1.0,-1.0,-1.0,-1.0
