bad_A,bad_B,disc1,disc2,fI,fO_A,fO_B,fP_A,fP_B,fRi,fRo,fS,good_A,good_B,no_disc,pick,put,redo_A,redo_B,sI,sO_A,sO_B,sP_A,sP_B,sQ_A,sQ_Ar,sQ_B,sQ_Br,sRi,sRo,sS,test1,test2,turn1,turn2
-33045,-32646,-599,-482,-250,-323,-635,-187,-604,-504,-357,-219,28334,32915,-86,-40,-212,-1878,-2479,-451,-753,-49,-459,-120,-754,-412,-495,-636,-172,-326,-592,-487,-116,-479,-172
0.8289535916587444,0.7752799821805816,-1.0,-1.0,-1.0,-1.0,-1.0,-1.0,-1.0,-1.0,-1.0,-1.0,0.5495232662878332,0.5153933870945131,-1.0,-1.0,-1.0,0.12824452607753678,0.4924362337442604,-1.0,-1.0,-1.0,-1.0,-1.0,-1.0,-1.0,-1.0,-1.0,-1.0,-1.0,-1.0,-1.0,-1.0,-1.0,-1.0
