bad_A,bad_B,fI,fO_A,fO_B,fP_A,fp_B,fRi,fRo,fS,good_A,good_B,redo_A,redo_B,sI,sO_A,sO_B,sP_A,sP_B,sQ_A,sQ_Ar,sQ_B,sQ_Br,sRi,sRo,sS
-31797,-30632,-786,-197,-278,-112,-579,-453,-508,-637,22928,30328,-6907,-3339,-626,-165,-240,-600,-637,-734,-259,-514,-419,-376,-85,-380
0.6833001002852708,0.6062194843036014,-1.0,-1.0,-1.0,-1.0,-1.0,-1.0,-1.0,-1.0,0.3653586912168113,0.5315373550893087,0.8062465904462869,0.7789796172249216,-1.0,-1.0,-1.0,-1.0,-1.0,-1.0,-1.0,-1.0,-1.0,-1.0,-1.0,-1.0
