bad_A,bad_B,fI,fO_A,fO_B,fP_A,fp_B,fRi,fRo,fS,good_A,good_B,redo_A,redo_B,sI,sO_A,sO_B,sP_A,sP_B,sQ_A,sQ_Ar,sQ_B,sQ_Br,sRi,sRo,sS
-28940,-24591,-608,-455,-217,-463,-628,-426,-594,-753,35885,27621,-3737,-6729,-502,-226,-620,-772,-346,-135,-443,-169,-553,-545,-282,-682
0.10497284712152535,0.5654164281480933,-1.0,-1.0,-1.0,-1.0,-1.0,-1.0,-1.0,-1.0,0.12390578727311202,0.2667928835482296,0.534696066982701,0.3522463142004373,-1.0,-1.0,-1.0,-1.0,-1.0,-1.0,-1.0,-1.0,-1.0,-1.0,-1.0,-1.0
