bad_A,bad_B,fI,fO_A,fO_B,fP_A,fp_B,fRi,fRo,fS,good_A,good_B,redo_A,redo_B,sI,sO_A,sO_B,sP_A,sP_B,sQ_A,sQ_Ar,sQ_B,sQ_Br,sRi,sRo,sS
-25064,-24899,-632,-383,-424,-726,-255,-506,-27,-699,24680,36264,-6186,-4300,-678,-277,-526,-468,-118,-668,-648,-270,-351,-712,-99,-202
0.8559289079960979,0.27475172640245643,-1.0,-1.0,-1.0,-1.0,-1.0,-1.0,-1.0,-1.0,0.17811433336217775,0.5847026118047629,0.6053720394870197,0.7574422283410517,-1.0,-1.0,-1.0,-1.0,-1.0,-1.0,-1.0,-1.0,-1.0,-1.0,-1.0,-1.0
