bad_A,bad_B,fI,fO_A,fO_B,fP_A,fp_B,fRi,fRo,fS,good_A,good_B,redo_A,redo_B,sI,sO_A,sO_B,sP_A,sP_B,sQ_A,sQ_Ar,sQ_B,sQ_Br,sRi,sRo,sS
-29998,-31070,-752,-26,-613,-172,-541,-347,-794,-82,30586,29983,-4142,-8575,-101,-662,-412,-767,-608,-511,-214,-400,-495,-426,-693,-777
0.42109927518651935,0.31381452074657756,-1.0,-1.0,-1.0,-1.0,-1.0,-1.0,-1.0,-1.0,0.47709359404283913,0.6034141074795646,0.6812161600544206,0.4356822410408946,-1.0,-1.0,-1.0,-1.0,-1.0,-1.0,-1.0,-1.0,-1.0,-1.0,-1.0,-1.0
