bad_A,bad_B,fI,fO_A,fO_B,fP_A,fp_B,fRi,fRo,fS,good_A,good_B,redo_A,redo_B,sI,sO_A,sO_B,sP_A,sP_B,sQ_A,sQ_Ar,sQ_B,sQ_Br,sRi,sRo,sS
-37067,-29107,-778,-686,-614,-643,-85,-349,-153,-28,26934,38423,-3997,-7017,-371,-330,-286,-744,-526,-719,-40,-137,-42,-39,-618,-290
0.7877277640321272,0.7890950847588863,-1.0,-1.0,-1.0,-1.0,-1.0,-1.0,-1.0,-1.0,0.646996383633991,0.7878130156790547,0.6102215635487286,0.400608582964494,-1.0,-1.0,-1.0,-1.0,-1.0,-1.0,-1.0,-1.0,-1.0,-1.0,-1.0,-1.0
