bad_A,bad_B,fI,fO_A,fO_B,fP_A,fp_B,fRi,fRo,fS,good_A,good_B,redo_A,redo_B,sI,sO_A,sO_B,sP_A,sP_B,sQ_A,sQ_Ar,sQ_B,sQ_Br,sRi,sRo,sS
-25115,-39039,-64,-667,-607,-706,-535,-653,-549,-478,22950,30584,-5621,-6278,-441,-195,-24,-180,-41,-617,-449,-644,-113,-431,-593,-502
0.8121553703612429,0.6650702424131971,-1.0,-1.0,-1.0,-1.0,-1.0,-1.0,-1.0,-1.0,0.8216613001045495,0.2740867695273269,0.27390586044111254,0.12364322454741279,-1.0,-1.0,-1.0,-1.0,-1.0,-1.0,-1.0,-1.0,-1.0,-1.0,-1.0,-1.0
