bad_A,bad_B,disc1,disc2,fI,fO_A,fO_B,fP_A,fP_B,fRi,fRo,fS,good_A,good_B,no_disc,pick,put,redo_A,redo_B,sI,sO_A,sO_B,sP_A,sP_B,sQ_A,sQ_Ar,sQ_B,sQ_Br,sRi,sRo,sS,test1,test2,turn1,turn2
-22199,-36886,-551,-686,-755,-686,-191,-234,-664,-220,-681,-409,22166,23364,-783,-629,-443,-1129,-2154,-503,-115,-116,-303,-15,-188,-48,-225,-490,-270,-201,-274,-644,-744,-330,-783
0.2026093649505466,0.7565253988612314,-1.0,-1.0,-1.0,-1.0,-1.0,-1.0,-1.0,-1.0,-1.0,-1.0,0.7461935925135729,0.3291629796690397,-1.0,-1.0,-1.0,0.5752416355920443,0.39166031469952756,-1.0,-1.0,-1.0,-1.0,-1.0,-1.0,-1.0,-1.0,-1.0,-1.0,-1.0,-1.0,-1.0,-1.0,-1.0,-1.0
