bad_A,bad_B,disc1,disc2,fI,fO_A,fO_B,fP_A,fP_B,fRi,fRo,fS,good_A,good_B,no_disc,pick,put,redo_A,redo_B,sI,sO_A,sO_B,sP_A,sP_B,sQ_A,sQ_Ar,sQ_B,sQ_Br,sRi,sRo,sS,test1,test2,turn1,turn2
-24335,-34911,-566,-283,-668,-538,-561,-50,-441,-237,-504,-80,31905,29432,-43,-199,-700,-3526,-4202,-86,-263,-309,-760,-338,-286,-743,-319,-13,-268,-353,-402,-384,-706,-260,-659
0.4806671280146543,0.7279816412917953,-1.0,-1.0,-1.0,-1.0,-1.0,-1.0,-1.0,-1.0,-1.0,-1.0,0.3026281743315564,0.2437020754859397,-1.0,-1.0,-1.0,0.425687324820348,0.3697002678942919,-1.0,-1.0,-1.0,-1.0,-1.0,-1.0,-1.0,-1.0,-1.0,-1.0,-1.0,-1.0,-1.0,-1.0,-1.0,-1.0
