bad_A,bad_B,disc1,disc2,fI,fO_A,fO_B,fP_A,fP_B,fRi,fRo,fS,good_A,good_B,no_disc,pick,put,redo_A,redo_B,sI,sO_A,sO_B,sP_A,sP_B,sQ_A,sQ_Ar,sQ_B,sQ_Br,sRi,sRo,sS,test1,test2,turn1,turn2
-23806,-35017,-611,-274,-318,-208,-287,-444,-711,-726,-690,-381,26461,35678,-640,-613,-108,-3958,-5097,-770,-464,-572,-446,-52,-644,-616,-616,-211,-591,-714,-715,-143,-63,-704,-603
0.5258307283375107,0.20081473713457187,-1.0,-1.0,-1.0,-1.0,-1.0,-1.0,-1.0,-1.0,-1.0,-1.0,0.1053913088979912,0.6005119826092774,-1.0,-1.0,-1.0,0.7029933148509905,0.6513431511366401,-1.0,-1.0,-1.0,-1.0,-1.0,-1.0,-1.0,-1.0,-1.0,-1.0,-1.0,-1.0,-1.0,-1.0,-1.0,-1.0
