bad_A,bad_B,disc1,disc2,fI,fO_A,fO_B,fP_A,fP_B,fRi,fRo,fS,good_A,good_B,no_disc,pick,put,redo_A,redo_B,sI,sO_A,sO_B,sP_A,sP_B,sQ_A,sQ_Ar,sQ_B,sQ_Br,sRi,sRo,sS,test1,test2,turn1,turn2
-25014,-24484,-27,-69,-20,-10,-355,-741,-199,-693,-798,-406,24851,27831,-73,-609,-351,-4847,-2475,-587,-377,-94,-753,-664,-743,-267,-756,-508,-624,-225,-682,-677,-730,-338,-572
0.8856532252694506,0.6497892966013923,-1.0,-1.0,-1.0,-1.0,-1.0,-1.0,-1.0,-1.0,-1.0,-1.0,0.46372938130157093,0.4849935744705147,-1.0,-1.0,-1.0,0.6713336168473202,0.44854878847181334,-1.0,-1.0,-1.0,-1.0,-1.0,-1.0,-1.0,-1.0,-1.0,-1.0,-1.0,-1.0,-1.0,-1.0,-1.0,-1.0
