bad_A,bad_B,disc1,disc2,fI,fO_A,fO_B,fP_A,fP_B,fRi,fRo,fS,good_A,good_B,no_disc,pick,put,redo_A,redo_B,sI,sO_A,sO_B,sP_A,sP_B,sQ_A,sQ_Ar,sQ_B,sQ_Br,sRi,sRo,sS,test1,test2,turn1,turn2
-21603,-22528,-212,-686,-735,-606,-183,-443,-789,-499,-755,-162,20108,27295,-198,-27,-174,-3674,-1516,-423,-682,-205,-639,-612,-746,-112,-348,-382,-335,-574,-678,-518,-282,-780,-522
0.4480377694860018,0.7658819304717855,-1.0,-1.0,-1.0,-1.0,-1.0,-1.0,-1.0,-1.0,-1.0,-1.0,0.6956353631282829,0.5287242909547184,-1.0,-1.0,-1.0,0.27602093872089906,0.7291308272826496,-1.0,-1.0,-1.0,-1.0,-1.0,-1.0,-1.0,-1.0,-1.0,-1.0,-1.0,-1.0,-1.0,-1.0,-1.0,-1.0
