bad_A,bad_B,disc1,disc2,fI,fO_A,fO_B,fP_A,fP_B,fRi,fRo,fS,good_A,good_B,no_disc,pick,put,redo_A,redo_B,sI,sO_A,sO_B,sP_A,sP_B,sQ_A,sQ_Ar,sQ_B,sQ_Br,sRi,sRo,sS,test1,test2,turn1,turn2
-35217,-20014,-308,-686,-497,-546,-783,-509,-544,-371,-642,-672,29383,28120,-13,-174,-179,-8649,-3615,-708,-598,-262,-546,-222,-88,-551,-701,-589,-632,-530,-141,-447,-182,-410,-162
0.5427498724256491,0.3149814040583896,-1.0,-1.0,-1.0,-1.0,-1.0,-1.0,-1.0,-1.0,-1.0,-1.0,0.4128178823969614,0.6086243548307234,-1.0,-1.0,-1.0,0.2530568822123274,0.7251587548578902,-1.0,-1.0,-1.0,-1.0,-1.0,-1.0,-1.0,-1.0,-1.0,-1.0,-1.0,-1.0,-1.0,-1.0,-1.0,-1.0
