bad_A,bad_B,disc1,disc2,fI,fO_A,fO_B,fP_A,fP_B,fRi,fRo,fS,good_A,good_B,no_disc,pick,put,redo_A,redo_B,sI,sO_A,sO_B,sP_A,sP_B,sQ_A,sQ_Ar,sQ_B,sQ_Br,sRi,sRo,sS,test1,test2,turn1,turn2
-20022,-36666,-753,-596,-128,-345,-32,-438,-275,-626,-566,-192,29018,33071,-328,-389,-415,-6185,-6905,-693,-371,-526,-468,-60,-556,-123,-328,-520,-13,-33,-507,-218,-641,-623,-573
0.12748640414722523,0.10041291722891216,-1.0,-1.0,-1.0,-1.0,-1.0,-1.0,-1.0,-1.0,-1.0,-1.0,0.17842688946752158,0.8401835392227258,-1.0,-1.0,-1.0,0.3182580170461269,0.33589793669096224,-1.0,-1.0,-1.0,-1.0,-1.0,-1.0,-1.0,-1.0,-1.0,-1.0,-1.0,-1.0,-1.0,-1.0,-1.0,-1.0
