bad_A,bad_B,disc1,disc2,fI,fO_A,fO_B,fP_A,fP_B,fRi,fRo,fS,good_A,good_B,no_disc,pick,put,redo_A,redo_B,sI,sO_A,sO_B,sP_A,sP_B,sQ_A,sQ_Ar,sQ_B,sQ_Br,sRi,sRo,sS,test1,test2,turn1,turn2
-21960,-37679,-748,-289,-323,-335,-22,-147,-776,-292,-674,-672,31628,25375,-602,-563,-677,-6741,-6623,-604,-488,-169,-638,-19,-684,-638,-182,-717,-296,-269,-275,-754,-168,-774,-534
0.2755506233088115,0.2652538379423677,-1.0,-1.0,-1.0,-1.0,-1.0,-1.0,-1.0,-1.0,-1.0,-1.0,0.8638830221237946,0.8671673439149248,-1.0,-1.0,-1.0,0.11002300849372473,0.5784445623044079,-1.0,-1.0,-1.0,-1.0,-1.0,-1.0,-1.0,-1.0,-1.0,-1.0,-1.0,-1.0,-1.0,-1.0,-1.0,-1.0
