bad_A,bad_B,disc1,disc2,fI,fO_A,fO_B,fP_A,fP_B,fRi,fRo,fS,good_A,good_B,no_disc,pick,put,redo_A,redo_B,sI,sO_A,sO_B,sP_A,sP_B,sQ_A,sQ_Ar,sQ_B,sQ_Br,sRi,sRo,sS,test1,test2,turn1,turn2
-27955,-28672,-789,-369,-296,-800,-444,-313,-520,-364,-43,-557,36471,27739,-660,-699,-712,-5290,-2613,-758,-562,-433,-40,-734,-225,-96,-671,-167,-362,-598,-145,-675,-776,-341,-224
0.37984232098872084,0.36380864221949283,-1.0,-1.0,-1.0,-1.0,-1.0,-1.0,-1.0,-1.0,-1.0,-1.0,0.6385011521263205,0.5740886706495156,-1.0,-1.0,-1.0,0.7100536791805125,0.37939443872787504,-1.0,-1.0,-1.0,-1.0,-1.0,-1.0,-1.0,-1.0,-1.0,-1.0,-1.0,-1.0,-1.0,-1.0,-1.0,-1.0
