bad_A,bad_B,disc1,disc2,fI,fO_A,fO_B,fP_A,fP_B,fRi,fRo,fS,good_A,good_B,no_disc,pick,put,redo_A,redo_B,sI,sO_A,sO_B,sP_A,sP_B,sQ_A,sQ_Ar,sQ_B,sQ_Br,sRi,sRo,sS,test1,test2,turn1,turn2
-30215,-23071,-571,-98,-433,-499,-371,-551,-359,-80,-335,-736,22969,36342,-71,-229,-308,-4475,-6782,-387,-193,-674,-496,-491,-35,-297,-674,-221,-373,-267,-706,-497,-561,-21,-470
0.3359072800595658,0.5898722922314094,-1.0,-1.0,-1.0,-1.0,-1.0,-1.0,-1.0,-1.0,-1.0,-1.0,0.8831738139909306,0.38840706917260037,-1.0,-1.0,-1.0,0.8543695434770704,0.7541736056791438,-1.0,-1.0,-1.0,-1.0,-1.0,-1.0,-1.0,-1.0,-1.0,-1.0,-1.0,-1.0,-1.0,-1.0,-1.0,-1.0
