bad_A,bad_B,disc1,disc2,fI,fO_A,fO_B,fP_A,fP_B,fRi,fRo,fS,good_A,good_B,no_disc,pick,put,redo_A,redo_B,sI,sO_A,sO_B,sP_A,sP_B,sQ_A,sQ_Ar,sQ_B,sQ_Br,sRi,sRo,sS,test1,test2,turn1,turn2
-20620,-28615,-244,-707,-117,-279,-410,-288,-529,-732,-140,-791,38700,28109,-519,-574,-516,-6260,-7999,-381,-303,-553,-376,-175,-437,-702,-132,-225,-22,-444,-155,-455,-700,-205,-144
0.12623330711190733,0.4188258097150944,-1.0,-1.0,-1.0,-1.0,-1.0,-1.0,-1.0,-1.0,-1.0,-1.0,0.20963377029710684,0.8486748774048528,-1.0,-1.0,-1.0,0.4878104787850409,0.7873724065486765,-1.0,-1.0,-1.0,-1.0,-1.0,-1.0,-1.0,-1.0,-1.0,-1.0,-1.0,-1.0,-1.0,-1.0,-1.0,-1.0
