bad_A,bad_B,disc1,disc2,fI,fO_A,fO_B,fP_A,fP_B,fRi,fRo,fS,good_A,good_B,no_disc,pick,put,redo_A,redo_B,sI,sO_A,sO_B,sP_A,sP_B,sQ_A,sQ_Ar,sQ_B,sQ_Br,sRi,sRo,sS,test1,test2,turn1,turn2
-33018,-21331,-752,-729,-266,-760,-266,-569,-339,-429,-494,-662,39310,26469,-433,-609,-500,-3232,-6772,-28,-373,-346,-224,-522,-128,-243,-501,-416,-473,-643,-321,-342,-280,-73,-28
0.8206674850467256,0.45365146217311036,-1.0,-1.0,-1.0,-1.0,-1.0,-1.0,-1.0,-1.0,-1.0,-1.0,0.5705202805312426,0.33830230975084385,-1.0,-1.0,-1.0,0.29518045353654787,0.31960015808262404,-1.0,-1.0,-1.0,-1.0,-1.0,-1.0,-1.0,-1.0,-1.0,-1.0,-1.0,-1.0,-1.0,-1.0,-1.0,-1.0
