bad_A,bad_B,disc1,disc2,fI,fO_A,fO_B,fP_A,fP_B,fRi,fRo,fS,good_A,good_B,no_disc,pick,put,redo_A,redo_B,sI,sO_A,sO_B,sP_A,sP_B,sQ_A,sQ_Ar,sQ_B,sQ_Br,sRi,sRo,sS,test1,test2,turn1,turn2
-25761,-37192,-268,-540,-541,-657,-616,-327,-776,-234,-382,-795,22925,31450,-729,-594,-479,-3528,-7455,-754,-759,-333,-421,-575,-148,-122,-534,-625,-443,-585,-356,-52,-546,-764,-240
0.15077047412813435,0.558664760755868,-1.0,-1.0,-1.0,-1.0,-1.0,-1.0,-1.0,-1.0,-1.0,-1.0,0.44102533427746493,0.6941883367719273,-1.0,-1.0,-1.0,0.6269902722910129,0.8983996813702757,-1.0,-1.0,-1.0,-1.0,-1.0,-1.0,-1.0,-1.0,-1.0,-1.0,-1.0,-1.0,-1.0,-1.0,-1.0,-1.0
