bad_A,bad_B,disc1,disc2,fI,fO_A,fO_B,fP_A,fP_B,fRi,fRo,fS,good_A,good_B,no_disc,pick,put,redo_A,redo_B,sI,sO_A,sO_B,sP_A,sP_B,sQ_A,sQ_Ar,sQ_B,sQ_Br,sRi,sRo,sS,test1,test2,turn1,turn2
-29666,-34852,-273,-686,-788,-340,-577,-604,-200,-481,-207,-584,29211,32246,-743,-354,-404,-8559,-2667,-16,-373,-497,-76,-320,-216,-513,-88,-490,-424,-263,-410,-352,-299,-518,-602
0.18798083582885844,0.6549997715164005,-1.0,-1.0,-1.0,-1.0,-1.0,-1.0,-1.0,-1.0,-1.0,-1.0,0.26612209299577105,0.20657535426599544,-1.0,-1.0,-1.0,0.6361701029142297,0.161347044201625,-1.0,-1.0,-1.0,-1.0,-1.0,-1.0,-1.0,-1.0,-1.0,-1.0,-1.0,-1.0,-1.0,-1.0,-1.0,-1.0
