bad_A,bad_B,disc1,disc2,fI,fO_A,fO_B,fP_A,fP_B,fRi,fRo,fS,good_A,good_B,no_disc,pick,put,redo_A,redo_B,sI,sO_A,sO_B,sP_A,sP_B,sQ_A,sQ_Ar,sQ_B,sQ_Br,sRi,sRo,sS,test1,test2,turn1,turn2
-35038,-38646,-779,-89,-139,-690,-309,-197,-25,-121,-135,-128,24086,21846,-235,-616,-106,-3073,-4852,-362,-635,-194,-576,-573,-463,-642,-688,-703,-446,-23,-21,-640,-667,-382,-134
0.5843899150595594,0.7967833935610906,-1.0,-1.0,-1.0,-1.0,-1.0,-1.0,-1.0,-1.0,-1.0,-1.0,0.2204636002708008,0.14985436678792166,-1.0,-1.0,-1.0,0.8749450644074048,0.3166208598537835,-1.0,-1.0,-1.0,-1.0,-1.0,-1.0,-1.0,-1.0,-1.0,-1.0,-1.0,-1.0,-1.0,-1.0,-1.0,-1.0
