bad_A,bad_B,disc1,disc2,fI,fO_A,fO_B,fP_A,fP_B,fRi,fRo,fS,good_A,good_B,no_disc,pick,put,redo_A,redo_B,sI,sO_A,sO_B,sP_A,sP_B,sQ_A,sQ_Ar,sQ_B,sQ_Br,sRi,sRo,sS,test1,test2,turn1,turn2
-35289,-27049,-96,-285,-477,-71,-440,-510,-369,-627,-704,-223,38369,33178,-719,-327,-708,-7627,-8970,-414,-316,-690,-426,-156,-653,-798,-695,-623,-458,-743,-303,-736,-625,-309,-430
0.14703034444290958,0.284175584678718,-1.0,-1.0,-1.0,-1.0,-1.0,-1.0,-1.0,-1.0,-1.0,-1.0,0.31929672896927236,0.11522389015344717,-1.0,-1.0,-1.0,0.8307227102091665,0.2668011483186379,-1.0,-1.0,-1.0,-1.0,-1.0,-1.0,-1.0,-1.0,-1.0,-1.0,-1.0,-1.0,-1.0,-1.0,-1.0,-1.0
