bad_A,bad_B,disc1,disc2,fI,fO_A,fO_B,fP_A,fP_B,fRi,fRo,fS,good_A,good_B,no_disc,pick,put,redo_A,redo_B,sI,sO_A,sO_B,sP_A,sP_B,sQ_A,sQ_Ar,sQ_B,sQ_Br,sRi,sRo,sS,test1,test2,turn1,turn2
-34353,-28527,-372,-281,-760,-170,-178,-159,-80,-650,-578,-479,22292,27838,-656,-452,-283,-1462,-3315,-757,-12,-766,-158,-514,-261,-257,-590,-623,-394,-25,-16,-241,-281,-615,-786
0.41289249472509715,0.160074813288964,-1.0,-1.0,-1.0,-1.0,-1.0,-1.0,-1.0,-1.0,-1.0,-1.0,0.6798257101663359,0.27257182414444703,-1.0,-1.0,-1.0,0.10800847946692729,0.622645506860626,-1.0,-1.0,-1.0,-1.0,-1.0,-1.0,-1.0,-1.0,-1.0,-1.0,-1.0,-1.0,-1.0,-1.0,-1.0,-1.0
