bad_A,bad_B,disc1,disc2,fI,fO_A,fO_B,fP_A,fP_B,fRi,fRo,fS,good_A,good_B,no_disc,pick,put,redo_A,redo_B,sI,sO_A,sO_B,sP_A,sP_B,sQ_A,sQ_Ar,sQ_B,sQ_Br,sRi,sRo,sS,test1,test2,turn1,turn2
-35788,-35183,-150,-526,-771,-378,-537,-125,-101,-52,-133,-291,39056,23902,-367,-56,-221,-1173,-4740,-780,-735,-17,-615,-476,-37,-690,-431,-651,-325,-304,-94,-497,-166,-361,-246
0.6074798950264327,0.6535758007581449,-1.0,-1.0,-1.0,-1.0,-1.0,-1.0,-1.0,-1.0,-1.0,-1.0,0.18877964215897097,0.7859065706616272,-1.0,-1.0,-1.0,0.8833106264410181,0.1412349179190823,-1.0,-1.0,-1.0,-1.0,-1.0,-1.0,-1.0,-1.0,-1.0,-1.0,-1.0,-1.0,-1.0,-1.0,-1.0,-1.0
