bad_A,bad_B,disc1,disc2,fI,fO_A,fO_B,fP_A,fP_B,fRi,fRo,fS,good_A,good_B,no_disc,pick,put,redo_A,redo_B,sI,sO_A,sO_B,sP_A,sP_B,sQ_A,sQ_Ar,sQ_B,sQ_Br,sRi,sRo,sS,test1,test2,turn1,turn2
-22219,-20467,-659,-231,-401,-12,-480,-223,-296,-681,-264,-69,20748,21652,-474,-157,-794,-6551,-2436,-278,-424,-92,-546,-203,-744,-419,-645,-587,-792,-370,-214,-112,-728,-328,-732
0.5567734949712067,0.18078004802577255,-1.0,-1.0,-1.0,-1.0,-1.0,-1.0,-1.0,-1.0,-1.0,-1.0,0.8160368602759802,0.5932091971794169,-1.0,-1.0,-1.0,0.16577221396264818,0.533426946617887,-1.0,-1.0,-1.0,-1.0,-1.0,-1.0,-1.0,-1.0,-1.0,-1.0,-1.0,-1.0,-1.0,-1.0,-1.0,-1.0
