bad_A,bad_B,disc1,disc2,fI,fO_A,fO_B,fP_A,fP_B,fRi,fRo,fS,good_A,good_B,no_disc,pick,put,redo_A,redo_B,sI,sO_A,sO_B,sP_A,sP_B,sQ_A,sQ_Ar,sQ_B,sQ_Br,sRi,sRo,sS,test1,test2,turn1,turn2
-32185,-39768,-111,-657,-760,-34,-272,-287,-359,-54,-622,-193,31516,35114,-232,-669,-468,-1273,-7289,-773,-343,-395,-563,-652,-424,-623,-749,-466,-232,-136,-790,-66,-191,-467,-521
0.8903743713544274,0.6194012044975603,-1.0,-1.0,-1.0,-1.0,-1.0,-1.0,-1.0,-1.0,-1.0,-1.0,0.610126641150732,0.13897131632478832,-1.0,-1.0,-1.0,0.5999624343243853,0.3150243926038082,-1.0,-1.0,-1.0,-1.0,-1.0,-1.0,-1.0,-1.0,-1.0,-1.0,-1.0,-1.0,-1.0,-1.0,-1.0,-1.0
