bad_A,bad_B,disc1,disc2,fI,fO_A,fO_B,fP_A,fP_B,fRi,fRo,fS,good_A,good_B,no_disc,pick,put,redo_A,redo_B,sI,sO_A,sO_B,sP_A,sP_B,sQ_A,sQ_Ar,sQ_B,sQ_Br,sRi,sRo,sS,test1,test2,turn1,turn2
-21820,-25435,-783,-547,-417,-254,-753,-508,-397,-307,-199,-483,35041,29340,-283,-766,-286,-1200,-8483,-579,-278,-64,-671,-281,-602,-119,-518,-389,-426,-120,-555,-270,-227,-23,-615
0.8051836529903039,0.12703211324932565,-1.0,-1.0,-1.0,-1.0,-1.0,-1.0,-1.0,-1.0,-1.0,-1.0,0.4555090922326491,0.8431750557747799,-1.0,-1.0,-1.0,0.6335182208045392,0.4525350497810159,-1.0,-1.0,-1.0,-1.0,-1.0,-1.0,-1.0,-1.0,-1.0,-1.0,-1.0,-1.0,-1.0,-1.0,-1.0,-1.0
