bad_A,bad_B,disc1,disc2,fI,fO_A,fO_B,fP_A,fP_B,fRi,fRo,fS,good_A,good_B,no_disc,pick,put,redo_A,redo_B,sI,sO_A,sO_B,sP_A,sP_B,sQ_A,sQ_Ar,sQ_B,sQ_Br,sRi,sRo,sS,test1,test2,turn1,turn2
-30451,-29488,-76,-648,-189,-701,-486,-479,-690,-151,-276,-113,27001,30584,-507,-267,-564,-3539,-7028,-507,-788,-27,-204,-227,-733,-433,-294,-419,-611,-196,-62,-22,-385,-555,-364
0.5710999572619502,0.8125550828734496,-1.0,-1.0,-1.0,-1.0,-1.0,-1.0,-1.0,-1.0,-1.0,-1.0,0.7682961925195688,0.5370346529999221,-1.0,-1.0,-1.0,0.7364811144310688,0.6596946098729681,-1.0,-1.0,-1.0,-1.0,-1.0,-1.0,-1.0,-1.0,-1.0,-1.0,-1.0,-1.0,-1.0,-1.0,-1.0,-1.0
