bad_A,bad_B,disc1,disc2,fI,fO_A,fO_B,fP_A,fP_B,fRi,fRo,fS,good_A,good_B,no_disc,pick,put,redo_A,redo_B,sI,sO_A,sO_B,sP_A,sP_B,sQ_A,sQ_Ar,sQ_B,sQ_Br,sRi,sRo,sS,test1,test2,turn1,turn2
-37439,-21610,-181,-61,-87,-173,-484,-559,-415,-362,-338,-645,36214,39670,-782,-376,-721,-7175,-4677,-115,-136,-299,-146,-400,-275,-259,-497,-470,-210,-797,-734,-434,-301,-541,-115
0.33605912754248235,0.6903252716843156,-1.0,-1.0,-1.0,-1.0,-1.0,-1.0,-1.0,-1.0,-1.0,-1.0,0.46875335771160687,0.7285637509921982,-1.0,-1.0,-1.0,0.19834509234329226,0.2661978829625272,-1.0,-1.0,-1.0,-1.0,-1.0,-1.0,-1.0,-1.0,-1.0,-1.0,-1.0,-1.0,-1.0,-1.0,-1.0,-1.0
