bad_A,bad_B,fI,fO_A,fO_B,fP_A,fp_B,fRi,fRo,fS,good_A,good_B,redo_A,redo_B,sI,sO_A,sO_B,sP_A,sP_B,sQ_A,sQ_Ar,sQ_B,sQ_Br,sRi,sRo,sS
-38952,-24062,-407,-627,-82,-509,-781,-207,-288,-50,31045,32720,-2634,-7401,-798,-36,-126,-393,-34,-646,-369,-216,-300,-385,-352,-52
0.24171747001359523,0.7558470592377644,-1.0,-1.0,-1.0,-1.0,-1.0,-1.0,-1.0,-1.0,0.14054028139147903,0.18262473949598396,0.45906445796733364,0.36529269582919655,-1.0,-1.0,-1.0,-1.0,-1.0,-1.0,-1.0,-1.0,-1.0,-1.0,-1.0,-1.0
