bad_A,bad_B,fI,fO_A,fO_B,fP_A,fp_B,fRi,fRo,fS,good_A,good_B,redo_A,redo_B,sI,sO_A,sO_B,sP_A,sP_B,sQ_A,sQ_Ar,sQ_B,sQ_Br,sRi,sRo,sS
-34187,-24051,-675,-36,-564,-433,-249,-779,-101,-547,27274,22925,-7970,-1364,-796,-276,-552,-396,-588,-484,-549,-560,-364,-246,-780,-673
0.8529218018845012,0.4438245866959799,-1.0,-1.0,-1.0,-1.0,-1.0,-1.0,-1.0,-1.0,0.4723674138452778,0.6349466172131866,0.2529946945331137,0.22757669357635182,-1.0,-1.0,-1.0,-1.0,-1.0,-1.0,-1.0,-1.0,-1.0,-1.0,-1.0,-1.0
