bad_A,bad_B,fI,fO_A,fO_B,fP_A,fp_B,fRi,fRo,fS,good_A,good_B,redo_A,redo_B,sI,sO_A,sO_B,sP_A,sP_B,sQ_A,sQ_Ar,sQ_B,sQ_Br,sRi,sRo,sS
-24993,-32823,-305,-412,-635,-759,-270,-480,-346,-335,21688,39384,-8631,-2617,-107,-598,-447,-657,-266,-204,-272,-668,-699,-265,-666,-213
0.5557881599642818,0.7440571407373251,-1.0,-1.0,-1.0,-1.0,-1.0,-1.0,-1.0,-1.0,0.5390610992661092,0.4573559894223459,0.4547943918171088,0.5715251801650068,-1.0,-1.0,-1.0,-1.0,-1.0,-1.0,-1.0,-1.0,-1.0,-1.0,-1.0,-1.0
