bad_A,bad_B,fI,fO_A,fO_B,fP_A,fp_B,fRi,fRo,fS,good_A,good_B,redo_A,redo_B,sI,sO_A,sO_B,sP_A,sP_B,sQ_A,sQ_Ar,sQ_B,sQ_Br,sRi,sRo,sS
-29734,-39037,-763,-226,-470,-203,-549,-360,-600,-350,21831,32454,-7765,-8000,-174,-182,-360,-682,-43,-531,-136,-117,-247,-104,-91,-212
0.8590739812401048,0.6429774835107209,-1.0,-1.0,-1.0,-1.0,-1.0,-1.0,-1.0,-1.0,0.4254015438598969,0.1961440514352323,0.22433696665675634,0.5055700896814861,-1.0,-1.0,-1.0,-1.0,-1.0,-1.0,-1.0,-1.0,-1.0,-1.0,-1.0,-1.0
