bad_A,bad_B,fI,fO_A,fO_B,fP_A,fp_B,fRi,fRo,fS,good_A,good_B,redo_A,redo_B,sI,sO_A,sO_B,sP_A,sP_B,sQ_A,sQ_Ar,sQ_B,sQ_Br,sRi,sRo,sS
-31806,-25247,-541,-39,-208,-754,-463,-491,-368,-776,26293,27253,-7145,-1854,-61,-301,-415,-724,-469,-282,-106,-180,-261,-174,-698,-521
0.731161674358291,0.8318185187854928,-1.0,-1.0,-1.0,-1.0,-1.0,-1.0,-1.0,-1.0,0.7237420356769044,0.40419276169028573,0.397625128861799,0.7012514514304454,-1.0,-1.0,-1.0,-1.0,-1.0,-1.0,-1.0,-1.0,-1.0,-1.0,-1.0,-1.0
