bad_A,bad_B,fI,fO_A,fO_B,fP_A,fp_B,fRi,fRo,fS,good_A,good_B,redo_A,redo_B,sI,sO_A,sO_B,sP_A,sP_B,sQ_A,sQ_Ar,sQ_B,sQ_Br,sRi,sRo,sS
-38712,-39180,-669,-156,-92,-659,-175,-46,-774,-409,34292,33326,-8187,-4567,-291,-685,-499,-252,-669,-487,-53,-775,-473,-781,-744,-142
0.22805134439101124,0.403425956124182,-1.0,-1.0,-1.0,-1.0,-1.0,-1.0,-1.0,-1.0,0.5852663204813264,0.8933617113226631,0.38480076307191646,0.8201739872706343,-1.0,-1.0,-1.0,-1.0,-1.0,-1.0,-1.0,-1.0,-1.0,-1.0,-1.0,-1.0
