bad_A,bad_B,disc1,disc2,fI,fO_A,fO_B,fP_A,fP_B,fRi,fRo,fS,good_A,good_B,no_disc,pick,put,redo_A,redo_B,sI,sO_A,sO_B,sP_A,sP_B,sQ_A,sQ_Ar,sQ_B,sQ_Br,sRi,sRo,sS,test1,test2,turn1,turn2
-26702,-29153,-312,-728,-215,-262,-283,-428,-602,-529,-418,-519,31068,20138,-166,-495,-310,-6274,-4030,-116,-140,-636,-59,-50,-680,-603,-163,-560,-717,-126,-36,-433,-376,-312,-624
0.4628205572856502,0.501124167014314,-1.0,-1.0,-1.0,-1.0,-1.0,-1.0,-1.0,-1.0,-1.0,-1.0,0.6376428076432602,0.2372527438978958,-1.0,-1.0,-1.0,0.8700984237875656,0.372727481988791,-1.0,-1.0,-1.0,-1.0,-1.0,-1.0,-1.0,-1.0,-1.0,-1.0,-1.0,-1.0,-1.0,-1.0,-1.0,-1.0
