bad_A,bad_B,disc1,disc2,fI,fO_A,fO_B,fP_A,fP_B,fRi,fRo,fS,good_A,good_B,no_disc,pick,put,redo_A,redo_B,sI,sO_A,sO_B,sP_A,sP_B,sQ_A,sQ_Ar,sQ_B,sQ_Br,sRi,sRo,sS,test1,test2,turn1,turn2
-28055,-20412,-601,-442,-413,-615,-243,-454,-52,-596,-549,-622,32132,27481,-332,-521,-438,-2638,-2755,-662,-421,-113,-691,-417,-698,-597,-384,-390,-27,-715,-299,-276,-462,-296,-13
0.35075446649022046,0.36499774400128393,-1.0,-1.0,-1.0,-1.0,-1.0,-1.0,-1.0,-1.0,-1.0,-1.0,0.45116935895769106,0.15746878087494967,-1.0,-1.0,-1.0,0.5084908993901254,0.8601884240558935,-1.0,-1.0,-1.0,-1.0,-1.0,-1.0,-1.0,-1.0,-1.0,-1.0,-1.0,-1.0,-1.0,-1.0,-1.0,-1.0
