bad_A,bad_B,disc1,disc2,fI,fO_A,fO_B,fP_A,fP_B,fRi,fRo,fS,good_A,good_B,no_disc,pick,put,redo_A,redo_B,sI,sO_A,sO_B,sP_A,sP_B,sQ_A,sQ_Ar,sQ_B,sQ_Br,sRi,sRo,sS,test1,test2,turn1,turn2
-39672,-30672,-577,-526,-585,-745,-167,-497,-778,-341,-621,-171,30167,37624,-440,-455,-65,-7287,-2672,-555,-556,-799,-197,-648,-376,-52,-128,-200,-530,-297,-764,-404,-32,-180,-760
0.1434914635986238,0.7005620041029872,-1.0,-1.0,-1.0,-1.0,-1.0,-1.0,-1.0,-1.0,-1.0,-1.0,0.43909406820066466,0.8032769713305749,-1.0,-1.0,-1.0,0.44617669991530506,0.8902252079504301,-1.0,-1.0,-1.0,-1.0,-1.0,-1.0,-1.0,-1.0,-1.0,-1.0,-1.0,-1.0,-1.0,-1.0,-1.0,-1.0
