bad_A,bad_B,disc1,disc2,fI,fO_A,fO_B,fP_A,fP_B,fRi,fRo,fS,good_A,good_B,no_disc,pick,put,redo_A,redo_B,sI,sO_A,sO_B,sP_A,sP_B,sQ_A,sQ_Ar,sQ_B,sQ_Br,sRi,sRo,sS,test1,test2,turn1,turn2
-27807,-31035,-578,-604,-394,-746,-565,-341,-487,-95,-488,-516,33638,33180,-653,-797,-292,-6873,-4934,-507,-23,-647,-598,-277,-451,-508,-517,-251,-720,-404,-41,-558,-725,-543,-703
0.7746022981514425,0.46160695919944394,-1.0,-1.0,-1.0,-1.0,-1.0,-1.0,-1.0,-1.0,-1.0,-1.0,0.5387233908358711,0.5332139578114871,-1.0,-1.0,-1.0,0.8534594971119471,0.17680733711698604,-1.0,-1.0,-1.0,-1.0,-1.0,-1.0,-1.0,-1.0,-1.0,-1.0,-1.0,-1.0,-1.0,-1.0,-1.0,-1.0
