bad_A,bad_B,disc1,disc2,fI,fO_A,fO_B,fP_A,fP_B,fRi,fRo,fS,good_A,good_B,no_disc,pick,put,redo_A,redo_B,sI,sO_A,sO_B,sP_A,sP_B,sQ_A,sQ_Ar,sQ_B,sQ_Br,sRi,sRo,sS,test1,test2,turn1,turn2
-28487,-39036,-46,-707,-509,-577,-218,-94,-212,-14,-320,-300,23560,23838,-382,-189,-276,-3455,-5072,-746,-768,-73,-379,-264,-293,-719,-289,-275,-197,-516,-140,-697,-551,-170,-436
0.25166687058469805,0.29798883214392413,-1.0,-1.0,-1.0,-1.0,-1.0,-1.0,-1.0,-1.0,-1.0,-1.0,0.1722707388426107,0.6667399005702931,-1.0,-1.0,-1.0,0.5715423424247692,0.4223458429788781,-1.0,-1.0,-1.0,-1.0,-1.0,-1.0,-1.0,-1.0,-1.0,-1.0,-1.0,-1.0,-1.0,-1.0,-1.0,-1.0
