bad_A,bad_B,disc1,disc2,fI,fO_A,fO_B,fP_A,fP_B,fRi,fRo,fS,good_A,good_B,no_disc,pick,put,redo_A,redo_B,sI,sO_A,sO_B,sP_A,sP_B,sQ_A,sQ_Ar,sQ_B,sQ_Br,sRi,sRo,sS,test1,test2,turn1,turn2
-38580,-36842,-575,-638,-69,-80,-764,-464,-565,-603,-357,-15,28076,29946,-103,-645,-728,-6980,-7720,-71,-20,-757,-554,-21,-261,-734,-528,-122,-41,-588,-672,-495,-447,-679,-794
0.8829379394326956,0.1786989198245733,-1.0,-1.0,-1.0,-1.0,-1.0,-1.0,-1.0,-1.0,-1.0,-1.0,0.26556216072578853,0.8774517579314652,-1.0,-1.0,-1.0,0.2633749435297176,0.4987986641543021,-1.0,-1.0,-1.0,-1.0,-1.0,-1.0,-1.0,-1.0,-1.0,-1.0,-1.0,-1.0,-1.0,-1.0,-1.0,-1.0
