bad_A,bad_B,fI,fO_A,fO_B,fP_A,fp_B,fRi,fRo,fS,good_A,good_B,redo_A,redo_B,sI,sO_A,sO_B,sP_A,sP_B,sQ_A,sQ_Ar,sQ_B,sQ_Br,sRi,sRo,sS
-30363,-36803,-279,-290,-613,-548,-363,-52,-99,-138,24624,38411,-6260,-3467,-223,-418,-589,-286,-518,-692,-480,-396,-190,-750,-312,-402
0.5628117541603203,0.6361137985834375,-1.0,-1.0,-1.0,-1.0,-1.0,-1.0,-1.0,-1.0,0.8214731770464795,0.40211587052380604,0.1268170412956236,0.2683395981239053,-1.0,-1.0,-1.0,-1.0,-1.0,-1.0,-1.0,-1.0,-1.0,-1.0,-1.0,-1.0
