bad_A,bad_B,fI,fO_A,fO_B,fP_A,fp_B,fRi,fRo,fS,good_A,good_B,redo_A,redo_B,sI,sO_A,sO_B,sP_A,sP_B,sQ_A,sQ_Ar,sQ_B,sQ_Br,sRi,sRo,sS
-27690,-37197,-558,-509,-576,-620,-267,-761,-185,-795,23292,31719,-2346,-3517,-454,-710,-363,-689,-461,-699,-610,-418,-740,-435,-487,-552
0.1342987181299866,0.6275992759776403,-1.0,-1.0,-1.0,-1.0,-1.0,-1.0,-1.0,-1.0,0.1111290648665376,0.5285386042119317,0.2021541151106293,0.19242644253707708,-1.0,-1.0,-1.0,-1.0,-1.0,-1.0,-1.0,-1.0,-1.0,-1.0,-1.0,-1.0
