bad_A,bad_B,disc1,disc2,fI,fO_A,fO_B,fP_A,fP_B,fRi,fRo,fS,good_A,good_B,no_disc,pick,put,redo_A,redo_B,sI,sO_A,sO_B,sP_A,sP_B,sQ_A,sQ_Ar,sQ_B,sQ_Br,sRi,sRo,sS,test1,test2,turn1,turn2
-35673,-37827,-42,-624,-612,-207,-34,-492,-566,-565,-202,-317,35981,20051,-773,-325,-542,-8017,-4476,-39,-642,-172,-587,-749,-752,-600,-101,-760,-262,-469,-528,-685,-736,-536,-275
0.3020321061379333,0.514699199311562,-1.0,-1.0,-1.0,-1.0,-1.0,-1.0,-1.0,-1.0,-1.0,-1.0,0.18041450203070025,0.4122289264512302,-1.0,-1.0,-1.0,0.4399024527747457,0.41204243614208647,-1.0,-1.0,-1.0,-1.0,-1.0,-1.0,-1.0,-1.0,-1.0,-1.0,-1.0,-1.0,-1.0,-1.0,-1.0,-1.0
