bad_A,bad_B,disc1,disc2,fI,fO_A,fO_B,fP_A,fP_B,fRi,fRo,fS,good_A,good_B,no_disc,pick,put,redo_A,redo_B,sI,sO_A,sO_B,sP_A,sP_B,sQ_A,sQ_Ar,sQ_B,sQ_Br,sRi,sRo,sS,test1,test2,turn1,turn2
-29077,-36145,-661,-46,-294,-378,-291,-726,-136,-36,-385,-273,29358,30464,-160,-138,-737,-1930,-8045,-688,-659,-291,-36,-13,-142,-749,-122,-282,-528,-605,-698,-72,-169,-582,-798
0.46183120336187977,0.4390353454586654,-1.0,-1.0,-1.0,-1.0,-1.0,-1.0,-1.0,-1.0,-1.0,-1.0,0.31786603365379573,0.44588163365436395,-1.0,-1.0,-1.0,0.7900442863955468,0.4405228276542993,-1.0,-1.0,-1.0,-1.0,-1.0,-1.0,-1.0,-1.0,-1.0,-1.0,-1.0,-1.0,-1.0,-1.0,-1.0,-1.0
