bad_A,bad_B,disc1,disc2,fI,fO_A,fO_B,fP_A,fP_B,fRi,fRo,fS,good_A,good_B,no_disc,pick,put,redo_A,redo_B,sI,sO_A,sO_B,sP_A,sP_B,sQ_A,sQ_Ar,sQ_B,sQ_Br,sRi,sRo,sS,test1,test2,turn1,turn2
-39819,-26713,-622,-510,-64,-385,-628,-393,-270,-345,-567,-431,39075,36618,-777,-369,-744,-7040,-4818,-94,-663,-687,-488,-345,-350,-129,-598,-748,-738,-409,-617,-410,-385,-499,-289
0.24508854300433036,0.4872396804884914,-1.0,-1.0,-1.0,-1.0,-1.0,-1.0,-1.0,-1.0,-1.0,-1.0,0.7874356621412217,0.40825092021472453,-1.0,-1.0,-1.0,0.5326287571655093,0.56129988961133,-1.0,-1.0,-1.0,-1.0,-1.0,-1.0,-1.0,-1.0,-1.0,-1.0,-1.0,-1.0,-1.0,-1.0,-1.0,-1.0
