bad_A,bad_B,disc1,disc2,fI,fO_A,fO_B,fP_A,fP_B,fRi,fRo,fS,good_A,good_B,no_disc,pick,put,redo_A,redo_B,sI,sO_A,sO_B,sP_A,sP_B,sQ_A,sQ_Ar,sQ_B,sQ_Br,sRi,sRo,sS,test1,test2,turn1,turn2
-29869,-29267,-156,-674,-429,-361,-686,-184,-91,-282,-358,-744,39333,24517,-592,-745,-463,-7606,-7910,-122,-634,-375,-383,-696,-142,-798,-173,-503,-293,-364,-243,-542,-328,-672,-170
0.7353650281082377,0.14677400225857548,-1.0,-1.0,-1.0,-1.0,-1.0,-1.0,-1.0,-1.0,-1.0,-1.0,0.47065336985418293,0.3972597242635758,-1.0,-1.0,-1.0,0.32892089902954214,0.34776227356878986,-1.0,-1.0,-1.0,-1.0,-1.0,-1.0,-1.0,-1.0,-1.0,-1.0,-1.0,-1.0,-1.0,-1.0,-1.0,-1.0
