bad_A,bad_B,disc1,disc2,fI,fO_A,fO_B,fP_A,fP_B,fRi,fRo,fS,good_A,good_B,no_disc,pick,put,redo_A,redo_B,sI,sO_A,sO_B,sP_A,sP_B,sQ_A,sQ_Ar,sQ_B,sQ_Br,sRi,sRo,sS,test1,test2,turn1,turn2
-32575,-20401,-669,-599,-106,-20,-764,-779,-243,-390,-224,-107,26911,28701,-350,-128,-283,-6880,-4058,-431,-284,-200,-394,-508,-467,-166,-241,-390,-563,-756,-709,-693,-33,-147,-512
0.8857756843281108,0.24908944959926782,-1.0,-1.0,-1.0,-1.0,-1.0,-1.0,-1.0,-1.0,-1.0,-1.0,0.1095190872293041,0.42390934796822477,-1.0,-1.0,-1.0,0.2863832346267373,0.7270641531436739,-1.0,-1.0,-1.0,-1.0,-1.0,-1.0,-1.0,-1.0,-1.0,-1.0,-1.0,-1.0,-1.0,-1.0,-1.0,-1.0
