bad_A,bad_B,disc1,disc2,fI,fO_A,fO_B,fP_A,fP_B,fRi,fRo,fS,good_A,good_B,no_disc,pick,put,redo_A,redo_B,sI,sO_A,sO_B,sP_A,sP_B,sQ_A,sQ_Ar,sQ_B,sQ_Br,sRi,sRo,sS,test1,test2,turn1,turn2
-35025,-35564,-27,-248,-343,-267,-324,-525,-686,-300,-606,-161,25993,32931,-253,-307,-275,-5803,-2066,-166,-604,-74,-620,-302,-588,-30,-24,-194,-639,-731,-388,-681,-514,-125,-563
0.3269181067653255,0.818710445167456,-1.0,-1.0,-1.0,-1.0,-1.0,-1.0,-1.0,-1.0,-1.0,-1.0,0.18976040429318763,0.5041811194343876,-1.0,-1.0,-1.0,0.42816354563319503,0.7318446236080312,-1.0,-1.0,-1.0,-1.0,-1.0,-1.0,-1.0,-1.0,-1.0,-1.0,-1.0,-1.0,-1.0,-1.0,-1.0,-1.0
