bad_A,bad_B,disc1,disc2,fI,fO_A,fO_B,fP_A,fP_B,fRi,fRo,fS,good_A,good_B,no_disc,pick,put,redo_A,redo_B,sI,sO_A,sO_B,sP_A,sP_B,sQ_A,sQ_Ar,sQ_B,sQ_Br,sRi,sRo,sS,test1,test2,turn1,turn2
-30304,-31242,-573,-555,-346,-315,-633,-370,-677,-608,-63,-242,36061,29825,-757,-22,-525,-5299,-5628,-105,-594,-414,-780,-698,-340,-656,-267,-544,-112,-194,-355,-227,-213,-724,-565
0.12158499005623923,0.2487129811861534,-1.0,-1.0,-1.0,-1.0,-1.0,-1.0,-1.0,-1.0,-1.0,-1.0,0.7215939454497243,0.2159566649649449,-1.0,-1.0,-1.0,0.3729016847921447,0.47970013206134043,-1.0,-1.0,-1.0,-1.0,-1.0,-1.0,-1.0,-1.0,-1.0,-1.0,-1.0,-1.0,-1.0,-1.0,-1.0,-1.0
