bad_A,bad_B,disc1,disc2,fI,fO_A,fO_B,fP_A,fP_B,fRi,fRo,fS,good_A,good_B,no_disc,pick,put,redo_A,redo_B,sI,sO_A,sO_B,sP_A,sP_B,sQ_A,sQ_Ar,sQ_B,sQ_Br,sRi,sRo,sS,test1,test2,turn1,turn2
-24848,-26132,-439,-521,-295,-521,-326,-161,-280,-667,-302,-563,31303,21811,-99,-134,-11,-7186,-5797,-550,-287,-80,-572,-54,-281,-228,-579,-440,-151,-780,-665,-516,-545,-394,-150
0.6490735064087209,0.37837411577078883,-1.0,-1.0,-1.0,-1.0,-1.0,-1.0,-1.0,-1.0,-1.0,-1.0,0.5265671630224641,0.7923832851904347,-1.0,-1.0,-1.0,0.7131095798648792,0.4139470397809214,-1.0,-1.0,-1.0,-1.0,-1.0,-1.0,-1.0,-1.0,-1.0,-1.0,-1.0,-1.0,-1.0,-1.0,-1.0,-1.0
