bad_A,bad_B,disc1,disc2,fI,fO_A,fO_B,fP_A,fP_B,fRi,fRo,fS,good_A,good_B,no_disc,pick,put,redo_A,redo_B,sI,sO_A,sO_B,sP_A,sP_B,sQ_A,sQ_Ar,sQ_B,sQ_Br,sRi,sRo,sS,test1,test2,turn1,turn2
-22232,-36002,-550,-569,-771,-88,-629,-313,-347,-676,-622,-268,37567,30360,-696,-341,-36,-3349,-6126,-169,-212,-250,-733,-616,-416,-428,-321,-614,-578,-566,-303,-766,-670,-576,-404
0.432510128185122,0.1645917251599264,-1.0,-1.0,-1.0,-1.0,-1.0,-1.0,-1.0,-1.0,-1.0,-1.0,0.45248434097772594,0.28673725184611365,-1.0,-1.0,-1.0,0.2493681535804571,0.2037026691766294,-1.0,-1.0,-1.0,-1.0,-1.0,-1.0,-1.0,-1.0,-1.0,-1.0,-1.0,-1.0,-1.0,-1.0,-1.0,-1.0
