bad_A,bad_B,disc1,disc2,fI,fO_A,fO_B,fP_A,fP_B,fRi,fRo,fS,good_A,good_B,no_disc,pick,put,redo_A,redo_B,sI,sO_A,sO_B,sP_A,sP_B,sQ_A,sQ_Ar,sQ_B,sQ_Br,sRi,sRo,sS,test1,test2,turn1,turn2
-20785,-28423,-617,-241,-779,-16,-70,-407,-350,-452,-167,-796,36149,27357,-115,-531,-127,-3424,-8760,-724,-264,-243,-387,-698,-120,-613,-511,-501,-530,-390,-562,-194,-426,-691,-412
0.30883851763945325,0.8961060888436722,-1.0,-1.0,-1.0,-1.0,-1.0,-1.0,-1.0,-1.0,-1.0,-1.0,0.7115942601117236,0.21167029340770968,-1.0,-1.0,-1.0,0.8511371738622647,0.6193924742435784,-1.0,-1.0,-1.0,-1.0,-1.0,-1.0,-1.0,-1.0,-1.0,-1.0,-1.0,-1.0,-1.0,-1.0,-1.0,-1.0
