bad_A,bad_B,disc1,disc2,fI,fO_A,fO_B,fP_A,fP_B,fRi,fRo,fS,good_A,good_B,no_disc,pick,put,redo_A,redo_B,sI,sO_A,sO_B,sP_A,sP_B,sQ_A,sQ_Ar,sQ_B,sQ_Br,sRi,sRo,sS,test1,test2,turn1,turn2
-39531,-32778,-400,-206,-344,-727,-208,-454,-127,-662,-242,-53,29573,22809,-497,-434,-581,-5702,-4851,-682,-656,-562,-221,-192,-569,-626,-517,-133,-316,-317,-205,-689,-64,-593,-89
0.20960334187435603,0.4511400349996818,-1.0,-1.0,-1.0,-1.0,-1.0,-1.0,-1.0,-1.0,-1.0,-1.0,0.7974127004565721,0.8094262881247779,-1.0,-1.0,-1.0,0.31351695512862837,0.5990087780572649,-1.0,-1.0,-1.0,-1.0,-1.0,-1.0,-1.0,-1.0,-1.0,-1.0,-1.0,-1.0,-1.0,-1.0,-1.0,-1.0
