bad_A,bad_B,disc1,disc2,fI,fO_A,fO_B,fP_A,fP_B,fRi,fRo,fS,good_A,good_B,no_disc,pick,put,redo_A,redo_B,sI,sO_A,sO_B,sP_A,sP_B,sQ_A,sQ_Ar,sQ_B,sQ_Br,sRi,sRo,sS,test1,test2,turn1,turn2
-30036,-22793,-122,-748,-501,-146,-635,-576,-208,-688,-40,-563,21326,24645,-480,-624,-565,-8728,-8725,-419,-649,-498,-548,-590,-206,-233,-726,-783,-36,-509,-167,-418,-248,-221,-482
0.4772742845696071,0.5495966934575442,-1.0,-1.0,-1.0,-1.0,-1.0,-1.0,-1.0,-1.0,-1.0,-1.0,0.47896852966476444,0.3134778215381099,-1.0,-1.0,-1.0,0.28248906462121975,0.164857120774787,-1.0,-1.0,-1.0,-1.0,-1.0,-1.0,-1.0,-1.0,-1.0,-1.0,-1.0,-1.0,-1.0,-1.0,-1.0,-1.0
