bad_A,bad_B,disc1,disc2,fI,fO_A,fO_B,fP_A,fP_B,fRi,fRo,fS,good_A,good_B,no_disc,pick,put,redo_A,redo_B,sI,sO_A,sO_B,sP_A,sP_B,sQ_A,sQ_Ar,sQ_B,sQ_Br,sRi,sRo,sS,test1,test2,turn1,turn2
-32488,-33014,-214,-684,-258,-534,-798,-37,-220,-37,-449,-413,28972,27946,-747,-160,-762,-5884,-3537,-631,-148,-516,-221,-121,-87,-427,-116,-707,-708,-440,-127,-329,-98,-565,-92
0.5270567335034009,0.347049063284797,-1.0,-1.0,-1.0,-1.0,-1.0,-1.0,-1.0,-1.0,-1.0,-1.0,0.7021404687389263,0.30876816678415187,-1.0,-1.0,-1.0,0.2980854753130544,0.7964685910744044,-1.0,-1.0,-1.0,-1.0,-1.0,-1.0,-1.0,-1.0,-1.0,-1.0,-1.0,-1.0,-1.0,-1.0,-1.0,-1.0
