bad_A,bad_B,fI,fO_A,fO_B,fP_A,fp_B,fRi,fRo,fS,good_A,good_B,redo_A,redo_B,sI,sO_A,sO_B,sP_A,sP_B,sQ_A,sQ_Ar,sQ_B,sQ_Br,sRi,sRo,sS
-37210,-39416,-69,-151,-48,-619,-774,-689,-177,-409,32807,31850,-2030,-8669,-65,-744,-483,-703,-530,-319,-634,-648,-460,-532,-582,-12
0.34720894741096525,0.8861021655731686,-1.0,-1.0,-1.0,-1.0,-1.0,-1.0,-1.0,-1.0,0.10060988377851175,0.4731614211118059,0.30609158517683377,0.25848184590813394,-1.0,-1.0,-1.0,-1.0,-1.0,-1.0,-1.0,-1.0,-1.0,-1.0,-1.0,-1.0
