bad_A,bad_B,fI,fO_A,fO_B,fP_A,fp_B,fRi,fRo,fS,good_A,good_B,redo_A,redo_B,sI,sO_A,sO_B,sP_A,sP_B,sQ_A,sQ_Ar,sQ_B,sQ_Br,sRi,sRo,sS
-31717,-31676,-370,-202,-458,-577,-368,-604,-23,-675,36758,39021,-7289,-2003,-531,-112,-439,-440,-97,-691,-362,-10,-53,-689,-301,-466
0.37085173167695795,0.264949244184575,-1.0,-1.0,-1.0,-1.0,-1.0,-1.0,-1.0,-1.0,0.8895164530757754,0.4127301166842091,0.4104065777055895,0.3854078936880584,-1.0,-1.0,-1.0,-1.0,-1.0,-1.0,-1.0,-1.0,-1.0,-1.0,-1.0,-1.0
