bad_A,bad_B,fI,fO_A,fO_B,fP_A,fp_B,fRi,fRo,fS,good_A,good_B,redo_A,redo_B,sI,sO_A,sO_B,sP_A,sP_B,sQ_A,sQ_Ar,sQ_B,sQ_Br,sRi,sRo,sS
-21818,-33769,-578,-495,-109,-374,-226,-710,-286,-216,29805,26785,-7354,-3011,-420,-215,-544,-307,-279,-331,-684,-136,-117,-563,-433,-611
0.1327668616653715,0.4907251283110101,-1.0,-1.0,-1.0,-1.0,-1.0,-1.0,-1.0,-1.0,0.6638123463047123,0.8126466870151864,0.5542607251239253,0.23033104996502063,-1.0,-1.0,-1.0,-1.0,-1.0,-1.0,-1.0,-1.0,-1.0,-1.0,-1.0,-1.0
