bad_A,bad_B,disc1,disc2,fI,fO_A,fO_B,fP_A,fP_B,fRi,fRo,fS,good_A,good_B,no_disc,pick,put,redo_A,redo_B,sI,sO_A,sO_B,sP_A,sP_B,sQ_A,sQ_Ar,sQ_B,sQ_Br,sRi,sRo,sS,test1,test2,turn1,turn2
-30008,-35184,-416,-778,-501,-172,-506,-274,-578,-567,-394,-794,27747,26339,-77,-578,-504,-5483,-1331,-13,-242,-461,-93,-54,-472,-60,-107,-566,-68,-441,-479,-216,-82,-74,-393
0.6325805725860576,0.32189284787545624,-1.0,-1.0,-1.0,-1.0,-1.0,-1.0,-1.0,-1.0,-1.0,-1.0,0.43712277304793,0.2171757101838755,-1.0,-1.0,-1.0,0.48471526838996193,0.14668814421456464,-1.0,-1.0,-1.0,-1.0,-1.0,-1.0,-1.0,-1.0,-1.0,-1.0,-1.0,-1.0,-1.0,-1.0,-1.0,-1.0
