bad_A,bad_B,disc1,disc2,fI,fO_A,fO_B,fP_A,fP_B,fRi,fRo,fS,good_A,good_B,no_disc,pick,put,redo_A,redo_B,sI,sO_A,sO_B,sP_A,sP_B,sQ_A,sQ_Ar,sQ_B,sQ_Br,sRi,sRo,sS,test1,test2,turn1,turn2
-20371,-39020,-468,-654,-640,-718,-316,-615,-468,-182,-347,-673,39773,30578,-149,-430,-178,-1293,-1100,-178,-137,-389,-543,-716,-237,-405,-321,-359,-35,-60,-204,-573,-405,-589,-88
0.8217525179095315,0.4180321298019417,-1.0,-1.0,-1.0,-1.0,-1.0,-1.0,-1.0,-1.0,-1.0,-1.0,0.582687533119114,0.37497464044830553,-1.0,-1.0,-1.0,0.40591629515178773,0.692744125152671,-1.0,-1.0,-1.0,-1.0,-1.0,-1.0,-1.0,-1.0,-1.0,-1.0,-1.0,-1.0,-1.0,-1.0,-1.0,-1.0
