bad_A,bad_B,disc1,disc2,fI,fO_A,fO_B,fP_A,fP_B,fRi,fRo,fS,good_A,good_B,no_disc,pick,put,redo_A,redo_B,sI,sO_A,sO_B,sP_A,sP_B,sQ_A,sQ_Ar,sQ_B,sQ_Br,sRi,sRo,sS,test1,test2,turn1,turn2
-23123,-27456,-62,-296,-217,-773,-298,-343,-605,-172,-506,-363,33895,23718,-81,-289,-552,-8841,-6457,-74,-386,-455,-31,-221,-681,-159,-45,-32,-323,-213,-572,-529,-439,-561,-271
0.5442283625987295,0.4730233372538397,-1.0,-1.0,-1.0,-1.0,-1.0,-1.0,-1.0,-1.0,-1.0,-1.0,0.37842401165794226,0.8301935074454585,-1.0,-1.0,-1.0,0.2877159689620651,0.8297910687386744,-1.0,-1.0,-1.0,-1.0,-1.0,-1.0,-1.0,-1.0,-1.0,-1.0,-1.0,-1.0,-1.0,-1.0,-1.0,-1.0
