bad_A,bad_B,disc1,disc2,fI,fO_A,fO_B,fP_A,fP_B,fRi,fRo,fS,good_A,good_B,no_disc,pick,put,redo_A,redo_B,sI,sO_A,sO_B,sP_A,sP_B,sQ_A,sQ_Ar,sQ_B,sQ_Br,sRi,sRo,sS,test1,test2,turn1,turn2
-36196,-24855,-710,-507,-119,-414,-208,-679,-558,-669,-794,-224,23857,31580,-570,-491,-328,-2579,-1330,-578,-482,-745,-760,-661,-188,-341,-647,-423,-593,-655,-328,-664,-798,-47,-606
0.2706604265902385,0.7717806422150788,-1.0,-1.0,-1.0,-1.0,-1.0,-1.0,-1.0,-1.0,-1.0,-1.0,0.8959047596285759,0.345786103221535,-1.0,-1.0,-1.0,0.20644384118161563,0.6432372108239541,-1.0,-1.0,-1.0,-1.0,-1.0,-1.0,-1.0,-1.0,-1.0,-1.0,-1.0,-1.0,-1.0,-1.0,-1.0,-1.0
