bad_A,bad_B,disc1,disc2,fI,fO_A,fO_B,fP_A,fP_B,fRi,fRo,fS,good_A,good_B,no_disc,pick,put,redo_A,redo_B,sI,sO_A,sO_B,sP_A,sP_B,sQ_A,sQ_Ar,sQ_B,sQ_Br,sRi,sRo,sS,test1,test2,turn1,turn2
-28373,-27462,-769,-755,-609,-486,-75,-274,-459,-590,-165,-438,21175,24889,-699,-698,-128,-4866,-1565,-420,-595,-356,-590,-373,-414,-67,-729,-198,-558,-476,-89,-795,-46,-243,-166
0.2192668631247676,0.1922935326983627,-1.0,-1.0,-1.0,-1.0,-1.0,-1.0,-1.0,-1.0,-1.0,-1.0,0.6599446878029118,0.7453310179239442,-1.0,-1.0,-1.0,0.6078119434410792,0.8707479338401808,-1.0,-1.0,-1.0,-1.0,-1.0,-1.0,-1.0,-1.0,-1.0,-1.0,-1.0,-1.0,-1.0,-1.0,-1.0,-1.0
