bad_A,bad_B,disc1,disc2,fI,fO_A,fO_B,fP_A,fP_B,fRi,fRo,fS,good_A,good_B,no_disc,pick,put,redo_A,redo_B,sI,sO_A,sO_B,sP_A,sP_B,sQ_A,sQ_Ar,sQ_B,sQ_Br,sRi,sRo,sS,test1,test2,turn1,turn2
-26025,-29257,-557,-611,-183,-744,-179,-519,-574,-750,-599,-250,36640,39248,-491,-664,-610,-6430,-6525,-573,-607,-249,-721,-463,-740,-48,-672,-55,-333,-525,-175,-82,-518,-357,-122
0.4194397670641906,0.38634140184787935,-1.0,-1.0,-1.0,-1.0,-1.0,-1.0,-1.0,-1.0,-1.0,-1.0,0.8986455956516662,0.16116313177315542,-1.0,-1.0,-1.0,0.5637040501131998,0.5538422598745191,-1.0,-1.0,-1.0,-1.0,-1.0,-1.0,-1.0,-1.0,-1.0,-1.0,-1.0,-1.0,-1.0,-1.0,-1.0,-1.0
