bad_A,bad_B,disc1,disc2,fI,fO_A,fO_B,fP_A,fP_B,fRi,fRo,fS,good_A,good_B,no_disc,pick,put,redo_A,redo_B,sI,sO_A,sO_B,sP_A,sP_B,sQ_A,sQ_Ar,sQ_B,sQ_Br,sRi,sRo,sS,test1,test2,turn1,turn2
-24196,-25942,-437,-761,-187,-289,-183,-701,-266,-126,-792,-599,35368,20166,-69,-673,-540,-6020,-1420,-153,-618,-637,-586,-695,-687,-99,-176,-129,-643,-321,-87,-86,-624,-399,-197
0.6830867686144366,0.139658171757951,-1.0,-1.0,-1.0,-1.0,-1.0,-1.0,-1.0,-1.0,-1.0,-1.0,0.6390971301725389,0.5596721437674516,-1.0,-1.0,-1.0,0.7381187545368882,0.48499984779997174,-1.0,-1.0,-1.0,-1.0,-1.0,-1.0,-1.0,-1.0,-1.0,-1.0,-1.0,-1.0,-1.0,-1.0,-1.0,-1.0
