bad_A,bad_B,disc1,disc2,fI,fO_A,fO_B,fP_A,fP_B,fRi,fRo,fS,good_A,good_B,no_disc,pick,put,redo_A,redo_B,sI,sO_A,sO_B,sP_A,sP_B,sQ_A,sQ_Ar,sQ_B,sQ_Br,sRi,sRo,sS,test1,test2,turn1,turn2
-35312,-38743,-477,-736,-414,-100,-71,-140,-433,-68,-197,-151,31928,39345,-151,-729,-132,-5440,-5732,-368,-350,-370,-472,-434,-752,-298,-473,-457,-144,-648,-222,-436,-132,-44,-607
0.5611221800948003,0.367179555139429,-1.0,-1.0,-1.0,-1.0,-1.0,-1.0,-1.0,-1.0,-1.0,-1.0,0.5176116722777471,0.13506026006259175,-1.0,-1.0,-1.0,0.5816888561214822,0.8295335812199396,-1.0,-1.0,-1.0,-1.0,-1.0,-1.0,-1.0,-1.0,-1.0,-1.0,-1.0,-1.0,-1.0,-1.0,-1.0,-1.0
