bad_A,bad_B,disc1,disc2,fI,fO_A,fO_B,fP_A,fP_B,fRi,fRo,fS,good_A,good_B,no_disc,pick,put,redo_A,redo_B,sI,sO_A,sO_B,sP_A,sP_B,sQ_A,sQ_Ar,sQ_B,sQ_Br,sRi,sRo,sS,test1,test2,turn1,turn2
-33502,-23190,-455,-411,-645,-501,-468,-691,-692,-109,-700,-643,20217,30641,-106,-544,-602,-2520,-2054,-512,-689,-300,-342,-704,-385,-784,-768,-388,-58,-167,-652,-335,-269,-489,-108
0.4990593071764472,0.26069269819763075,-1.0,-1.0,-1.0,-1.0,-1.0,-1.0,-1.0,-1.0,-1.0,-1.0,0.2529180503927445,0.41238994835916254,-1.0,-1.0,-1.0,0.6657903156510674,0.6830697507894072,-1.0,-1.0,-1.0,-1.0,-1.0,-1.0,-1.0,-1.0,-1.0,-1.0,-1.0,-1.0,-1.0,-1.0,-1.0,-1.0
