bad_A,bad_B,disc1,disc2,fI,fO_A,fO_B,fP_A,fP_B,fRi,fRo,fS,good_A,good_B,no_disc,pick,put,redo_A,redo_B,sI,sO_A,sO_B,sP_A,sP_B,sQ_A,sQ_Ar,sQ_B,sQ_Br,sRi,sRo,sS,test1,test2,turn1,turn2
-22561,-33638,-735,-135,-181,-267,-699,-150,-167,-284,-395,-204,25370,35439,-575,-231,-296,-5812,-1575,-724,-776,-45,-183,-521,-601,-296,-482,-70,-317,-437,-307,-562,-311,-101,-276
0.7861329483149849,0.8986122962251054,-1.0,-1.0,-1.0,-1.0,-1.0,-1.0,-1.0,-1.0,-1.0,-1.0,0.15231527160412064,0.6887703995931727,-1.0,-1.0,-1.0,0.4622795102022138,0.5895849620627089,-1.0,-1.0,-1.0,-1.0,-1.0,-1.0,-1.0,-1.0,-1.0,-1.0,-1.0,-1.0,-1.0,-1.0,-1.0,-1.0
