bad_A,bad_B,disc1,disc2,fI,fO_A,fO_B,fP_A,fP_B,fRi,fRo,fS,good_A,good_B,no_disc,pick,put,redo_A,redo_B,sI,sO_A,sO_B,sP_A,sP_B,sQ_A,sQ_Ar,sQ_B,sQ_Br,sRi,sRo,sS,test1,test2,turn1,turn2
-20071,-22350,-113,-50,-88,-478,-347,-155,-297,-171,-180,-98,22753,29920,-684,-400,-214,-4886,-5776,-543,-135,-799,-331,-75,-744,-429,-777,-364,-678,-350,-227,-428,-373,-419,-650
0.7398121933562748,0.5852725398181923,-1.0,-1.0,-1.0,-1.0,-1.0,-1.0,-1.0,-1.0,-1.0,-1.0,0.22730921416471334,0.7242894727426535,-1.0,-1.0,-1.0,0.8716666425532585,0.5116411185794676,-1.0,-1.0,-1.0,-1.0,-1.0,-1.0,-1.0,-1.0,-1.0,-1.0,-1.0,-1.0,-1.0,-1.0,-1.0,-1.0
