bad_A,bad_B,disc1,disc2,fI,fO_A,fO_B,fP_A,fP_B,fRi,fRo,fS,good_A,good_B,no_disc,pick,put,redo_A,redo_B,sI,sO_A,sO_B,sP_A,sP_B,sQ_A,sQ_Ar,sQ_B,sQ_Br,sRi,sRo,sS,test1,test2,turn1,turn2
-31333,-28830,-129,-389,-664,-614,-28,-187,-796,-621,-553,-731,24464,29740,-581,-166,-466,-1913,-2946,-701,-387,-475,-765,-440,-305,-77,-695,-630,-664,-159,-601,-250,-651,-383,-280
0.24858502033803145,0.2288567065084952,-1.0,-1.0,-1.0,-1.0,-1.0,-1.0,-1.0,-1.0,-1.0,-1.0,0.1180735864345559,0.8966629422425145,-1.0,-1.0,-1.0,0.2749678303735733,0.37398967712648457,-1.0,-1.0,-1.0,-1.0,-1.0,-1.0,-1.0,-1.0,-1.0,-1.0,-1.0,-1.0,-1.0,-1.0,-1.0,-1.0
