bad_A,bad_B,disc1,disc2,fI,fO_A,fO_B,fP_A,fP_B,fRi,fRo,fS,good_A,good_B,no_disc,pick,put,redo_A,redo_B,sI,sO_A,sO_B,sP_A,sP_B,sQ_A,sQ_Ar,sQ_B,sQ_Br,sRi,sRo,sS,test1,test2,turn1,turn2
-29046,-33936,-214,-777,-762,-404,-720,-593,-219,-338,-208,-541,36437,26718,-571,-267,-237,-2037,-3748,-528,-585,-519,-98,-331,-467,-376,-585,-239,-314,-19,-532,-653,-265,-746,-371
0.791101468651091,0.47894779852060687,-1.0,-1.0,-1.0,-1.0,-1.0,-1.0,-1.0,-1.0,-1.0,-1.0,0.5114403505643109,0.29808063098315796,-1.0,-1.0,-1.0,0.3712567979772111,0.8069761954498799,-1.0,-1.0,-1.0,-1.0,-1.0,-1.0,-1.0,-1.0,-1.0,-1.0,-1.0,-1.0,-1.0,-1.0,-1.0,-1.0
