bad_A,bad_B,disc1,disc2,fI,fO_A,fO_B,fP_A,fP_B,fRi,fRo,fS,good_A,good_B,no_disc,pick,put,redo_A,redo_B,sI,sO_A,sO_B,sP_A,sP_B,sQ_A,sQ_Ar,sQ_B,sQ_Br,sRi,sRo,sS,test1,test2,turn1,turn2
-21048,-28039,-696,-436,-708,-767,-602,-737,-81,-404,-98,-124,26314,26127,-452,-99,-342,-8112,-1805,-273,-634,-696,-530,-293,-726,-626,-439,-335,-188,-584,-704,-34,-348,-283,-645
0.16429111042488387,0.36413694666937635,-1.0,-1.0,-1.0,-1.0,-1.0,-1.0,-1.0,-1.0,-1.0,-1.0,0.5981869459626707,0.826275740336582,-1.0,-1.0,-1.0,0.2586871536155735,0.4231297470747838,-1.0,-1.0,-1.0,-1.0,-1.0,-1.0,-1.0,-1.0,-1.0,-1.0,-1.0,-1.0,-1.0,-1.0,-1.0,-1.0
