bad_A,bad_B,disc1,disc2,fI,fO_A,fO_B,fP_A,fP_B,fRi,fRo,fS,good_A,good_B,no_disc,pick,put,redo_A,redo_B,sI,sO_A,sO_B,sP_A,sP_B,sQ_A,sQ_Ar,sQ_B,sQ_Br,sRi,sRo,sS,test1,test2,turn1,turn2
-30524,-30856,-618,-378,-347,-623,-179,-268,-69,-15,-617,-479,25375,29428,-393,-157,-550,-7938,-1508,-54,-676,-446,-433,-162,-16,-254,-249,-142,-486,-152,-341,-360,-394,-326,-749
0.4912485447422482,0.21378153798721772,-1.0,-1.0,-1.0,-1.0,-1.0,-1.0,-1.0,-1.0,-1.0,-1.0,0.624684875240549,0.6195966002226914,-1.0,-1.0,-1.0,0.5522127526469645,0.8900280166250316,-1.0,-1.0,-1.0,-1.0,-1.0,-1.0,-1.0,-1.0,-1.0,-1.0,-1.0,-1.0,-1.0,-1.0,-1.0,-1.0
