bad_A,bad_B,disc1,disc2,fI,fO_A,fO_B,fP_A,fP_B,fRi,fRo,fS,good_A,good_B,no_disc,pick,put,redo_A,redo_B,sI,sO_A,sO_B,sP_A,sP_B,sQ_A,sQ_Ar,sQ_B,sQ_Br,sRi,sRo,sS,test1,test2,turn1,turn2
-31317,-25119,-66,-667,-699,-638,-796,-147,-171,-488,-26,-435,29882,36068,-78,-583,-519,-2512,-3914,-511,-783,-615,-180,-212,-233,-468,-514,-206,-319,-444,-155,-317,-215,-268,-215
0.8840880359181947,0.41222833659366376,-1.0,-1.0,-1.0,-1.0,-1.0,-1.0,-1.0,-1.0,-1.0,-1.0,0.43791510935638234,0.4394702319352324,-1.0,-1.0,-1.0,0.857808914760854,0.8564681798457755,-1.0,-1.0,-1.0,-1.0,-1.0,-1.0,-1.0,-1.0,-1.0,-1.0,-1.0,-1.0,-1.0,-1.0,-1.0,-1.0
