bad_A,bad_B,disc1,disc2,fI,fO_A,fO_B,fP_A,fP_B,fRi,fRo,fS,good_A,good_B,no_disc,pick,put,redo_A,redo_B,sI,sO_A,sO_B,sP_A,sP_B,sQ_A,sQ_Ar,sQ_B,sQ_Br,sRi,sRo,sS,test1,test2,turn1,turn2
-31086,-33719,-580,-561,-445,-93,-681,-498,-636,-277,-745,-193,26723,36400,-50,-101,-784,-7969,-1065,-592,-172,-11,-765,-210,-217,-679,-153,-771,-22,-98,-535,-303,-75,-572,-393
0.6125956052988011,0.5685409129353974,-1.0,-1.0,-1.0,-1.0,-1.0,-1.0,-1.0,-1.0,-1.0,-1.0,0.31652254118469236,0.3218333774315968,-1.0,-1.0,-1.0,0.8055965889071309,0.6889770721557464,-1.0,-1.0,-1.0,-1.0,-1.0,-1.0,-1.0,-1.0,-1.0,-1.0,-1.0,-1.0,-1.0,-1.0,-1.0,-1.0
