bad_A,bad_B,disc1,disc2,fI,fO_A,fO_B,fP_A,fP_B,fRi,fRo,fS,good_A,good_B,no_disc,pick,put,redo_A,redo_B,sI,sO_A,sO_B,sP_A,sP_B,sQ_A,sQ_Ar,sQ_B,sQ_Br,sRi,sRo,sS,test1,test2,turn1,turn2
-37217,-36641,-695,-149,-223,-12,-486,-654,-30,-664,-744,-735,26003,33898,-330,-46,-351,-2817,-5876,-77,-123,-188,-717,-428,-352,-144,-795,-466,-745,-430,-260,-79,-166,-10,-642
0.3367736923085086,0.3151308319208993,-1.0,-1.0,-1.0,-1.0,-1.0,-1.0,-1.0,-1.0,-1.0,-1.0,0.7483802563712628,0.7640980890106142,-1.0,-1.0,-1.0,0.25773799181654955,0.6512093504998774,-1.0,-1.0,-1.0,-1.0,-1.0,-1.0,-1.0,-1.0,-1.0,-1.0,-1.0,-1.0,-1.0,-1.0,-1.0,-1.0
