bad_A,bad_B,disc1,disc2,fI,fO_A,fO_B,fP_A,fP_B,fRi,fRo,fS,good_A,good_B,no_disc,pick,put,redo_A,redo_B,sI,sO_A,sO_B,sP_A,sP_B,sQ_A,sQ_Ar,sQ_B,sQ_Br,sRi,sRo,sS,test1,test2,turn1,turn2
-25174,-21388,-558,-93,-464,-163,-512,-404,-36,-273,-256,-218,30185,20820,-693,-725,-62,-1227,-5393,-495,-426,-410,-781,-716,-543,-62,-316,-345,-792,-400,-273,-182,-64,-178,-77
0.37384425817491407,0.5321322617648908,-1.0,-1.0,-1.0,-1.0,-1.0,-1.0,-1.0,-1.0,-1.0,-1.0,0.7217107569635227,0.5649338632055473,-1.0,-1.0,-1.0,0.2869346365413654,0.5656357161405428,-1.0,-1.0,-1.0,-1.0,-1.0,-1.0,-1.0,-1.0,-1.0,-1.0,-1.0,-1.0,-1.0,-1.0,-1.0,-1.0
