bad_A,bad_B,disc1,disc2,fI,fO_A,fO_B,fP_A,fP_B,fRi,fRo,fS,good_A,good_B,no_disc,pick,put,redo_A,redo_B,sI,sO_A,sO_B,sP_A,sP_B,sQ_A,sQ_Ar,sQ_B,sQ_Br,sRi,sRo,sS,test1,test2,turn1,turn2
-36694,-22547,-575,-583,-450,-261,-231,-496,-722,-704,-297,-111,36760,20759,-346,-774,-11,-7064,-2618,-135,-71,-145,-291,-182,-291,-395,-258,-169,-537,-553,-606,-93,-85,-217,-662
0.1693817650987982,0.48794963861745166,-1.0,-1.0,-1.0,-1.0,-1.0,-1.0,-1.0,-1.0,-1.0,-1.0,0.6542767967722726,0.6981706209407437,-1.0,-1.0,-1.0,0.27514520502205464,0.18591371942604626,-1.0,-1.0,-1.0,-1.0,-1.0,-1.0,-1.0,-1.0,-1.0,-1.0,-1.0,-1.0,-1.0,-1.0,-1.0,-1.0
