bad_A,bad_B,disc1,disc2,fI,fO_A,fO_B,fP_A,fP_B,fRi,fRo,fS,good_A,good_B,no_disc,pick,put,redo_A,redo_B,sI,sO_A,sO_B,sP_A,sP_B,sQ_A,sQ_Ar,sQ_B,sQ_Br,sRi,sRo,sS,test1,test2,turn1,turn2
-21972,-29279,-362,-326,-325,-770,-763,-447,-691,-13,-355,-17,37256,26796,-569,-187,-348,-4612,-3532,-474,-735,-165,-106,-36,-596,-682,-284,-512,-273,-325,-662,-616,-785,-68,-528
0.6153540583478795,0.7571160465121655,-1.0,-1.0,-1.0,-1.0,-1.0,-1.0,-1.0,-1.0,-1.0,-1.0,0.5931017541526424,0.5426860778406469,-1.0,-1.0,-1.0,0.47338522815487394,0.2696681268854795,-1.0,-1.0,-1.0,-1.0,-1.0,-1.0,-1.0,-1.0,-1.0,-1.0,-1.0,-1.0,-1.0,-1.0,-1.0,-1.0
