bad_A,bad_B,disc1,disc2,fI,fO_A,fO_B,fP_A,fP_B,fRi,fRo,fS,good_A,good_B,no_disc,pick,put,redo_A,redo_B,sI,sO_A,sO_B,sP_A,sP_B,sQ_A,sQ_Ar,sQ_B,sQ_Br,sRi,sRo,sS,test1,test2,turn1,turn2
-38090,-27217,-153,-717,-365,-714,-443,-630,-324,-701,-522,-441,23351,23020,-797,-359,-587,-5049,-6534,-299,-323,-447,-719,-642,-785,-615,-256,-332,-38,-128,-754,-195,-625,-207,-92
0.46226876630332103,0.6524305392746865,-1.0,-1.0,-1.0,-1.0,-1.0,-1.0,-1.0,-1.0,-1.0,-1.0,0.6971326384411891,0.8946927060529659,-1.0,-1.0,-1.0,0.45825679396412644,0.14374400418011987,-1.0,-1.0,-1.0,-1.0,-1.0,-1.0,-1.0,-1.0,-1.0,-1.0,-1.0,-1.0,-1.0,-1.0,-1.0,-1.0
