bad_A,bad_B,disc1,disc2,fI,fO_A,fO_B,fP_A,fP_B,fRi,fRo,fS,good_A,good_B,no_disc,pick,put,redo_A,redo_B,sI,sO_A,sO_B,sP_A,sP_B,sQ_A,sQ_Ar,sQ_B,sQ_Br,sRi,sRo,sS,test1,test2,turn1,turn2
-39864,-26847,-51,-741,-80,-88,-406,-747,-598,-54,-659,-110,25594,27964,-161,-700,-238,-1697,-2020,-541,-161,-63,-130,-88,-27,-752,-623,-422,-676,-259,-241,-363,-368,-163,-277
0.2937366635189176,0.2783893388439397,-1.0,-1.0,-1.0,-1.0,-1.0,-1.0,-1.0,-1.0,-1.0,-1.0,0.5087389246982645,0.32522337583732136,-1.0,-1.0,-1.0,0.6107459113417673,0.8373218546293411,-1.0,-1.0,-1.0,-1.0,-1.0,-1.0,-1.0,-1.0,-1.0,-1.0,-1.0,-1.0,-1.0,-1.0,-1.0,-1.0
