bad_A,bad_B,disc1,disc2,fI,fO_A,fO_B,fP_A,fP_B,fRi,fRo,fS,good_A,good_B,no_disc,pick,put,redo_A,redo_B,sI,sO_A,sO_B,sP_A,sP_B,sQ_A,sQ_Ar,sQ_B,sQ_Br,sRi,sRo,sS,test1,test2,turn1,turn2
-39332,-29940,-794,-604,-760,-242,-360,-547,-525,-227,-585,-374,30401,23047,-738,-54,-416,-6714,-5744,-413,-569,-20,-588,-371,-207,-78,-401,-488,-236,-64,-358,-478,-301,-553,-75
0.6031986690258361,0.39547572931538266,-1.0,-1.0,-1.0,-1.0,-1.0,-1.0,-1.0,-1.0,-1.0,-1.0,0.24440259447281498,0.2789829709867141,-1.0,-1.0,-1.0,0.1535188345341,0.12964168922568542,-1.0,-1.0,-1.0,-1.0,-1.0,-1.0,-1.0,-1.0,-1.0,-1.0,-1.0,-1.0,-1.0,-1.0,-1.0,-1.0
