bad_A,bad_B,disc1,disc2,fI,fO_A,fO_B,fP_A,fP_B,fRi,fRo,fS,good_A,good_B,no_disc,pick,put,redo_A,redo_B,sI,sO_A,sO_B,sP_A,sP_B,sQ_A,sQ_Ar,sQ_B,sQ_Br,sRi,sRo,sS,test1,test2,turn1,turn2
-24561,-24949,-714,-127,-582,-19,-515,-755,-431,-631,-292,-689,25895,24475,-762,-432,-149,-7160,-1697,-246,-85,-491,-303,-171,-204,-264,-402,-230,-429,-654,-330,-793,-113,-752,-23
0.3998822682326798,0.32818111141728135,-1.0,-1.0,-1.0,-1.0,-1.0,-1.0,-1.0,-1.0,-1.0,-1.0,0.5911930948945503,0.2575008579766631,-1.0,-1.0,-1.0,0.25057118245644716,0.7449513632817335,-1.0,-1.0,-1.0,-1.0,-1.0,-1.0,-1.0,-1.0,-1.0,-1.0,-1.0,-1.0,-1.0,-1.0,-1.0,-1.0
