bad_A,bad_B,disc1,disc2,fI,fO_A,fO_B,fP_A,fP_B,fRi,fRo,fS,good_A,good_B,no_disc,pick,put,redo_A,redo_B,sI,sO_A,sO_B,sP_A,sP_B,sQ_A,sQ_Ar,sQ_B,sQ_Br,sRi,sRo,sS,test1,test2,turn1,turn2
-27531,-22646,-81,-520,-718,-195,-337,-308,-478,-47,-38,-767,38305,37302,-208,-588,-188,-1415,-3936,-104,-300,-123,-98,-341,-688,-489,-781,-595,-149,-350,-352,-214,-199,-99,-425
0.8567680379985816,0.6487536830986966,-1.0,-1.0,-1.0,-1.0,-1.0,-1.0,-1.0,-1.0,-1.0,-1.0,0.7901827486143891,0.19980648010327784,-1.0,-1.0,-1.0,0.11537078945086804,0.3841536123410265,-1.0,-1.0,-1.0,-1.0,-1.0,-1.0,-1.0,-1.0,-1.0,-1.0,-1.0,-1.0,-1.0,-1.0,-1.0,-1.0
