bad_A,bad_B,disc1,disc2,fI,fO_A,fO_B,fP_A,fP_B,fRi,fRo,fS,good_A,good_B,no_disc,pick,put,redo_A,redo_B,sI,sO_A,sO_B,sP_A,sP_B,sQ_A,sQ_Ar,sQ_B,sQ_Br,sRi,sRo,sS,test1,test2,turn1,turn2
-25543,-21690,-782,-591,-518,-265,-76,-178,-653,-593,-95,-527,39753,28786,-367,-473,-555,-7505,-3270,-308,-104,-18,-373,-118,-485,-407,-299,-55,-398,-741,-235,-148,-497,-496,-107
0.7729445447635366,0.3021538868756476,-1.0,-1.0,-1.0,-1.0,-1.0,-1.0,-1.0,-1.0,-1.0,-1.0,0.6967605039609424,0.2559513899272952,-1.0,-1.0,-1.0,0.1043847944973651,0.4360467083833467,-1.0,-1.0,-1.0,-1.0,-1.0,-1.0,-1.0,-1.0,-1.0,-1.0,-1.0,-1.0,-1.0,-1.0,-1.0,-1.0
