bad_A,bad_B,disc1,disc2,fI,fO_A,fO_B,fP_A,fP_B,fRi,fRo,fS,good_A,good_B,no_disc,pick,put,redo_A,redo_B,sI,sO_A,sO_B,sP_A,sP_B,sQ_A,sQ_Ar,sQ_B,sQ_Br,sRi,sRo,sS,test1,test2,turn1,turn2
-22280,-20258,-793,-768,-15,-482,-403,-427,-637,-778,-10,-385,24013,26578,-759,-83,-442,-5614,-1991,-402,-290,-754,-585,-717,-547,-28,-424,-150,-607,-376,-753,-373,-344,-200,-61
0.7632283900651843,0.10996051924488555,-1.0,-1.0,-1.0,-1.0,-1.0,-1.0,-1.0,-1.0,-1.0,-1.0,0.7672190590983302,0.8514786150101318,-1.0,-1.0,-1.0,0.644988007212975,0.1968613146591583,-1.0,-1.0,-1.0,-1.0,-1.0,-1.0,-1.0,-1.0,-1.0,-1.0,-1.0,-1.0,-1.0,-1.0,-1.0,-1.0
