bad_A,bad_B,disc1,disc2,fI,fO_A,fO_B,fP_A,fP_B,fRi,fRo,fS,good_A,good_B,no_disc,pick,put,redo_A,redo_B,sI,sO_A,sO_B,sP_A,sP_B,sQ_A,sQ_Ar,sQ_B,sQ_Br,sRi,sRo,sS,test1,test2,turn1,turn2
-20336,-28753,-363,-664,-367,-180,-435,-468,-390,-334,-176,-157,25284,30171,-168,-332,-242,-8946,-3980,-341,-278,-357,-267,-258,-138,-136,-15,-183,-395,-33,-169,-716,-651,-86,-699
0.534096658830497,0.35123896651983433,-1.0,-1.0,-1.0,-1.0,-1.0,-1.0,-1.0,-1.0,-1.0,-1.0,0.6089680476623581,0.5902149284476773,-1.0,-1.0,-1.0,0.23356601628835236,0.7511417101962616,-1.0,-1.0,-1.0,-1.0,-1.0,-1.0,-1.0,-1.0,-1.0,-1.0,-1.0,-1.0,-1.0,-1.0,-1.0,-1.0
