bad_A,bad_B,disc1,disc2,fI,fO_A,fO_B,fP_A,fP_B,fRi,fRo,fS,good_A,good_B,no_disc,pick,put,redo_A,redo_B,sI,sO_A,sO_B,sP_A,sP_B,sQ_A,sQ_Ar,sQ_B,sQ_Br,sRi,sRo,sS,test1,test2,turn1,turn2
-26969,-27223,-27,-147,-132,-195,-149,-402,-379,-443,-208,-567,28482,32701,-294,-347,-674,-3201,-5378,-152,-227,-504,-436,-28,-413,-482,-120,-460,-792,-780,-534,-493,-271,-467,-77
0.7336036949128182,0.6251754074992989,-1.0,-1.0,-1.0,-1.0,-1.0,-1.0,-1.0,-1.0,-1.0,-1.0,0.6838854469936743,0.4212600551279524,-1.0,-1.0,-1.0,0.3538070090918257,0.34223888731418556,-1.0,-1.0,-1.0,-1.0,-1.0,-1.0,-1.0,-1.0,-1.0,-1.0,-1.0,-1.0,-1.0,-1.0,-1.0,-1.0
