bad_A,bad_B,disc1,disc2,fI,fO_A,fO_B,fP_A,fP_B,fRi,fRo,fS,good_A,good_B,no_disc,pick,put,redo_A,redo_B,sI,sO_A,sO_B,sP_A,sP_B,sQ_A,sQ_Ar,sQ_B,sQ_Br,sRi,sRo,sS,test1,test2,turn1,turn2
-38246,-36719,-663,-269,-268,-401,-582,-401,-638,-649,-152,-144,36507,30461,-527,-274,-350,-5444,-5868,-661,-572,-463,-439,-474,-478,-230,-751,-417,-745,-373,-191,-752,-617,-474,-504
0.8395434847632313,0.7844342211943156,-1.0,-1.0,-1.0,-1.0,-1.0,-1.0,-1.0,-1.0,-1.0,-1.0,0.4968511758588129,0.49872217522597806,-1.0,-1.0,-1.0,0.704684088721573,0.6383962995968314,-1.0,-1.0,-1.0,-1.0,-1.0,-1.0,-1.0,-1.0,-1.0,-1.0,-1.0,-1.0,-1.0,-1.0,-1.0,-1.0
