bad_A,bad_B,disc1,disc2,fI,fO_A,fO_B,fP_A,fP_B,fRi,fRo,fS,good_A,good_B,no_disc,pick,put,redo_A,redo_B,sI,sO_A,sO_B,sP_A,sP_B,sQ_A,sQ_Ar,sQ_B,sQ_Br,sRi,sRo,sS,test1,test2,turn1,turn2
-25400,-38402,-95,-219,-146,-398,-122,-740,-503,-553,-86,-737,36253,31168,-648,-411,-178,-5175,-8468,-674,-86,-407,-596,-464,-779,-156,-527,-727,-117,-326,-468,-502,-101,-390,-177
0.8130774241368145,0.5177885009243837,-1.0,-1.0,-1.0,-1.0,-1.0,-1.0,-1.0,-1.0,-1.0,-1.0,0.38824543248236365,0.6703195467860572,-1.0,-1.0,-1.0,0.18784215524547554,0.7227893455470835,-1.0,-1.0,-1.0,-1.0,-1.0,-1.0,-1.0,-1.0,-1.0,-1.0,-1.0,-1.0,-1.0,-1.0,-1.0,-1.0
