bad_A,bad_B,disc1,disc2,fI,fO_A,fO_B,fP_A,fP_B,fRi,fRo,fS,good_A,good_B,no_disc,pick,put,redo_A,redo_B,sI,sO_A,sO_B,sP_A,sP_B,sQ_A,sQ_Ar,sQ_B,sQ_Br,sRi,sRo,sS,test1,test2,turn1,turn2
-26073,-20807,-44,-124,-584,-409,-740,-675,-770,-709,-452,-685,24142,32221,-394,-294,-633,-2182,-6885,-741,-414,-707,-778,-354,-109,-239,-608,-691,-375,-276,-52,-789,-284,-56,-717
0.4949781901620025,0.17659761119825507,-1.0,-1.0,-1.0,-1.0,-1.0,-1.0,-1.0,-1.0,-1.0,-1.0,0.744681855898084,0.7312052177202393,-1.0,-1.0,-1.0,0.8684330408726878,0.7095719404832904,-1.0,-1.0,-1.0,-1.0,-1.0,-1.0,-1.0,-1.0,-1.0,-1.0,-1.0,-1.0,-1.0,-1.0,-1.0,-1.0
