bad_A,bad_B,disc1,disc2,fI,fO_A,fO_B,fP_A,fP_B,fRi,fRo,fS,good_A,good_B,no_disc,pick,put,redo_A,redo_B,sI,sO_A,sO_B,sP_A,sP_B,sQ_A,sQ_Ar,sQ_B,sQ_Br,sRi,sRo,sS,test1,test2,turn1,turn2
-27056,-29683,-486,-490,-283,-489,-665,-347,-43,-539,-420,-638,30237,39436,-476,-322,-255,-2265,-5750,-264,-105,-86,-157,-594,-50,-745,-602,-339,-194,-519,-93,-160,-756,-757,-296
0.7401272330413954,0.6012271121247538,-1.0,-1.0,-1.0,-1.0,-1.0,-1.0,-1.0,-1.0,-1.0,-1.0,0.8414007539337679,0.3962000967586514,-1.0,-1.0,-1.0,0.6945046168079462,0.44371752706638623,-1.0,-1.0,-1.0,-1.0,-1.0,-1.0,-1.0,-1.0,-1.0,-1.0,-1.0,-1.0,-1.0,-1.0,-1.0,-1.0
