bad_A,bad_B,disc1,disc2,fI,fO_A,fO_B,fP_A,fP_B,fRi,fRo,fS,good_A,good_B,no_disc,pick,put,redo_A,redo_B,sI,sO_A,sO_B,sP_A,sP_B,sQ_A,sQ_Ar,sQ_B,sQ_Br,sRi,sRo,sS,test1,test2,turn1,turn2
-26000,-29183,-134,-120,-400,-486,-136,-419,-398,-756,-86,-635,26559,22150,-34,-134,-768,-1967,-7657,-644,-667,-498,-176,-405,-226,-561,-349,-147,-496,-731,-750,-650,-253,-719,-590
0.590647133175496,0.3579021291026494,-1.0,-1.0,-1.0,-1.0,-1.0,-1.0,-1.0,-1.0,-1.0,-1.0,0.5301939707337282,0.744348652836701,-1.0,-1.0,-1.0,0.3615063009294982,0.8248499863913366,-1.0,-1.0,-1.0,-1.0,-1.0,-1.0,-1.0,-1.0,-1.0,-1.0,-1.0,-1.0,-1.0,-1.0,-1.0,-1.0
