bad_A,bad_B,disc1,disc2,fI,fO_A,fO_B,fP_A,fP_B,fRi,fRo,fS,good_A,good_B,no_disc,pick,put,redo_A,redo_B,sI,sO_A,sO_B,sP_A,sP_B,sQ_A,sQ_Ar,sQ_B,sQ_Br,sRi,sRo,sS,test1,test2,turn1,turn2
-33155,-24396,-309,-506,-622,-559,-172,-712,-107,-575,-660,-498,37012,24824,-246,-191,-324,-4965,-4017,-368,-176,-792,-799,-378,-257,-448,-570,-748,-695,-232,-472,-632,-49,-82,-24
0.5342111720371613,0.3386856813286457,-1.0,-1.0,-1.0,-1.0,-1.0,-1.0,-1.0,-1.0,-1.0,-1.0,0.2823416728476902,0.5157934303404351,-1.0,-1.0,-1.0,0.12827076677088156,0.8967798956576272,-1.0,-1.0,-1.0,-1.0,-1.0,-1.0,-1.0,-1.0,-1.0,-1.0,-1.0,-1.0,-1.0,-1.0,-1.0,-1.0
