bad_A,bad_B,disc1,disc2,fI,fO_A,fO_B,fP_A,fP_B,fRi,fRo,fS,good_A,good_B,no_disc,pick,put,redo_A,redo_B,sI,sO_A,sO_B,sP_A,sP_B,sQ_A,sQ_Ar,sQ_B,sQ_Br,sRi,sRo,sS,test1,test2,turn1,turn2
-30888,-21772,-619,-447,-270,-564,-185,-453,-500,-268,-276,-361,37520,23109,-317,-104,-15,-5579,-3711,-169,-376,-547,-647,-567,-474,-223,-726,-695,-327,-719,-170,-500,-450,-139,-596
0.48851884780749555,0.16404727143880837,-1.0,-1.0,-1.0,-1.0,-1.0,-1.0,-1.0,-1.0,-1.0,-1.0,0.87334954391333,0.20084295221701406,-1.0,-1.0,-1.0,0.4251009592306174,0.4648769499831489,-1.0,-1.0,-1.0,-1.0,-1.0,-1.0,-1.0,-1.0,-1.0,-1.0,-1.0,-1.0,-1.0,-1.0,-1.0,-1.0
