bad_A,bad_B,disc1,disc2,fI,fO_A,fO_B,fP_A,fP_B,fRi,fRo,fS,good_A,good_B,no_disc,pick,put,redo_A,redo_B,sI,sO_A,sO_B,sP_A,sP_B,sQ_A,sQ_Ar,sQ_B,sQ_Br,sRi,sRo,sS,test1,test2,turn1,turn2
-34323,-27094,-794,-693,-528,-350,-25,-45,-27,-419,-628,-740,28474,28118,-116,-17,-488,-6589,-5401,-209,-336,-478,-413,-442,-596,-637,-511,-73,-97,-533,-480,-700,-285,-285,-142
0.494795706153201,0.38041880577993126,-1.0,-1.0,-1.0,-1.0,-1.0,-1.0,-1.0,-1.0,-1.0,-1.0,0.6519924200693265,0.10939550312698554,-1.0,-1.0,-1.0,0.803546958432864,0.5901783684053038,-1.0,-1.0,-1.0,-1.0,-1.0,-1.0,-1.0,-1.0,-1.0,-1.0,-1.0,-1.0,-1.0,-1.0,-1.0,-1.0
