bad_A,bad_B,disc1,disc2,fI,fO_A,fO_B,fP_A,fP_B,fRi,fRo,fS,good_A,good_B,no_disc,pick,put,redo_A,redo_B,sI,sO_A,sO_B,sP_A,sP_B,sQ_A,sQ_Ar,sQ_B,sQ_Br,sRi,sRo,sS,test1,test2,turn1,turn2
-30234,-26689,-512,-395,-216,-431,-461,-576,-395,-692,-212,-176,35045,32453,-141,-356,-280,-8380,-5744,-664,-46,-309,-403,-780,-20,-421,-309,-271,-653,-279,-451,-666,-12,-428,-188
0.8291148171396191,0.7662781790091,-1.0,-1.0,-1.0,-1.0,-1.0,-1.0,-1.0,-1.0,-1.0,-1.0,0.2913256331834956,0.1504391304204405,-1.0,-1.0,-1.0,0.7675139158425401,0.38365457441014905,-1.0,-1.0,-1.0,-1.0,-1.0,-1.0,-1.0,-1.0,-1.0,-1.0,-1.0,-1.0,-1.0,-1.0,-1.0,-1.0
