bad_A,bad_B,disc1,disc2,fI,fO_A,fO_B,fP_A,fP_B,fRi,fRo,fS,good_A,good_B,no_disc,pick,put,redo_A,redo_B,sI,sO_A,sO_B,sP_A,sP_B,sQ_A,sQ_Ar,sQ_B,sQ_Br,sRi,sRo,sS,test1,test2,turn1,turn2
-24632,-32323,-679,-731,-307,-133,-174,-215,-452,-599,-665,-10,22883,38610,-506,-245,-767,-7547,-6993,-28,-350,-791,-329,-650,-570,-335,-326,-459,-401,-439,-56,-655,-741,-97,-76
0.4907388319915479,0.3071194565189689,-1.0,-1.0,-1.0,-1.0,-1.0,-1.0,-1.0,-1.0,-1.0,-1.0,0.3068008923094044,0.5439799697684958,-1.0,-1.0,-1.0,0.4392185236800108,0.31570415476711533,-1.0,-1.0,-1.0,-1.0,-1.0,-1.0,-1.0,-1.0,-1.0,-1.0,-1.0,-1.0,-1.0,-1.0,-1.0,-1.0
