bad_A,bad_B,disc1,disc2,fI,fO_A,fO_B,fP_A,fP_B,fRi,fRo,fS,good_A,good_B,no_disc,pick,put,redo_A,redo_B,sI,sO_A,sO_B,sP_A,sP_B,sQ_A,sQ_Ar,sQ_B,sQ_Br,sRi,sRo,sS,test1,test2,turn1,turn2
-39585,-33803,-684,-765,-704,-494,-369,-54,-450,-669,-347,-202,26034,38925,-593,-633,-260,-8041,-5197,-614,-35,-465,-180,-133,-398,-686,-415,-166,-795,-663,-369,-281,-234,-191,-421
0.6320139799034956,0.8657938102515523,-1.0,-1.0,-1.0,-1.0,-1.0,-1.0,-1.0,-1.0,-1.0,-1.0,0.21879310968361976,0.34544295481531717,-1.0,-1.0,-1.0,0.2226235330134177,0.11908812162608165,-1.0,-1.0,-1.0,-1.0,-1.0,-1.0,-1.0,-1.0,-1.0,-1.0,-1.0,-1.0,-1.0,-1.0,-1.0,-1.0
