bad_A,bad_B,disc1,disc2,fI,fO_A,fO_B,fP_A,fP_B,fRi,fRo,fS,good_A,good_B,no_disc,pick,put,redo_A,redo_B,sI,sO_A,sO_B,sP_A,sP_B,sQ_A,sQ_Ar,sQ_B,sQ_Br,sRi,sRo,sS,test1,test2,turn1,turn2
-35930,-38551,-742,-752,-76,-670,-645,-269,-723,-438,-372,-697,28208,33069,-441,-320,-317,-6727,-3810,-789,-556,-679,-550,-517,-277,-693,-115,-775,-594,-568,-255,-719,-488,-565,-87
0.8059670097007373,0.5606912918494172,-1.0,-1.0,-1.0,-1.0,-1.0,-1.0,-1.0,-1.0,-1.0,-1.0,0.5523745521342124,0.4240734838223791,-1.0,-1.0,-1.0,0.8435304532423389,0.7120558953548972,-1.0,-1.0,-1.0,-1.0,-1.0,-1.0,-1.0,-1.0,-1.0,-1.0,-1.0,-1.0,-1.0,-1.0,-1.0,-1.0
