bad_A,bad_B,disc1,disc2,fI,fO_A,fO_B,fP_A,fP_B,fRi,fRo,fS,good_A,good_B,no_disc,pick,put,redo_A,redo_B,sI,sO_A,sO_B,sP_A,sP_B,sQ_A,sQ_Ar,sQ_B,sQ_Br,sRi,sRo,sS,test1,test2,turn1,turn2
-28770,-39082,-464,-760,-128,-438,-346,-665,-339,-68,-320,-763,37909,21019,-795,-793,-363,-3345,-7258,-244,-420,-376,-667,-601,-413,-96,-181,-557,-287,-300,-219,-19,-97,-704,-317
0.28042738883537677,0.40582232726242673,-1.0,-1.0,-1.0,-1.0,-1.0,-1.0,-1.0,-1.0,-1.0,-1.0,0.49488034889856636,0.5210453879598961,-1.0,-1.0,-1.0,0.5483174986831664,0.504693169488626,-1.0,-1.0,-1.0,-1.0,-1.0,-1.0,-1.0,-1.0,-1.0,-1.0,-1.0,-1.0,-1.0,-1.0,-1.0,-1.0
