bad_A,bad_B,disc1,disc2,fI,fO_A,fO_B,fP_A,fP_B,fRi,fRo,fS,good_A,good_B,no_disc,pick,put,redo_A,redo_B,sI,sO_A,sO_B,sP_A,sP_B,sQ_A,sQ_Ar,sQ_B,sQ_Br,sRi,sRo,sS,test1,test2,turn1,turn2
-25798,-35811,-266,-162,-645,-593,-91,-122,-176,-207,-178,-623,26534,25474,-39,-308,-350,-5579,-5224,-89,-422,-90,-761,-233,-17,-252,-198,-253,-444,-142,-396,-731,-124,-264,-656
0.4693048259777043,0.7573117844983106,-1.0,-1.0,-1.0,-1.0,-1.0,-1.0,-1.0,-1.0,-1.0,-1.0,0.7921997219108663,0.4973886584079755,-1.0,-1.0,-1.0,0.4890533008485267,0.4154762380542696,-1.0,-1.0,-1.0,-1.0,-1.0,-1.0,-1.0,-1.0,-1.0,-1.0,-1.0,-1.0,-1.0,-1.0,-1.0,-1.0
