bad_A,bad_B,disc1,disc2,fI,fO_A,fO_B,fP_A,fP_B,fRi,fRo,fS,good_A,good_B,no_disc,pick,put,redo_A,redo_B,sI,sO_A,sO_B,sP_A,sP_B,sQ_A,sQ_Ar,sQ_B,sQ_Br,sRi,sRo,sS,test1,test2,turn1,turn2
-39326,-30042,-601,-781,-738,-367,-638,-702,-662,-794,-118,-536,32419,20087,-733,-704,-744,-3594,-2609,-598,-658,-538,-621,-793,-312,-527,-265,-217,-579,-161,-462,-447,-706,-321,-615
0.5118423142316126,0.8910177910525604,-1.0,-1.0,-1.0,-1.0,-1.0,-1.0,-1.0,-1.0,-1.0,-1.0,0.40732855211875163,0.6245585592819441,-1.0,-1.0,-1.0,0.3819033509839138,0.148271031944211,-1.0,-1.0,-1.0,-1.0,-1.0,-1.0,-1.0,-1.0,-1.0,-1.0,-1.0,-1.0,-1.0,-1.0,-1.0,-1.0
