bad_A,bad_B,disc1,disc2,fI,fO_A,fO_B,fP_A,fP_B,fRi,fRo,fS,good_A,good_B,no_disc,pick,put,redo_A,redo_B,sI,sO_A,sO_B,sP_A,sP_B,sQ_A,sQ_Ar,sQ_B,sQ_Br,sRi,sRo,sS,test1,test2,turn1,turn2
-26232,-23225,-524,-112,-165,-731,-517,-698,-614,-712,-689,-54,29520,27635,-708,-34,-500,-2944,-4245,-590,-178,-456,-498,-767,-367,-73,-714,-216,-771,-616,-23,-752,-215,-566,-466
0.49122981414495626,0.5468008199240918,-1.0,-1.0,-1.0,-1.0,-1.0,-1.0,-1.0,-1.0,-1.0,-1.0,0.7757097688956925,0.6928178481589451,-1.0,-1.0,-1.0,0.8202355994803128,0.577967457389737,-1.0,-1.0,-1.0,-1.0,-1.0,-1.0,-1.0,-1.0,-1.0,-1.0,-1.0,-1.0,-1.0,-1.0,-1.0,-1.0
