bad_A,bad_B,disc1,disc2,fI,fO_A,fO_B,fP_A,fP_B,fRi,fRo,fS,good_A,good_B,no_disc,pick,put,redo_A,redo_B,sI,sO_A,sO_B,sP_A,sP_B,sQ_A,sQ_Ar,sQ_B,sQ_Br,sRi,sRo,sS,test1,test2,turn1,turn2
-23786,-32136,-741,-341,-193,-157,-175,-190,-411,-477,-665,-621,36355,27116,-171,-429,-662,-1556,-8557,-561,-650,-241,-39,-535,-354,-524,-49,-176,-713,-490,-303,-681,-384,-254,-614
0.15943868680699325,0.6829130000687195,-1.0,-1.0,-1.0,-1.0,-1.0,-1.0,-1.0,-1.0,-1.0,-1.0,0.8671082226210642,0.12104204513002417,-1.0,-1.0,-1.0,0.497680105577492,0.32870401732878174,-1.0,-1.0,-1.0,-1.0,-1.0,-1.0,-1.0,-1.0,-1.0,-1.0,-1.0,-1.0,-1.0,-1.0,-1.0,-1.0
