bad_A,bad_B,disc1,disc2,fI,fO_A,fO_B,fP_A,fP_B,fRi,fRo,fS,good_A,good_B,no_disc,pick,put,redo_A,redo_B,sI,sO_A,sO_B,sP_A,sP_B,sQ_A,sQ_Ar,sQ_B,sQ_Br,sRi,sRo,sS,test1,test2,turn1,turn2
-39606,-27536,-740,-619,-106,-182,-393,-585,-390,-60,-686,-700,34617,26443,-293,-115,-306,-3671,-7722,-317,-584,-176,-639,-309,-481,-196,-11,-279,-242,-41,-457,-346,-14,-251,-356
0.7954281937841271,0.10600030463997374,-1.0,-1.0,-1.0,-1.0,-1.0,-1.0,-1.0,-1.0,-1.0,-1.0,0.15398223024481386,0.795541097713861,-1.0,-1.0,-1.0,0.8596787320927651,0.8959230621114135,-1.0,-1.0,-1.0,-1.0,-1.0,-1.0,-1.0,-1.0,-1.0,-1.0,-1.0,-1.0,-1.0,-1.0,-1.0,-1.0
