bad_A,bad_B,disc1,disc2,fI,fO_A,fO_B,fP_A,fP_B,fRi,fRo,fS,good_A,good_B,no_disc,pick,put,redo_A,redo_B,sI,sO_A,sO_B,sP_A,sP_B,sQ_A,sQ_Ar,sQ_B,sQ_Br,sRi,sRo,sS,test1,test2,turn1,turn2
-37962,-39482,-252,-778,-580,-749,-555,-464,-416,-232,-124,-675,21140,37978,-544,-210,-785,-8171,-8499,-82,-146,-50,-408,-330,-413,-52,-782,-685,-594,-787,-80,-721,-629,-250,-181
0.8164380057574173,0.5504305114625877,-1.0,-1.0,-1.0,-1.0,-1.0,-1.0,-1.0,-1.0,-1.0,-1.0,0.5962556971771252,0.5517603461507432,-1.0,-1.0,-1.0,0.5543284116223828,0.30348776745763506,-1.0,-1.0,-1.0,-1.0,-1.0,-1.0,-1.0,-1.0,-1.0,-1.0,-1.0,-1.0,-1.0,-1.0,-1.0,-1.0
