bad_A,bad_B,disc1,disc2,fI,fO_A,fO_B,fP_A,fP_B,fRi,fRo,fS,good_A,good_B,no_disc,pick,put,redo_A,redo_B,sI,sO_A,sO_B,sP_A,sP_B,sQ_A,sQ_Ar,sQ_B,sQ_Br,sRi,sRo,sS,test1,test2,turn1,turn2
-21150,-34538,-800,-592,-702,-639,-126,-709,-170,-95,-466,-432,25372,21311,-326,-403,-677,-3636,-1275,-64,-40,-20,-341,-253,-232,-246,-629,-59,-162,-351,-620,-100,-630,-464,-552
0.660459249040376,0.5253502415775959,-1.0,-1.0,-1.0,-1.0,-1.0,-1.0,-1.0,-1.0,-1.0,-1.0,0.24312456933074744,0.5444115697809788,-1.0,-1.0,-1.0,0.372414049012323,0.7267388112506897,-1.0,-1.0,-1.0,-1.0,-1.0,-1.0,-1.0,-1.0,-1.0,-1.0,-1.0,-1.0,-1.0,-1.0,-1.0,-1.0
