bad_A,bad_B,disc1,disc2,fI,fO_A,fO_B,fP_A,fP_B,fRi,fRo,fS,good_A,good_B,no_disc,pick,put,redo_A,redo_B,sI,sO_A,sO_B,sP_A,sP_B,sQ_A,sQ_Ar,sQ_B,sQ_Br,sRi,sRo,sS,test1,test2,turn1,turn2
-24713,-37600,-397,-415,-37,-630,-721,-310,-257,-790,-357,-331,30049,25948,-397,-111,-511,-6302,-8035,-629,-86,-244,-483,-371,-483,-168,-406,-348,-109,-736,-585,-25,-459,-784,-441
0.4916619912367869,0.7530570233579008,-1.0,-1.0,-1.0,-1.0,-1.0,-1.0,-1.0,-1.0,-1.0,-1.0,0.8926196076805509,0.10204841842005692,-1.0,-1.0,-1.0,0.6867057533724326,0.8336207857750924,-1.0,-1.0,-1.0,-1.0,-1.0,-1.0,-1.0,-1.0,-1.0,-1.0,-1.0,-1.0,-1.0,-1.0,-1.0,-1.0
