bad_A,bad_B,disc1,disc2,fI,fO_A,fO_B,fP_A,fP_B,fRi,fRo,fS,good_A,good_B,no_disc,pick,put,redo_A,redo_B,sI,sO_A,sO_B,sP_A,sP_B,sQ_A,sQ_Ar,sQ_B,sQ_Br,sRi,sRo,sS,test1,test2,turn1,turn2
-27471,-38735,-542,-88,-355,-434,-189,-572,-93,-344,-346,-537,27039,35026,-277,-95,-561,-3653,-7196,-211,-493,-111,-189,-727,-107,-606,-177,-613,-633,-589,-349,-787,-18,-668,-146
0.6953949263279615,0.4075220699309582,-1.0,-1.0,-1.0,-1.0,-1.0,-1.0,-1.0,-1.0,-1.0,-1.0,0.5000090738568806,0.11844593692665698,-1.0,-1.0,-1.0,0.6917971609326224,0.3819364997542113,-1.0,-1.0,-1.0,-1.0,-1.0,-1.0,-1.0,-1.0,-1.0,-1.0,-1.0,-1.0,-1.0,-1.0,-1.0,-1.0
