bad_A,bad_B,disc1,disc2,fI,fO_A,fO_B,fP_A,fP_B,fRi,fRo,fS,good_A,good_B,no_disc,pick,put,redo_A,redo_B,sI,sO_A,sO_B,sP_A,sP_B,sQ_A,sQ_Ar,sQ_B,sQ_Br,sRi,sRo,sS,test1,test2,turn1,turn2
-24819,-29838,-522,-156,-423,-716,-322,-421,-12,-784,-365,-278,34315,29374,-155,-486,-660,-5919,-5987,-128,-159,-99,-499,-512,-623,-202,-364,-357,-11,-36,-396,-104,-761,-91,-246
0.38652195633989883,0.8972257804247058,-1.0,-1.0,-1.0,-1.0,-1.0,-1.0,-1.0,-1.0,-1.0,-1.0,0.8431988252805144,0.8674930104727198,-1.0,-1.0,-1.0,0.20920976351759607,0.24398160256394652,-1.0,-1.0,-1.0,-1.0,-1.0,-1.0,-1.0,-1.0,-1.0,-1.0,-1.0,-1.0,-1.0,-1.0,-1.0,-1.0
