bad_A,bad_B,disc1,disc2,fI,fO_A,fO_B,fP_A,fP_B,fRi,fRo,fS,good_A,good_B,no_disc,pick,put,redo_A,redo_B,sI,sO_A,sO_B,sP_A,sP_B,sQ_A,sQ_Ar,sQ_B,sQ_Br,sRi,sRo,sS,test1,test2,turn1,turn2
-37799,-38308,-341,-257,-649,-653,-593,-403,-668,-696,-46,-598,35356,23917,-75,-598,-55,-6630,-6089,-168,-260,-342,-67,-336,-285,-602,-741,-82,-193,-794,-193,-639,-617,-371,-741
0.14531452089856753,0.4175060118326128,-1.0,-1.0,-1.0,-1.0,-1.0,-1.0,-1.0,-1.0,-1.0,-1.0,0.40524727657916493,0.4657039314375422,-1.0,-1.0,-1.0,0.6445058295384668,0.6045635886664109,-1.0,-1.0,-1.0,-1.0,-1.0,-1.0,-1.0,-1.0,-1.0,-1.0,-1.0,-1.0,-1.0,-1.0,-1.0,-1.0
