bad_A,bad_B,disc1,disc2,fI,fO_A,fO_B,fP_A,fP_B,fRi,fRo,fS,good_A,good_B,no_disc,pick,put,redo_A,redo_B,sI,sO_A,sO_B,sP_A,sP_B,sQ_A,sQ_Ar,sQ_B,sQ_Br,sRi,sRo,sS,test1,test2,turn1,turn2
-35673,-29685,-50,-189,-741,-572,-229,-22,-354,-155,-586,-65,32887,23337,-182,-264,-599,-3666,-5065,-792,-247,-409,-293,-257,-558,-797,-306,-556,-684,-165,-111,-457,-771,-47,-430
0.6855185654383285,0.22353645501097452,-1.0,-1.0,-1.0,-1.0,-1.0,-1.0,-1.0,-1.0,-1.0,-1.0,0.8443090830184015,0.7682239405797231,-1.0,-1.0,-1.0,0.2762717820549816,0.8004121347521047,-1.0,-1.0,-1.0,-1.0,-1.0,-1.0,-1.0,-1.0,-1.0,-1.0,-1.0,-1.0,-1.0,-1.0,-1.0,-1.0
