bad_A,bad_B,disc1,disc2,fI,fO_A,fO_B,fP_A,fP_B,fRi,fRo,fS,good_A,good_B,no_disc,pick,put,redo_A,redo_B,sI,sO_A,sO_B,sP_A,sP_B,sQ_A,sQ_Ar,sQ_B,sQ_Br,sRi,sRo,sS,test1,test2,turn1,turn2
-26445,-25606,-71,-475,-375,-125,-556,-786,-539,-749,-22,-615,25409,21358,-67,-281,-797,-1889,-7181,-193,-193,-282,-649,-783,-525,-461,-174,-80,-476,-703,-49,-485,-252,-278,-259
0.599410219998906,0.3863235351402521,-1.0,-1.0,-1.0,-1.0,-1.0,-1.0,-1.0,-1.0,-1.0,-1.0,0.3786857876380305,0.766586389704081,-1.0,-1.0,-1.0,0.7319618264752137,0.7827194822600756,-1.0,-1.0,-1.0,-1.0,-1.0,-1.0,-1.0,-1.0,-1.0,-1.0,-1.0,-1.0,-1.0,-1.0,-1.0,-1.0
