bad_A,bad_B,disc1,disc2,fI,fO_A,fO_B,fP_A,fP_B,fRi,fRo,fS,good_A,good_B,no_disc,pick,put,redo_A,redo_B,sI,sO_A,sO_B,sP_A,sP_B,sQ_A,sQ_Ar,sQ_B,sQ_Br,sRi,sRo,sS,test1,test2,turn1,turn2
-29409,-20713,-537,-548,-724,-541,-694,-20,-307,-776,-176,-533,33728,21018,-419,-495,-435,-3143,-7224,-717,-734,-412,-235,-623,-216,-563,-674,-107,-715,-304,-502,-583,-34,-36,-417
0.8851144894938208,0.854748964344844,-1.0,-1.0,-1.0,-1.0,-1.0,-1.0,-1.0,-1.0,-1.0,-1.0,0.2997987126393269,0.33738190762875186,-1.0,-1.0,-1.0,0.4431881891925602,0.15307236012421202,-1.0,-1.0,-1.0,-1.0,-1.0,-1.0,-1.0,-1.0,-1.0,-1.0,-1.0,-1.0,-1.0,-1.0,-1.0,-1.0
