bad_A,bad_B,disc1,disc2,fI,fO_A,fO_B,fP_A,fP_B,fRi,fRo,fS,good_A,good_B,no_disc,pick,put,redo_A,redo_B,sI,sO_A,sO_B,sP_A,sP_B,sQ_A,sQ_Ar,sQ_B,sQ_Br,sRi,sRo,sS,test1,test2,turn1,turn2
-25597,-20707,-554,-713,-292,-387,-793,-480,-714,-420,-242,-162,24935,30618,-538,-105,-140,-3372,-2134,-768,-350,-636,-762,-444,-140,-797,-484,-286,-439,-182,-625,-577,-572,-736,-180
0.37828443663445976,0.48275462032318617,-1.0,-1.0,-1.0,-1.0,-1.0,-1.0,-1.0,-1.0,-1.0,-1.0,0.8870700176303059,0.32308374476972734,-1.0,-1.0,-1.0,0.873463075041326,0.23817442854726467,-1.0,-1.0,-1.0,-1.0,-1.0,-1.0,-1.0,-1.0,-1.0,-1.0,-1.0,-1.0,-1.0,-1.0,-1.0,-1.0
