bad_A,bad_B,disc1,disc2,fI,fO_A,fO_B,fP_A,fP_B,fRi,fRo,fS,good_A,good_B,no_disc,pick,put,redo_A,redo_B,sI,sO_A,sO_B,sP_A,sP_B,sQ_A,sQ_Ar,sQ_B,sQ_Br,sRi,sRo,sS,test1,test2,turn1,turn2
-29834,-31888,-486,-789,-480,-382,-725,-68,-495,-687,-297,-221,25544,23529,-274,-277,-773,-8066,-2732,-299,-462,-422,-40,-294,-200,-554,-391,-718,-108,-638,-292,-765,-459,-576,-252
0.13301135084743854,0.8348993902139293,-1.0,-1.0,-1.0,-1.0,-1.0,-1.0,-1.0,-1.0,-1.0,-1.0,0.24224002030364364,0.3686118639554308,-1.0,-1.0,-1.0,0.31770078110305433,0.8591708174318116,-1.0,-1.0,-1.0,-1.0,-1.0,-1.0,-1.0,-1.0,-1.0,-1.0,-1.0,-1.0,-1.0,-1.0,-1.0,-1.0
