bad_A,bad_B,disc1,disc2,fI,fO_A,fO_B,fP_A,fP_B,fRi,fRo,fS,good_A,good_B,no_disc,pick,put,redo_A,redo_B,sI,sO_A,sO_B,sP_A,sP_B,sQ_A,sQ_Ar,sQ_B,sQ_Br,sRi,sRo,sS,test1,test2,turn1,turn2
-26543,-38143,-76,-428,-458,-338,-773,-777,-747,-709,-427,-508,28250,34214,-422,-297,-664,-3200,-3901,-758,-229,-509,-284,-534,-142,-418,-168,-503,-71,-261,-703,-339,-248,-111,-65
0.19720946664583866,0.8490517822628848,-1.0,-1.0,-1.0,-1.0,-1.0,-1.0,-1.0,-1.0,-1.0,-1.0,0.8610686396097931,0.8312018166649165,-1.0,-1.0,-1.0,0.24160663252910153,0.7701330744561821,-1.0,-1.0,-1.0,-1.0,-1.0,-1.0,-1.0,-1.0,-1.0,-1.0,-1.0,-1.0,-1.0,-1.0,-1.0,-1.0
