bad_A,bad_B,disc1,disc2,fI,fO_A,fO_B,fP_A,fP_B,fRi,fRo,fS,good_A,good_B,no_disc,pick,put,redo_A,redo_B,sI,sO_A,sO_B,sP_A,sP_B,sQ_A,sQ_Ar,sQ_B,sQ_Br,sRi,sRo,sS,test1,test2,turn1,turn2
-36908,-36481,-439,-348,-459,-467,-358,-251,-325,-530,-718,-29,39154,22704,-393,-748,-474,-5057,-7568,-629,-635,-534,-506,-356,-707,-114,-265,-765,-654,-210,-475,-214,-615,-31,-369
0.7689069416628443,0.5152404513435878,-1.0,-1.0,-1.0,-1.0,-1.0,-1.0,-1.0,-1.0,-1.0,-1.0,0.3934046640619372,0.5925929089734765,-1.0,-1.0,-1.0,0.8729853670146738,0.13969458135231225,-1.0,-1.0,-1.0,-1.0,-1.0,-1.0,-1.0,-1.0,-1.0,-1.0,-1.0,-1.0,-1.0,-1.0,-1.0,-1.0
