bad_A,bad_B,disc1,disc2,fI,fO_A,fO_B,fP_A,fP_B,fRi,fRo,fS,good_A,good_B,no_disc,pick,put,redo_A,redo_B,sI,sO_A,sO_B,sP_A,sP_B,sQ_A,sQ_Ar,sQ_B,sQ_Br,sRi,sRo,sS,test1,test2,turn1,turn2
-38779,-33820,-465,-187,-523,-291,-702,-500,-704,-453,-362,-100,27004,25229,-550,-18,-206,-7838,-8356,-568,-241,-345,-679,-712,-510,-395,-428,-775,-471,-276,-271,-138,-474,-343,-787
0.1950071290813952,0.8028302891566973,-1.0,-1.0,-1.0,-1.0,-1.0,-1.0,-1.0,-1.0,-1.0,-1.0,0.4989986724405252,0.1714092492761811,-1.0,-1.0,-1.0,0.6682451363953983,0.33664709750916955,-1.0,-1.0,-1.0,-1.0,-1.0,-1.0,-1.0,-1.0,-1.0,-1.0,-1.0,-1.0,-1.0,-1.0,-1.0,-1.0
