bad_A,bad_B,disc1,disc2,fI,fO_A,fO_B,fP_A,fP_B,fRi,fRo,fS,good_A,good_B,no_disc,pick,put,redo_A,redo_B,sI,sO_A,sO_B,sP_A,sP_B,sQ_A,sQ_Ar,sQ_B,sQ_Br,sRi,sRo,sS,test1,test2,turn1,turn2
-29333,-24058,-20,-443,-13,-760,-118,-184,-547,-350,-603,-95,22092,27225,-474,-627,-512,-5934,-3089,-225,-757,-714,-218,-171,-249,-17,-473,-738,-89,-436,-132,-402,-123,-483,-524
0.18636335882413518,0.8811626268758983,-1.0,-1.0,-1.0,-1.0,-1.0,-1.0,-1.0,-1.0,-1.0,-1.0,0.418846073826352,0.1616756472946829,-1.0,-1.0,-1.0,0.11755270812275374,0.29415733749711076,-1.0,-1.0,-1.0,-1.0,-1.0,-1.0,-1.0,-1.0,-1.0,-1.0,-1.0,-1.0,-1.0,-1.0,-1.0,-1.0
