bad_A,bad_B,disc1,disc2,fI,fO_A,fO_B,fP_A,fP_B,fRi,fRo,fS,good_A,good_B,no_disc,pick,put,redo_A,redo_B,sI,sO_A,sO_B,sP_A,sP_B,sQ_A,sQ_Ar,sQ_B,sQ_Br,sRi,sRo,sS,test1,test2,turn1,turn2
-39389,-36822,-70,-662,-451,-798,-232,-310,-424,-242,-53,-32,34984,23587,-309,-116,-479,-7536,-3984,-676,-34,-135,-246,-451,-52,-289,-146,-747,-314,-225,-429,-596,-656,-377,-690
0.8002286430297268,0.16069877577635952,-1.0,-1.0,-1.0,-1.0,-1.0,-1.0,-1.0,-1.0,-1.0,-1.0,0.49107293200754354,0.5817305460129931,-1.0,-1.0,-1.0,0.14290871210050576,0.7922884154180229,-1.0,-1.0,-1.0,-1.0,-1.0,-1.0,-1.0,-1.0,-1.0,-1.0,-1.0,-1.0,-1.0,-1.0,-1.0,-1.0
