bad_A,bad_B,disc1,disc2,fI,fO_A,fO_B,fP_A,fP_B,fRi,fRo,fS,good_A,good_B,no_disc,pick,put,redo_A,redo_B,sI,sO_A,sO_B,sP_A,sP_B,sQ_A,sQ_Ar,sQ_B,sQ_Br,sRi,sRo,sS,test1,test2,turn1,turn2
-30248,-23695,-138,-607,-324,-226,-719,-645,-523,-560,-62,-780,32195,24621,-47,-663,-297,-3859,-8682,-202,-144,-74,-55,-285,-554,-363,-45,-482,-798,-641,-13,-105,-797,-74,-144
0.14622653052020818,0.6743775229341806,-1.0,-1.0,-1.0,-1.0,-1.0,-1.0,-1.0,-1.0,-1.0,-1.0,0.35085435614992855,0.5465451341355985,-1.0,-1.0,-1.0,0.1526927545925749,0.5741841274790381,-1.0,-1.0,-1.0,-1.0,-1.0,-1.0,-1.0,-1.0,-1.0,-1.0,-1.0,-1.0,-1.0,-1.0,-1.0,-1.0
