bad_A,bad_B,disc1,disc2,fI,fO_A,fO_B,fP_A,fP_B,fRi,fRo,fS,good_A,good_B,no_disc,pick,put,redo_A,redo_B,sI,sO_A,sO_B,sP_A,sP_B,sQ_A,sQ_Ar,sQ_B,sQ_Br,sRi,sRo,sS,test1,test2,turn1,turn2
-27403,-31047,-81,-26,-763,-726,-66,-53,-416,-218,-464,-579,25023,35690,-152,-328,-94,-6044,-6335,-303,-558,-196,-230,-779,-602,-58,-439,-104,-471,-652,-77,-587,-55,-578,-546
0.8222598729009033,0.12545232282688135,-1.0,-1.0,-1.0,-1.0,-1.0,-1.0,-1.0,-1.0,-1.0,-1.0,0.4043773764441124,0.8670822840415928,-1.0,-1.0,-1.0,0.10015121696763006,0.3815695520028337,-1.0,-1.0,-1.0,-1.0,-1.0,-1.0,-1.0,-1.0,-1.0,-1.0,-1.0,-1.0,-1.0,-1.0,-1.0,-1.0
