bad_A,bad_B,disc1,disc2,fI,fO_A,fO_B,fP_A,fP_B,fRi,fRo,fS,good_A,good_B,no_disc,pick,put,redo_A,redo_B,sI,sO_A,sO_B,sP_A,sP_B,sQ_A,sQ_Ar,sQ_B,sQ_Br,sRi,sRo,sS,test1,test2,turn1,turn2
-33991,-29794,-521,-556,-509,-680,-463,-61,-350,-166,-40,-233,25597,23081,-201,-675,-83,-3500,-6511,-743,-422,-175,-706,-123,-783,-39,-176,-66,-565,-670,-575,-553,-572,-534,-430
0.7734151826061889,0.5095838439368264,-1.0,-1.0,-1.0,-1.0,-1.0,-1.0,-1.0,-1.0,-1.0,-1.0,0.5251027257626696,0.8487064769873048,-1.0,-1.0,-1.0,0.6240727984909956,0.4376817852953848,-1.0,-1.0,-1.0,-1.0,-1.0,-1.0,-1.0,-1.0,-1.0,-1.0,-1.0,-1.0,-1.0,-1.0,-1.0,-1.0
