bad_A,bad_B,disc1,disc2,fI,fO_A,fO_B,fP_A,fP_B,fRi,fRo,fS,good_A,good_B,no_disc,pick,put,redo_A,redo_B,sI,sO_A,sO_B,sP_A,sP_B,sQ_A,sQ_Ar,sQ_B,sQ_Br,sRi,sRo,sS,test1,test2,turn1,turn2
-22220,-22137,-551,-464,-522,-373,-186,-63,-742,-504,-379,-490,32536,38247,-82,-24,-569,-5464,-4226,-84,-40,-262,-43,-154,-602,-789,-75,-129,-731,-724,-282,-611,-617,-526,-205
0.2777329739042369,0.4604490004167596,-1.0,-1.0,-1.0,-1.0,-1.0,-1.0,-1.0,-1.0,-1.0,-1.0,0.19911341231307064,0.6811679377476694,-1.0,-1.0,-1.0,0.4643567161997685,0.8775422182017347,-1.0,-1.0,-1.0,-1.0,-1.0,-1.0,-1.0,-1.0,-1.0,-1.0,-1.0,-1.0,-1.0,-1.0,-1.0,-1.0
