bad_A,bad_B,disc1,disc2,fI,fO_A,fO_B,fP_A,fP_B,fRi,fRo,fS,good_A,good_B,no_disc,pick,put,redo_A,redo_B,sI,sO_A,sO_B,sP_A,sP_B,sQ_A,sQ_Ar,sQ_B,sQ_Br,sRi,sRo,sS,test1,test2,turn1,turn2
-26541,-35569,-335,-747,-347,-238,-187,-336,-139,-315,-81,-708,38985,22485,-796,-103,-427,-3928,-3898,-706,-487,-344,-448,-445,-108,-621,-553,-453,-625,-430,-716,-295,-124,-196,-600
0.4099921735943284,0.29443533692800117,-1.0,-1.0,-1.0,-1.0,-1.0,-1.0,-1.0,-1.0,-1.0,-1.0,0.7699983114477152,0.885928839524386,-1.0,-1.0,-1.0,0.38470892383967714,0.21882617757428877,-1.0,-1.0,-1.0,-1.0,-1.0,-1.0,-1.0,-1.0,-1.0,-1.0,-1.0,-1.0,-1.0,-1.0,-1.0,-1.0
