bad_A,bad_B,disc1,disc2,fI,fO_A,fO_B,fP_A,fP_B,fRi,fRo,fS,good_A,good_B,no_disc,pick,put,redo_A,redo_B,sI,sO_A,sO_B,sP_A,sP_B,sQ_A,sQ_Ar,sQ_B,sQ_Br,sRi,sRo,sS,test1,test2,turn1,turn2
-29242,-39867,-799,-429,-631,-69,-559,-779,-629,-106,-696,-225,32170,21445,-33,-234,-177,-3015,-6369,-321,-772,-245,-482,-436,-698,-166,-185,-102,-323,-101,-393,-332,-182,-325,-84
0.12153733430593334,0.8304956700237954,-1.0,-1.0,-1.0,-1.0,-1.0,-1.0,-1.0,-1.0,-1.0,-1.0,0.6741055062062953,0.1802981139347975,-1.0,-1.0,-1.0,0.685280339573114,0.30154578669830945,-1.0,-1.0,-1.0,-1.0,-1.0,-1.0,-1.0,-1.0,-1.0,-1.0,-1.0,-1.0,-1.0,-1.0,-1.0,-1.0
