bad_A,bad_B,disc1,disc2,fI,fO_A,fO_B,fP_A,fP_B,fRi,fRo,fS,good_A,good_B,no_disc,pick,put,redo_A,redo_B,sI,sO_A,sO_B,sP_A,sP_B,sQ_A,sQ_Ar,sQ_B,sQ_Br,sRi,sRo,sS,test1,test2,turn1,turn2
-34628,-34861,-443,-645,-776,-384,-525,-395,-334,-362,-791,-92,36029,29873,-418,-138,-505,-7522,-7801,-152,-681,-621,-607,-132,-782,-728,-625,-81,-510,-144,-485,-64,-776,-162,-72
0.5920614183444743,0.6036512880125227,-1.0,-1.0,-1.0,-1.0,-1.0,-1.0,-1.0,-1.0,-1.0,-1.0,0.49694678427533445,0.8549508193767433,-1.0,-1.0,-1.0,0.7856572131637515,0.2014650284176721,-1.0,-1.0,-1.0,-1.0,-1.0,-1.0,-1.0,-1.0,-1.0,-1.0,-1.0,-1.0,-1.0,-1.0,-1.0,-1.0
