bad_A,bad_B,disc1,disc2,fI,fO_A,fO_B,fP_A,fP_B,fRi,fRo,fS,good_A,good_B,no_disc,pick,put,redo_A,redo_B,sI,sO_A,sO_B,sP_A,sP_B,sQ_A,sQ_Ar,sQ_B,sQ_Br,sRi,sRo,sS,test1,test2,turn1,turn2
-31761,-37727,-318,-724,-726,-541,-496,-114,-781,-181,-276,-216,28225,35474,-762,-199,-446,-1043,-4672,-314,-116,-524,-318,-678,-242,-40,-405,-586,-481,-621,-297,-402,-219,-223,-126
0.11411068718536815,0.33035265602601604,-1.0,-1.0,-1.0,-1.0,-1.0,-1.0,-1.0,-1.0,-1.0,-1.0,0.21034091947366287,0.6531117781475142,-1.0,-1.0,-1.0,0.44058696488922766,0.5873461562004733,-1.0,-1.0,-1.0,-1.0,-1.0,-1.0,-1.0,-1.0,-1.0,-1.0,-1.0,-1.0,-1.0,-1.0,-1.0,-1.0
