bad_A,bad_B,disc1,disc2,fI,fO_A,fO_B,fP_A,fP_B,fRi,fRo,fS,good_A,good_B,no_disc,pick,put,redo_A,redo_B,sI,sO_A,sO_B,sP_A,sP_B,sQ_A,sQ_Ar,sQ_B,sQ_Br,sRi,sRo,sS,test1,test2,turn1,turn2
-28734,-27955,-759,-651,-305,-289,-26,-491,-411,-771,-63,-551,25010,28974,-167,-449,-498,-5074,-4194,-765,-614,-643,-599,-52,-119,-388,-152,-213,-556,-498,-773,-482,-561,-176,-457
0.6800396976352161,0.6784575446543581,-1.0,-1.0,-1.0,-1.0,-1.0,-1.0,-1.0,-1.0,-1.0,-1.0,0.7253573119951585,0.32698693333589124,-1.0,-1.0,-1.0,0.7842484762291132,0.2685366760838064,-1.0,-1.0,-1.0,-1.0,-1.0,-1.0,-1.0,-1.0,-1.0,-1.0,-1.0,-1.0,-1.0,-1.0,-1.0,-1.0
