bad_A,bad_B,disc1,disc2,fI,fO_A,fO_B,fP_A,fP_B,fRi,fRo,fS,good_A,good_B,no_disc,pick,put,redo_A,redo_B,sI,sO_A,sO_B,sP_A,sP_B,sQ_A,sQ_Ar,sQ_B,sQ_Br,sRi,sRo,sS,test1,test2,turn1,turn2
-29807,-29345,-486,-656,-111,-374,-774,-84,-84,-111,-270,-335,25564,23240,-608,-78,-576,-8998,-4325,-61,-396,-110,-761,-763,-654,-762,-237,-486,-656,-229,-781,-324,-90,-97,-638
0.6606232747287211,0.8566510280434793,-1.0,-1.0,-1.0,-1.0,-1.0,-1.0,-1.0,-1.0,-1.0,-1.0,0.7731491478966913,0.3145626536622486,-1.0,-1.0,-1.0,0.15362883888013024,0.784041812818314,-1.0,-1.0,-1.0,-1.0,-1.0,-1.0,-1.0,-1.0,-1.0,-1.0,-1.0,-1.0,-1.0,-1.0,-1.0,-1.0
