bad_A,bad_B,disc1,disc2,fI,fO_A,fO_B,fP_A,fP_B,fRi,fRo,fS,good_A,good_B,no_disc,pick,put,redo_A,redo_B,sI,sO_A,sO_B,sP_A,sP_B,sQ_A,sQ_Ar,sQ_B,sQ_Br,sRi,sRo,sS,test1,test2,turn1,turn2
-30449,-36453,-675,-532,-157,-762,-624,-170,-698,-365,-456,-702,39181,34064,-448,-15,-488,-2239,-8326,-542,-604,-258,-791,-547,-674,-588,-192,-115,-469,-416,-325,-765,-28,-649,-374
0.8119827822286173,0.8500355823320874,-1.0,-1.0,-1.0,-1.0,-1.0,-1.0,-1.0,-1.0,-1.0,-1.0,0.1211997003132117,0.37410738218728745,-1.0,-1.0,-1.0,0.31351217125290765,0.3569240004639961,-1.0,-1.0,-1.0,-1.0,-1.0,-1.0,-1.0,-1.0,-1.0,-1.0,-1.0,-1.0,-1.0,-1.0,-1.0,-1.0
