bad_A,bad_B,disc1,disc2,fI,fO_A,fO_B,fP_A,fP_B,fRi,fRo,fS,good_A,good_B,no_disc,pick,put,redo_A,redo_B,sI,sO_A,sO_B,sP_A,sP_B,sQ_A,sQ_Ar,sQ_B,sQ_Br,sRi,sRo,sS,test1,test2,turn1,turn2
-29702,-37488,-644,-450,-594,-495,-716,-412,-485,-760,-76,-10,29509,29865,-324,-333,-545,-1801,-8700,-218,-48,-310,-324,-237,-699,-285,-338,-125,-714,-17,-170,-434,-116,-356,-673
0.2714325442963651,0.603509449782204,-1.0,-1.0,-1.0,-1.0,-1.0,-1.0,-1.0,-1.0,-1.0,-1.0,0.35548174383062214,0.5313406741242609,-1.0,-1.0,-1.0,0.290691282498016,0.6041734310408086,-1.0,-1.0,-1.0,-1.0,-1.0,-1.0,-1.0,-1.0,-1.0,-1.0,-1.0,-1.0,-1.0,-1.0,-1.0,-1.0
