bad_A,bad_B,disc1,disc2,fI,fO_A,fO_B,fP_A,fP_B,fRi,fRo,fS,good_A,good_B,no_disc,pick,put,redo_A,redo_B,sI,sO_A,sO_B,sP_A,sP_B,sQ_A,sQ_Ar,sQ_B,sQ_Br,sRi,sRo,sS,test1,test2,turn1,turn2
-21752,-30533,-367,-35,-326,-631,-509,-33,-16,-756,-85,-520,28062,25528,-144,-273,-707,-7732,-8894,-313,-464,-22,-11,-640,-315,-658,-474,-632,-672,-632,-40,-468,-671,-534,-263
0.8563262313107652,0.1982406865210977,-1.0,-1.0,-1.0,-1.0,-1.0,-1.0,-1.0,-1.0,-1.0,-1.0,0.8582209786054545,0.6477073984123931,-1.0,-1.0,-1.0,0.8825693164551531,0.20981970661457156,-1.0,-1.0,-1.0,-1.0,-1.0,-1.0,-1.0,-1.0,-1.0,-1.0,-1.0,-1.0,-1.0,-1.0,-1.0,-1.0
