bad_A,bad_B,disc1,disc2,fI,fO_A,fO_B,fP_A,fP_B,fRi,fRo,fS,good_A,good_B,no_disc,pick,put,redo_A,redo_B,sI,sO_A,sO_B,sP_A,sP_B,sQ_A,sQ_Ar,sQ_B,sQ_Br,sRi,sRo,sS,test1,test2,turn1,turn2
-26119,-21935,-18,-132,-782,-505,-764,-656,-478,-485,-289,-546,21554,27384,-496,-544,-58,-8033,-6641,-33,-768,-390,-364,-377,-717,-316,-52,-439,-785,-34,-136,-481,-502,-343,-583
0.1922643330898427,0.2696231053659397,-1.0,-1.0,-1.0,-1.0,-1.0,-1.0,-1.0,-1.0,-1.0,-1.0,0.6294068369577024,0.8637688123124461,-1.0,-1.0,-1.0,0.6785109566112411,0.8882746942797773,-1.0,-1.0,-1.0,-1.0,-1.0,-1.0,-1.0,-1.0,-1.0,-1.0,-1.0,-1.0,-1.0,-1.0,-1.0,-1.0
