bad_A,bad_B,disc1,disc2,fI,fO_A,fO_B,fP_A,fP_B,fRi,fRo,fS,good_A,good_B,no_disc,pick,put,redo_A,redo_B,sI,sO_A,sO_B,sP_A,sP_B,sQ_A,sQ_Ar,sQ_B,sQ_Br,sRi,sRo,sS,test1,test2,turn1,turn2
-27718,-27057,-275,-508,-282,-286,-727,-136,-613,-797,-521,-420,25001,35138,-112,-349,-377,-4227,-7454,-209,-573,-25,-418,-166,-50,-142,-670,-264,-28,-278,-624,-93,-221,-688,-94
0.34835556836531634,0.817465265786866,-1.0,-1.0,-1.0,-1.0,-1.0,-1.0,-1.0,-1.0,-1.0,-1.0,0.6585766823659841,0.7490030264975418,-1.0,-1.0,-1.0,0.37024458875453004,0.5622525024006307,-1.0,-1.0,-1.0,-1.0,-1.0,-1.0,-1.0,-1.0,-1.0,-1.0,-1.0,-1.0,-1.0,-1.0,-1.0,-1.0
