bad_A,bad_B,disc1,disc2,fI,fO_A,fO_B,fP_A,fP_B,fRi,fRo,fS,good_A,good_B,no_disc,pick,put,redo_A,redo_B,sI,sO_A,sO_B,sP_A,sP_B,sQ_A,sQ_Ar,sQ_B,sQ_Br,sRi,sRo,sS,test1,test2,turn1,turn2
-37328,-22453,-774,-539,-304,-771,-427,-667,-654,-33,-426,-500,36873,37866,-675,-464,-441,-5521,-3405,-500,-318,-507,-620,-673,-720,-631,-546,-175,-29,-551,-574,-150,-737,-251,-23
0.8519587957914748,0.45375948866228755,-1.0,-1.0,-1.0,-1.0,-1.0,-1.0,-1.0,-1.0,-1.0,-1.0,0.5053834114600186,0.2103400046059427,-1.0,-1.0,-1.0,0.6474961354153843,0.5949606625248757,-1.0,-1.0,-1.0,-1.0,-1.0,-1.0,-1.0,-1.0,-1.0,-1.0,-1.0,-1.0,-1.0,-1.0,-1.0,-1.0
