bad_A,bad_B,disc1,disc2,fI,fO_A,fO_B,fP_A,fP_B,fRi,fRo,fS,good_A,good_B,no_disc,pick,put,redo_A,redo_B,sI,sO_A,sO_B,sP_A,sP_B,sQ_A,sQ_Ar,sQ_B,sQ_Br,sRi,sRo,sS,test1,test2,turn1,turn2
-34914,-27863,-257,-58,-274,-585,-306,-78,-74,-447,-399,-255,33625,28736,-774,-638,-491,-7750,-4073,-537,-104,-81,-398,-771,-54,-69,-96,-34,-67,-114,-606,-433,-403,-575,-278
0.3470212622200918,0.8915364451866504,-1.0,-1.0,-1.0,-1.0,-1.0,-1.0,-1.0,-1.0,-1.0,-1.0,0.5451661520315251,0.7089880366409784,-1.0,-1.0,-1.0,0.6456781346444578,0.8645001587274411,-1.0,-1.0,-1.0,-1.0,-1.0,-1.0,-1.0,-1.0,-1.0,-1.0,-1.0,-1.0,-1.0,-1.0,-1.0,-1.0
