bad_A,bad_B,disc1,disc2,fI,fO_A,fO_B,fP_A,fP_B,fRi,fRo,fS,good_A,good_B,no_disc,pick,put,redo_A,redo_B,sI,sO_A,sO_B,sP_A,sP_B,sQ_A,sQ_Ar,sQ_B,sQ_Br,sRi,sRo,sS,test1,test2,turn1,turn2
-38692,-32449,-329,-255,-537,-732,-27,-521,-486,-358,-616,-643,30121,29278,-43,-710,-796,-8046,-5983,-400,-134,-282,-54,-308,-319,-26,-304,-776,-288,-450,-601,-616,-356,-353,-227
0.5317547750045236,0.6635317953771661,-1.0,-1.0,-1.0,-1.0,-1.0,-1.0,-1.0,-1.0,-1.0,-1.0,0.31993668217051097,0.7243394761159522,-1.0,-1.0,-1.0,0.7924569092849368,0.6012471822381003,-1.0,-1.0,-1.0,-1.0,-1.0,-1.0,-1.0,-1.0,-1.0,-1.0,-1.0,-1.0,-1.0,-1.0,-1.0,-1.0
