bad_A,bad_B,disc1,disc2,fI,fO_A,fO_B,fP_A,fP_B,fRi,fRo,fS,good_A,good_B,no_disc,pick,put,redo_A,redo_B,sI,sO_A,sO_B,sP_A,sP_B,sQ_A,sQ_Ar,sQ_B,sQ_Br,sRi,sRo,sS,test1,test2,turn1,turn2
-27143,-33774,-242,-505,-35,-699,-338,-246,-627,-82,-212,-522,35798,24111,-352,-588,-134,-8216,-5733,-748,-136,-139,-47,-799,-141,-444,-130,-380,-555,-403,-42,-540,-697,-510,-594
0.1522719971368554,0.8085599474264601,-1.0,-1.0,-1.0,-1.0,-1.0,-1.0,-1.0,-1.0,-1.0,-1.0,0.746142397123486,0.8488379028573159,-1.0,-1.0,-1.0,0.5570766992964024,0.7121636003198809,-1.0,-1.0,-1.0,-1.0,-1.0,-1.0,-1.0,-1.0,-1.0,-1.0,-1.0,-1.0,-1.0,-1.0,-1.0,-1.0
