bad_A,bad_B,disc1,disc2,fI,fO_A,fO_B,fP_A,fP_B,fRi,fRo,fS,good_A,good_B,no_disc,pick,put,redo_A,redo_B,sI,sO_A,sO_B,sP_A,sP_B,sQ_A,sQ_Ar,sQ_B,sQ_Br,sRi,sRo,sS,test1,test2,turn1,turn2
-30168,-30753,-693,-321,-705,-715,-684,-422,-119,-206,-797,-236,31854,31985,-795,-549,-41,-6425,-5587,-558,-98,-305,-94,-278,-224,-475,-527,-403,-701,-196,-765,-527,-123,-320,-38
0.5054249565894466,0.493213168464657,-1.0,-1.0,-1.0,-1.0,-1.0,-1.0,-1.0,-1.0,-1.0,-1.0,0.7876763345552756,0.4038174992244953,-1.0,-1.0,-1.0,0.184752653567603,0.6018385493448781,-1.0,-1.0,-1.0,-1.0,-1.0,-1.0,-1.0,-1.0,-1.0,-1.0,-1.0,-1.0,-1.0,-1.0,-1.0,-1.0
