bad_A,bad_B,disc1,disc2,fI,fO_A,fO_B,fP_A,fP_B,fRi,fRo,fS,good_A,good_B,no_disc,pick,put,redo_A,redo_B,sI,sO_A,sO_B,sP_A,sP_B,sQ_A,sQ_Ar,sQ_B,sQ_Br,sRi,sRo,sS,test1,test2,turn1,turn2
-37755,-37727,-204,-57,-563,-433,-90,-700,-670,-357,-456,-789,21377,29457,-97,-48,-663,-4056,-2780,-551,-734,-131,-476,-573,-608,-356,-381,-739,-34,-19,-685,-773,-707,-143,-457
0.4019420707843442,0.47609867114017146,-1.0,-1.0,-1.0,-1.0,-1.0,-1.0,-1.0,-1.0,-1.0,-1.0,0.5211686858105885,0.8064159341411155,-1.0,-1.0,-1.0,0.28839458611926116,0.376538157149652,-1.0,-1.0,-1.0,-1.0,-1.0,-1.0,-1.0,-1.0,-1.0,-1.0,-1.0,-1.0,-1.0,-1.0,-1.0,-1.0
