bad_A,bad_B,disc1,disc2,fI,fO_A,fO_B,fP_A,fP_B,fRi,fRo,fS,good_A,good_B,no_disc,pick,put,redo_A,redo_B,sI,sO_A,sO_B,sP_A,sP_B,sQ_A,sQ_Ar,sQ_B,sQ_Br,sRi,sRo,sS,test1,test2,turn1,turn2
-26583,-25410,-131,-190,-702,-314,-130,-341,-333,-692,-255,-100,32810,28206,-497,-216,-737,-3808,-7245,-193,-726,-759,-349,-220,-588,-119,-346,-689,-602,-526,-291,-648,-475,-580,-709
0.8360964483447839,0.16405434498443466,-1.0,-1.0,-1.0,-1.0,-1.0,-1.0,-1.0,-1.0,-1.0,-1.0,0.5331742189766349,0.8133002582851024,-1.0,-1.0,-1.0,0.7720636795259826,0.15108513852719768,-1.0,-1.0,-1.0,-1.0,-1.0,-1.0,-1.0,-1.0,-1.0,-1.0,-1.0,-1.0,-1.0,-1.0,-1.0,-1.0
