bad_A,bad_B,disc1,disc2,fI,fO_A,fO_B,fP_A,fP_B,fRi,fRo,fS,good_A,good_B,no_disc,pick,put,redo_A,redo_B,sI,sO_A,sO_B,sP_A,sP_B,sQ_A,sQ_Ar,sQ_B,sQ_Br,sRi,sRo,sS,test1,test2,turn1,turn2
-28593,-26861,-411,-22,-713,-512,-605,-345,-234,-614,-344,-786,39759,24861,-532,-288,-791,-8426,-5017,-471,-373,-404,-533,-251,-746,-438,-307,-379,-491,-776,-49,-534,-638,-679,-299
0.4500873501979771,0.3129437441163716,-1.0,-1.0,-1.0,-1.0,-1.0,-1.0,-1.0,-1.0,-1.0,-1.0,0.13206655212311544,0.48209858249099413,-1.0,-1.0,-1.0,0.3537097275055232,0.845724317887088,-1.0,-1.0,-1.0,-1.0,-1.0,-1.0,-1.0,-1.0,-1.0,-1.0,-1.0,-1.0,-1.0,-1.0,-1.0,-1.0
