bad_A,bad_B,disc1,disc2,fI,fO_A,fO_B,fP_A,fP_B,fRi,fRo,fS,good_A,good_B,no_disc,pick,put,redo_A,redo_B,sI,sO_A,sO_B,sP_A,sP_B,sQ_A,sQ_Ar,sQ_B,sQ_Br,sRi,sRo,sS,test1,test2,turn1,turn2
-22844,-28760,-565,-678,-466,-742,-595,-561,-622,-494,-78,-249,36638,29435,-502,-85,-634,-4493,-5787,-693,-548,-489,-342,-195,-685,-419,-49,-34,-124,-375,-68,-394,-673,-169,-424
0.6672937644936907,0.7495196496586226,-1.0,-1.0,-1.0,-1.0,-1.0,-1.0,-1.0,-1.0,-1.0,-1.0,0.1547475131952803,0.6134656507189146,-1.0,-1.0,-1.0,0.15163186819280192,0.8025589645217731,-1.0,-1.0,-1.0,-1.0,-1.0,-1.0,-1.0,-1.0,-1.0,-1.0,-1.0,-1.0,-1.0,-1.0,-1.0,-1.0
