bad_A,bad_B,disc1,disc2,fI,fO_A,fO_B,fP_A,fP_B,fRi,fRo,fS,good_A,good_B,no_disc,pick,put,redo_A,redo_B,sI,sO_A,sO_B,sP_A,sP_B,sQ_A,sQ_Ar,sQ_B,sQ_Br,sRi,sRo,sS,test1,test2,turn1,turn2
-20414,-33501,-444,-360,-326,-685,-120,-244,-308,-82,-207,-122,22330,36309,-496,-293,-217,-6811,-1716,-627,-622,-138,-376,-192,-235,-415,-524,-16,-191,-373,-406,-223,-147,-244,-657
0.574733197647504,0.1434114922925982,-1.0,-1.0,-1.0,-1.0,-1.0,-1.0,-1.0,-1.0,-1.0,-1.0,0.5613128623810764,0.6657455018810949,-1.0,-1.0,-1.0,0.6086909317930465,0.7190476266900729,-1.0,-1.0,-1.0,-1.0,-1.0,-1.0,-1.0,-1.0,-1.0,-1.0,-1.0,-1.0,-1.0,-1.0,-1.0,-1.0
