bad_A,bad_B,disc1,disc2,fI,fO_A,fO_B,fP_A,fP_B,fRi,fRo,fS,good_A,good_B,no_disc,pick,put,redo_A,redo_B,sI,sO_A,sO_B,sP_A,sP_B,sQ_A,sQ_Ar,sQ_B,sQ_Br,sRi,sRo,sS,test1,test2,turn1,turn2
-37747,-22460,-52,-530,-647,-143,-35,-229,-408,-501,-296,-141,37788,28104,-423,-96,-222,-4809,-5467,-696,-538,-26,-206,-602,-748,-634,-624,-530,-136,-268,-773,-367,-729,-138,-334
0.3740293264370246,0.16741105681628643,-1.0,-1.0,-1.0,-1.0,-1.0,-1.0,-1.0,-1.0,-1.0,-1.0,0.25198081789345994,0.413613156252181,-1.0,-1.0,-1.0,0.15685743051241527,0.309375888707536,-1.0,-1.0,-1.0,-1.0,-1.0,-1.0,-1.0,-1.0,-1.0,-1.0,-1.0,-1.0,-1.0,-1.0,-1.0,-1.0
