bad_A,bad_B,disc1,disc2,fI,fO_A,fO_B,fP_A,fP_B,fRi,fRo,fS,good_A,good_B,no_disc,pick,put,redo_A,redo_B,sI,sO_A,sO_B,sP_A,sP_B,sQ_A,sQ_Ar,sQ_B,sQ_Br,sRi,sRo,sS,test1,test2,turn1,turn2
-20236,-38157,-306,-645,-566,-177,-552,-233,-189,-600,-778,-789,37855,33061,-518,-771,-401,-3164,-5350,-533,-472,-619,-105,-723,-670,-219,-293,-577,-410,-751,-694,-272,-439,-635,-98
0.8173333891461397,0.6753068988420725,-1.0,-1.0,-1.0,-1.0,-1.0,-1.0,-1.0,-1.0,-1.0,-1.0,0.16618639308832972,0.5111143380505466,-1.0,-1.0,-1.0,0.8075450617627198,0.20523341268979112,-1.0,-1.0,-1.0,-1.0,-1.0,-1.0,-1.0,-1.0,-1.0,-1.0,-1.0,-1.0,-1.0,-1.0,-1.0,-1.0
