bad_A,bad_B,disc1,disc2,fI,fO_A,fO_B,fP_A,fP_B,fRi,fRo,fS,good_A,good_B,no_disc,pick,put,redo_A,redo_B,sI,sO_A,sO_B,sP_A,sP_B,sQ_A,sQ_Ar,sQ_B,sQ_Br,sRi,sRo,sS,test1,test2,turn1,turn2
-31881,-33301,-269,-500,-131,-731,-674,-679,-166,-566,-645,-602,30320,23107,-155,-218,-424,-2822,-5621,-690,-787,-335,-30,-275,-675,-366,-57,-163,-260,-216,-528,-76,-41,-723,-57
0.4629655334403845,0.12724800815258677,-1.0,-1.0,-1.0,-1.0,-1.0,-1.0,-1.0,-1.0,-1.0,-1.0,0.8305919708976891,0.6758469919502805,-1.0,-1.0,-1.0,0.6818048627036897,0.7723343682899394,-1.0,-1.0,-1.0,-1.0,-1.0,-1.0,-1.0,-1.0,-1.0,-1.0,-1.0,-1.0,-1.0,-1.0,-1.0,-1.0
