bad_A,bad_B,disc1,disc2,fI,fO_A,fO_B,fP_A,fP_B,fRi,fRo,fS,good_A,good_B,no_disc,pick,put,redo_A,redo_B,sI,sO_A,sO_B,sP_A,sP_B,sQ_A,sQ_Ar,sQ_B,sQ_Br,sRi,sRo,sS,test1,test2,turn1,turn2
-22593,-39829,-679,-751,-119,-222,-482,-624,-475,-745,-410,-599,22380,31194,-454,-583,-319,-4570,-4064,-497,-174,-526,-122,-147,-646,-513,-223,-495,-359,-499,-476,-791,-62,-718,-718
0.35902635044564535,0.889249858686656,-1.0,-1.0,-1.0,-1.0,-1.0,-1.0,-1.0,-1.0,-1.0,-1.0,0.5590832499230901,0.6994674007683648,-1.0,-1.0,-1.0,0.34474719587130187,0.2582914074530813,-1.0,-1.0,-1.0,-1.0,-1.0,-1.0,-1.0,-1.0,-1.0,-1.0,-1.0,-1.0,-1.0,-1.0,-1.0,-1.0
