bad_A,bad_B,disc1,disc2,fI,fO_A,fO_B,fP_A,fP_B,fRi,fRo,fS,good_A,good_B,no_disc,pick,put,redo_A,redo_B,sI,sO_A,sO_B,sP_A,sP_B,sQ_A,sQ_Ar,sQ_B,sQ_Br,sRi,sRo,sS,test1,test2,turn1,turn2
-20951,-36518,-532,-645,-80,-35,-674,-160,-304,-217,-350,-679,28162,39236,-368,-313,-464,-4721,-5075,-385,-786,-799,-258,-35,-339,-163,-273,-150,-26,-779,-242,-290,-318,-689,-718
0.7005196301333806,0.536072495430208,-1.0,-1.0,-1.0,-1.0,-1.0,-1.0,-1.0,-1.0,-1.0,-1.0,0.32285497340663244,0.7838272194507478,-1.0,-1.0,-1.0,0.5521412846607668,0.2854377332202387,-1.0,-1.0,-1.0,-1.0,-1.0,-1.0,-1.0,-1.0,-1.0,-1.0,-1.0,-1.0,-1.0,-1.0,-1.0,-1.0
