bad_A,bad_B,disc1,disc2,fI,fO_A,fO_B,fP_A,fP_B,fRi,fRo,fS,good_A,good_B,no_disc,pick,put,redo_A,redo_B,sI,sO_A,sO_B,sP_A,sP_B,sQ_A,sQ_Ar,sQ_B,sQ_Br,sRi,sRo,sS,test1,test2,turn1,turn2
-35972,-38398,-46,-558,-346,-524,-529,-97,-584,-773,-342,-692,31559,21126,-574,-486,-749,-5892,-5622,-650,-516,-415,-48,-761,-488,-725,-251,-193,-618,-165,-696,-29,-444,-521,-168
0.8282035430407636,0.8321089812086376,-1.0,-1.0,-1.0,-1.0,-1.0,-1.0,-1.0,-1.0,-1.0,-1.0,0.2241057945374153,0.7749484239049222,-1.0,-1.0,-1.0,0.42002829657450025,0.6194210249728527,-1.0,-1.0,-1.0,-1.0,-1.0,-1.0,-1.0,-1.0,-1.0,-1.0,-1.0,-1.0,-1.0,-1.0,-1.0,-1.0
