bad_A,bad_B,disc1,disc2,fI,fO_A,fO_B,fP_A,fP_B,fRi,fRo,fS,good_A,good_B,no_disc,pick,put,redo_A,redo_B,sI,sO_A,sO_B,sP_A,sP_B,sQ_A,sQ_Ar,sQ_B,sQ_Br,sRi,sRo,sS,test1,test2,turn1,turn2
-37565,-32349,-422,-661,-126,-139,-198,-637,-644,-148,-26,-679,25013,21211,-24,-38,-524,-2036,-8357,-497,-126,-139,-593,-756,-496,-138,-488,-91,-138,-20,-600,-472,-10,-761,-339
0.2778414043406504,0.6395923352601005,-1.0,-1.0,-1.0,-1.0,-1.0,-1.0,-1.0,-1.0,-1.0,-1.0,0.4000543755665975,0.8518537240151595,-1.0,-1.0,-1.0,0.4727500653692055,0.4717598339887952,-1.0,-1.0,-1.0,-1.0,-1.0,-1.0,-1.0,-1.0,-1.0,-1.0,-1.0,-1.0,-1.0,-1.0,-1.0,-1.0
