bad_A,bad_B,disc1,disc2,fI,fO_A,fO_B,fP_A,fP_B,fRi,fRo,fS,good_A,good_B,no_disc,pick,put,redo_A,redo_B,sI,sO_A,sO_B,sP_A,sP_B,sQ_A,sQ_Ar,sQ_B,sQ_Br,sRi,sRo,sS,test1,test2,turn1,turn2
-20790,-24907,-71,-250,-87,-81,-442,-668,-255,-795,-407,-74,34544,39687,-222,-189,-394,-6578,-6568,-559,-174,-734,-648,-223,-334,-37,-191,-98,-744,-126,-721,-204,-765,-496,-388
0.3326877016066738,0.14863895216577153,-1.0,-1.0,-1.0,-1.0,-1.0,-1.0,-1.0,-1.0,-1.0,-1.0,0.15169327511289066,0.4459773494704401,-1.0,-1.0,-1.0,0.6561791633705844,0.4755913121617271,-1.0,-1.0,-1.0,-1.0,-1.0,-1.0,-1.0,-1.0,-1.0,-1.0,-1.0,-1.0,-1.0,-1.0,-1.0,-1.0
