bad_A,bad_B,disc1,disc2,fI,fO_A,fO_B,fP_A,fP_B,fRi,fRo,fS,good_A,good_B,no_disc,pick,put,redo_A,redo_B,sI,sO_A,sO_B,sP_A,sP_B,sQ_A,sQ_Ar,sQ_B,sQ_Br,sRi,sRo,sS,test1,test2,turn1,turn2
-33049,-34011,-565,-258,-115,-41,-275,-660,-138,-74,-717,-258,24441,20769,-577,-770,-785,-6214,-5422,-342,-45,-202,-101,-633,-402,-128,-13,-125,-533,-800,-287,-696,-724,-431,-29
0.8609102768265031,0.40615144581827933,-1.0,-1.0,-1.0,-1.0,-1.0,-1.0,-1.0,-1.0,-1.0,-1.0,0.7682083256038867,0.1598356202526845,-1.0,-1.0,-1.0,0.809295415312333,0.5849588878376474,-1.0,-1.0,-1.0,-1.0,-1.0,-1.0,-1.0,-1.0,-1.0,-1.0,-1.0,-1.0,-1.0,-1.0,-1.0,-1.0
