bad_A,bad_B,disc1,disc2,fI,fO_A,fO_B,fP_A,fP_B,fRi,fRo,fS,good_A,good_B,no_disc,pick,put,redo_A,redo_B,sI,sO_A,sO_B,sP_A,sP_B,sQ_A,sQ_Ar,sQ_B,sQ_Br,sRi,sRo,sS,test1,test2,turn1,turn2
-30883,-33320,-378,-308,-493,-544,-198,-781,-492,-304,-579,-357,32570,31002,-68,-167,-782,-1184,-6579,-540,-14,-319,-292,-414,-428,-403,-47,-798,-241,-547,-678,-274,-268,-411,-348
0.49053314031904516,0.4155564558944024,-1.0,-1.0,-1.0,-1.0,-1.0,-1.0,-1.0,-1.0,-1.0,-1.0,0.14841862838877917,0.7980122102875481,-1.0,-1.0,-1.0,0.6919848510704925,0.5269324677563005,-1.0,-1.0,-1.0,-1.0,-1.0,-1.0,-1.0,-1.0,-1.0,-1.0,-1.0,-1.0,-1.0,-1.0,-1.0,-1.0
