bad_A,bad_B,disc1,disc2,fI,fO_A,fO_B,fP_A,fP_B,fRi,fRo,fS,good_A,good_B,no_disc,pick,put,redo_A,redo_B,sI,sO_A,sO_B,sP_A,sP_B,sQ_A,sQ_Ar,sQ_B,sQ_Br,sRi,sRo,sS,test1,test2,turn1,turn2
-27698,-26943,-117,-688,-778,-768,-583,-143,-180,-722,-39,-613,25965,24108,-679,-309,-452,-1873,-3700,-513,-47,-321,-651,-285,-581,-775,-627,-655,-459,-103,-443,-739,-375,-519,-440
0.24985621638003686,0.12400865155555466,-1.0,-1.0,-1.0,-1.0,-1.0,-1.0,-1.0,-1.0,-1.0,-1.0,0.28677846986324407,0.47999800492085976,-1.0,-1.0,-1.0,0.8662903229346453,0.7408424436558743,-1.0,-1.0,-1.0,-1.0,-1.0,-1.0,-1.0,-1.0,-1.0,-1.0,-1.0,-1.0,-1.0,-1.0,-1.0,-1.0
