bad_A,bad_B,disc1,disc2,fI,fO_A,fO_B,fP_A,fP_B,fRi,fRo,fS,good_A,good_B,no_disc,pick,put,redo_A,redo_B,sI,sO_A,sO_B,sP_A,sP_B,sQ_A,sQ_Ar,sQ_B,sQ_Br,sRi,sRo,sS,test1,test2,turn1,turn2
-33017,-38199,-139,-625,-113,-308,-121,-104,-599,-337,-198,-620,20669,26277,-735,-552,-727,-8837,-5468,-60,-383,-426,-106,-693,-750,-77,-212,-271,-482,-460,-484,-282,-481,-546,-535
0.6083954186322681,0.46409553156333194,-1.0,-1.0,-1.0,-1.0,-1.0,-1.0,-1.0,-1.0,-1.0,-1.0,0.6127395399291726,0.411092411924184,-1.0,-1.0,-1.0,0.570838624954229,0.1397349125826083,-1.0,-1.0,-1.0,-1.0,-1.0,-1.0,-1.0,-1.0,-1.0,-1.0,-1.0,-1.0,-1.0,-1.0,-1.0,-1.0
