bad_A,bad_B,disc1,disc2,fI,fO_A,fO_B,fP_A,fP_B,fRi,fRo,fS,good_A,good_B,no_disc,pick,put,redo_A,redo_B,sI,sO_A,sO_B,sP_A,sP_B,sQ_A,sQ_Ar,sQ_B,sQ_Br,sRi,sRo,sS,test1,test2,turn1,turn2
-21688,-37505,-173,-189,-131,-490,-181,-475,-142,-213,-180,-209,33936,28747,-49,-770,-596,-4040,-7885,-472,-792,-233,-689,-289,-690,-726,-394,-224,-133,-653,-662,-614,-720,-414,-454
0.11878088427780141,0.6238901898814317,-1.0,-1.0,-1.0,-1.0,-1.0,-1.0,-1.0,-1.0,-1.0,-1.0,0.17274500763499834,0.10500853107064101,-1.0,-1.0,-1.0,0.8727765708945178,0.46881369416867946,-1.0,-1.0,-1.0,-1.0,-1.0,-1.0,-1.0,-1.0,-1.0,-1.0,-1.0,-1.0,-1.0,-1.0,-1.0,-1.0
