bad_A,bad_B,disc1,disc2,fI,fO_A,fO_B,fP_A,fP_B,fRi,fRo,fS,good_A,good_B,no_disc,pick,put,redo_A,redo_B,sI,sO_A,sO_B,sP_A,sP_B,sQ_A,sQ_Ar,sQ_B,sQ_Br,sRi,sRo,sS,test1,test2,turn1,turn2
-35990,-31982,-60,-769,-464,-452,-437,-547,-345,-792,-357,-634,26762,34690,-633,-567,-133,-6142,-5112,-153,-190,-537,-53,-635,-461,-198,-314,-729,-739,-315,-523,-230,-558,-435,-23
0.50432943687534,0.3459888904263668,-1.0,-1.0,-1.0,-1.0,-1.0,-1.0,-1.0,-1.0,-1.0,-1.0,0.6716562065383643,0.31962584671126965,-1.0,-1.0,-1.0,0.7357898219452984,0.46471114975841554,-1.0,-1.0,-1.0,-1.0,-1.0,-1.0,-1.0,-1.0,-1.0,-1.0,-1.0,-1.0,-1.0,-1.0,-1.0,-1.0
