bad_A,bad_B,disc1,disc2,fI,fO_A,fO_B,fP_A,fP_B,fRi,fRo,fS,good_A,good_B,no_disc,pick,put,redo_A,redo_B,sI,sO_A,sO_B,sP_A,sP_B,sQ_A,sQ_Ar,sQ_B,sQ_Br,sRi,sRo,sS,test1,test2,turn1,turn2
-39951,-24025,-711,-692,-168,-793,-260,-203,-619,-207,-523,-666,25209,33459,-787,-678,-751,-7965,-6240,-97,-211,-363,-725,-625,-104,-302,-29,-774,-697,-22,-327,-228,-226,-725,-328
0.40028522161359426,0.10261146161990152,-1.0,-1.0,-1.0,-1.0,-1.0,-1.0,-1.0,-1.0,-1.0,-1.0,0.37564679058880457,0.5854312942914527,-1.0,-1.0,-1.0,0.7275571930330422,0.23974435032498598,-1.0,-1.0,-1.0,-1.0,-1.0,-1.0,-1.0,-1.0,-1.0,-1.0,-1.0,-1.0,-1.0,-1.0,-1.0,-1.0
