bad_A,bad_B,disc1,disc2,fI,fO_A,fO_B,fP_A,fP_B,fRi,fRo,fS,good_A,good_B,no_disc,pick,put,redo_A,redo_B,sI,sO_A,sO_B,sP_A,sP_B,sQ_A,sQ_Ar,sQ_B,sQ_Br,sRi,sRo,sS,test1,test2,turn1,turn2
-29260,-25676,-672,-229,-533,-799,-385,-460,-195,-752,-77,-250,34051,22793,-601,-642,-408,-4585,-5443,-521,-369,-162,-128,-325,-433,-164,-362,-596,-113,-452,-332,-673,-780,-304,-109
0.5745789697366691,0.2567041599709542,-1.0,-1.0,-1.0,-1.0,-1.0,-1.0,-1.0,-1.0,-1.0,-1.0,0.6710199970167108,0.5839160927398072,-1.0,-1.0,-1.0,0.31488083032845304,0.31155642684869733,-1.0,-1.0,-1.0,-1.0,-1.0,-1.0,-1.0,-1.0,-1.0,-1.0,-1.0,-1.0,-1.0,-1.0,-1.0,-1.0
