bad_A,bad_B,disc1,disc2,fI,fO_A,fO_B,fP_A,fP_B,fRi,fRo,fS,good_A,good_B,no_disc,pick,put,redo_A,redo_B,sI,sO_A,sO_B,sP_A,sP_B,sQ_A,sQ_Ar,sQ_B,sQ_Br,sRi,sRo,sS,test1,test2,turn1,turn2
-34756,-31220,-724,-147,-322,-291,-48,-11,-591,-604,-623,-87,34436,25429,-666,-162,-534,-7644,-2836,-584,-156,-372,-754,-372,-691,-119,-553,-656,-304,-777,-436,-130,-78,-745,-606
0.8363202689791674,0.3533151049797647,-1.0,-1.0,-1.0,-1.0,-1.0,-1.0,-1.0,-1.0,-1.0,-1.0,0.1476435432282485,0.2066518772847033,-1.0,-1.0,-1.0,0.4519032686154043,0.4935772059343776,-1.0,-1.0,-1.0,-1.0,-1.0,-1.0,-1.0,-1.0,-1.0,-1.0,-1.0,-1.0,-1.0,-1.0,-1.0,-1.0
