bad_A,bad_B,disc1,disc2,fI,fO_A,fO_B,fP_A,fP_B,fRi,fRo,fS,good_A,good_B,no_disc,pick,put,redo_A,redo_B,sI,sO_A,sO_B,sP_A,sP_B,sQ_A,sQ_Ar,sQ_B,sQ_Br,sRi,sRo,sS,test1,test2,turn1,turn2
-34907,-25707,-480,-37,-714,-183,-253,-17,-39,-767,-342,-435,22473,36374,-467,-700,-299,-7060,-5720,-743,-547,-590,-178,-375,-623,-362,-31,-319,-703,-335,-552,-652,-282,-138,-368
0.49828291255385215,0.477679108901085,-1.0,-1.0,-1.0,-1.0,-1.0,-1.0,-1.0,-1.0,-1.0,-1.0,0.1773263681098346,0.13036734172835615,-1.0,-1.0,-1.0,0.6876534714375873,0.5153873956500907,-1.0,-1.0,-1.0,-1.0,-1.0,-1.0,-1.0,-1.0,-1.0,-1.0,-1.0,-1.0,-1.0,-1.0,-1.0,-1.0
