bad_A,bad_B,disc1,disc2,fI,fO_A,fO_B,fP_A,fP_B,fRi,fRo,fS,good_A,good_B,no_disc,pick,put,redo_A,redo_B,sI,sO_A,sO_B,sP_A,sP_B,sQ_A,sQ_Ar,sQ_B,sQ_Br,sRi,sRo,sS,test1,test2,turn1,turn2
-29769,-20756,-286,-189,-709,-32,-328,-707,-60,-313,-155,-133,25654,32830,-216,-165,-139,-4680,-7125,-184,-68,-133,-161,-234,-326,-726,-182,-371,-399,-743,-74,-471,-422,-595,-140
0.33864914121163026,0.6216913457942588,-1.0,-1.0,-1.0,-1.0,-1.0,-1.0,-1.0,-1.0,-1.0,-1.0,0.3109629667993182,0.2533895173580011,-1.0,-1.0,-1.0,0.6535363863865447,0.1124567068506388,-1.0,-1.0,-1.0,-1.0,-1.0,-1.0,-1.0,-1.0,-1.0,-1.0,-1.0,-1.0,-1.0,-1.0,-1.0,-1.0
