bad_A,bad_B,disc1,disc2,fI,fO_A,fO_B,fP_A,fP_B,fRi,fRo,fS,good_A,good_B,no_disc,pick,put,redo_A,redo_B,sI,sO_A,sO_B,sP_A,sP_B,sQ_A,sQ_Ar,sQ_B,sQ_Br,sRi,sRo,sS,test1,test2,turn1,turn2
-32306,-30398,-621,-459,-218,-526,-712,-588,-83,-575,-110,-201,36792,32122,-747,-176,-371,-1871,-1287,-705,-347,-245,-777,-177,-444,-720,-611,-154,-793,-136,-244,-67,-197,-562,-268
0.22900922494803302,0.23117984944750108,-1.0,-1.0,-1.0,-1.0,-1.0,-1.0,-1.0,-1.0,-1.0,-1.0,0.5027394506642693,0.5739036725115952,-1.0,-1.0,-1.0,0.119926721218868,0.8147607027140482,-1.0,-1.0,-1.0,-1.0,-1.0,-1.0,-1.0,-1.0,-1.0,-1.0,-1.0,-1.0,-1.0,-1.0,-1.0,-1.0
