bad_A,bad_B,disc1,disc2,fI,fO_A,fO_B,fP_A,fP_B,fRi,fRo,fS,good_A,good_B,no_disc,pick,put,redo_A,redo_B,sI,sO_A,sO_B,sP_A,sP_B,sQ_A,sQ_Ar,sQ_B,sQ_Br,sRi,sRo,sS,test1,test2,turn1,turn2
-22038,-28996,-181,-762,-203,-222,-212,-134,-71,-154,-779,-709,29401,29495,-553,-489,-157,-4301,-1141,-688,-233,-330,-753,-29,-264,-112,-719,-364,-378,-106,-435,-628,-671,-469,-648
0.10679242797088762,0.6221811349077888,-1.0,-1.0,-1.0,-1.0,-1.0,-1.0,-1.0,-1.0,-1.0,-1.0,0.8821486511526938,0.3541534221694057,-1.0,-1.0,-1.0,0.2181958654659634,0.3057180137479655,-1.0,-1.0,-1.0,-1.0,-1.0,-1.0,-1.0,-1.0,-1.0,-1.0,-1.0,-1.0,-1.0,-1.0,-1.0,-1.0
