bad_A,bad_B,disc1,disc2,fI,fO_A,fO_B,fP_A,fP_B,fRi,fRo,fS,good_A,good_B,no_disc,pick,put,redo_A,redo_B,sI,sO_A,sO_B,sP_A,sP_B,sQ_A,sQ_Ar,sQ_B,sQ_Br,sRi,sRo,sS,test1,test2,turn1,turn2
-30714,-28538,-214,-703,-462,-368,-675,-496,-181,-427,-615,-653,24362,27884,-316,-276,-372,-7819,-6172,-719,-324,-259,-697,-602,-432,-297,-628,-373,-185,-369,-536,-704,-124,-783,-525
0.3205404031686097,0.16407072852404586,-1.0,-1.0,-1.0,-1.0,-1.0,-1.0,-1.0,-1.0,-1.0,-1.0,0.672236460434039,0.791504220165569,-1.0,-1.0,-1.0,0.1230754765354944,0.3108416418756019,-1.0,-1.0,-1.0,-1.0,-1.0,-1.0,-1.0,-1.0,-1.0,-1.0,-1.0,-1.0,-1.0,-1.0,-1.0,-1.0
