bad_A,bad_B,disc1,disc2,fI,fO_A,fO_B,fP_A,fP_B,fRi,fRo,fS,good_A,good_B,no_disc,pick,put,redo_A,redo_B,sI,sO_A,sO_B,sP_A,sP_B,sQ_A,sQ_Ar,sQ_B,sQ_Br,sRi,sRo,sS,test1,test2,turn1,turn2
-32855,-26213,-538,-640,-105,-106,-687,-205,-49,-764,-749,-378,31730,32810,-703,-460,-768,-7513,-7849,-183,-392,-32,-160,-746,-271,-696,-664,-668,-472,-567,-599,-566,-487,-412,-505
0.33997959344607387,0.4729825414352462,-1.0,-1.0,-1.0,-1.0,-1.0,-1.0,-1.0,-1.0,-1.0,-1.0,0.3002092562859174,0.7164599032746639,-1.0,-1.0,-1.0,0.8121237727244646,0.1615674810856784,-1.0,-1.0,-1.0,-1.0,-1.0,-1.0,-1.0,-1.0,-1.0,-1.0,-1.0,-1.0,-1.0,-1.0,-1.0,-1.0
