bad_A,bad_B,disc1,disc2,fI,fO_A,fO_B,fP_A,fP_B,fRi,fRo,fS,good_A,good_B,no_disc,pick,put,redo_A,redo_B,sI,sO_A,sO_B,sP_A,sP_B,sQ_A,sQ_Ar,sQ_B,sQ_Br,sRi,sRo,sS,test1,test2,turn1,turn2
-24987,-22951,-83,-703,-507,-702,-616,-420,-385,-585,-144,-394,21235,33285,-116,-763,-376,-3717,-6514,-379,-752,-83,-300,-39,-190,-99,-620,-81,-462,-598,-158,-188,-514,-122,-757
0.42256512335338015,0.6475734732729649,-1.0,-1.0,-1.0,-1.0,-1.0,-1.0,-1.0,-1.0,-1.0,-1.0,0.18045359835689326,0.5386678318656642,-1.0,-1.0,-1.0,0.40701169463489795,0.37767927626543896,-1.0,-1.0,-1.0,-1.0,-1.0,-1.0,-1.0,-1.0,-1.0,-1.0,-1.0,-1.0,-1.0,-1.0,-1.0,-1.0
