bad_A,bad_B,disc1,disc2,fI,fO_A,fO_B,fP_A,fP_B,fRi,fRo,fS,good_A,good_B,no_disc,pick,put,redo_A,redo_B,sI,sO_A,sO_B,sP_A,sP_B,sQ_A,sQ_Ar,sQ_B,sQ_Br,sRi,sRo,sS,test1,test2,turn1,turn2
-21271,-33634,-402,-199,-363,-631,-587,-193,-501,-567,-428,-334,24979,31688,-447,-660,-91,-8682,-1369,-565,-590,-376,-471,-371,-319,-525,-355,-348,-78,-614,-462,-25,-230,-548,-289
0.6702220183127032,0.6599995868472697,-1.0,-1.0,-1.0,-1.0,-1.0,-1.0,-1.0,-1.0,-1.0,-1.0,0.12944362345885896,0.14372139211181656,-1.0,-1.0,-1.0,0.7573056041899037,0.49800207736081437,-1.0,-1.0,-1.0,-1.0,-1.0,-1.0,-1.0,-1.0,-1.0,-1.0,-1.0,-1.0,-1.0,-1.0,-1.0,-1.0
