bad_A,bad_B,disc1,disc2,fI,fO_A,fO_B,fP_A,fP_B,fRi,fRo,fS,good_A,good_B,no_disc,pick,put,redo_A,redo_B,sI,sO_A,sO_B,sP_A,sP_B,sQ_A,sQ_Ar,sQ_B,sQ_Br,sRi,sRo,sS,test1,test2,turn1,turn2
-36881,-22678,-679,-443,-245,-742,-272,-306,-157,-729,-783,-114,21895,32855,-216,-791,-476,-6190,-1121,-435,-151,-346,-678,-622,-376,-120,-442,-192,-647,-50,-99,-578,-156,-405,-41
0.7395891425438936,0.45374621896818845,-1.0,-1.0,-1.0,-1.0,-1.0,-1.0,-1.0,-1.0,-1.0,-1.0,0.3203070143811141,0.34379155116432597,-1.0,-1.0,-1.0,0.8456587622495508,0.8636967532701088,-1.0,-1.0,-1.0,-1.0,-1.0,-1.0,-1.0,-1.0,-1.0,-1.0,-1.0,-1.0,-1.0,-1.0,-1.0,-1.0
