bad_A,bad_B,disc1,disc2,fI,fO_A,fO_B,fP_A,fP_B,fRi,fRo,fS,good_A,good_B,no_disc,pick,put,redo_A,redo_B,sI,sO_A,sO_B,sP_A,sP_B,sQ_A,sQ_Ar,sQ_B,sQ_Br,sRi,sRo,sS,test1,test2,turn1,turn2
-31045,-32079,-625,-427,-136,-221,-747,-465,-99,-77,-157,-561,38427,31438,-433,-574,-763,-4720,-7584,-116,-377,-724,-524,-701,-18,-445,-699,-561,-467,-706,-86,-137,-182,-596,-121
0.41233866178657574,0.44316370626927204,-1.0,-1.0,-1.0,-1.0,-1.0,-1.0,-1.0,-1.0,-1.0,-1.0,0.5037376666733161,0.6642645783820667,-1.0,-1.0,-1.0,0.6314004446903962,0.805033922347301,-1.0,-1.0,-1.0,-1.0,-1.0,-1.0,-1.0,-1.0,-1.0,-1.0,-1.0,-1.0,-1.0,-1.0,-1.0,-1.0
