bad_A,bad_B,disc1,disc2,fI,fO_A,fO_B,fP_A,fP_B,fRi,fRo,fS,good_A,good_B,no_disc,pick,put,redo_A,redo_B,sI,sO_A,sO_B,sP_A,sP_B,sQ_A,sQ_Ar,sQ_B,sQ_Br,sRi,sRo,sS,test1,test2,turn1,turn2
-26172,-33736,-697,-255,-73,-368,-658,-291,-356,-376,-670,-492,35266,26261,-344,-175,-334,-5497,-6596,-382,-222,-545,-749,-731,-133,-40,-26,-128,-479,-104,-593,-84,-243,-662,-286
0.4702201095442321,0.572704574671428,-1.0,-1.0,-1.0,-1.0,-1.0,-1.0,-1.0,-1.0,-1.0,-1.0,0.34136662880526303,0.5394330283874154,-1.0,-1.0,-1.0,0.6114419090841032,0.5173705894766005,-1.0,-1.0,-1.0,-1.0,-1.0,-1.0,-1.0,-1.0,-1.0,-1.0,-1.0,-1.0,-1.0,-1.0,-1.0,-1.0
