bad_A,bad_B,disc1,disc2,fI,fO_A,fO_B,fP_A,fP_B,fRi,fRo,fS,good_A,good_B,no_disc,pick,put,redo_A,redo_B,sI,sO_A,sO_B,sP_A,sP_B,sQ_A,sQ_Ar,sQ_B,sQ_Br,sRi,sRo,sS,test1,test2,turn1,turn2
-33361,-21827,-699,-751,-566,-437,-574,-504,-227,-144,-102,-780,28398,37785,-760,-786,-354,-6253,-6223,-126,-723,-727,-205,-559,-732,-401,-716,-590,-530,-436,-293,-80,-553,-547,-630
0.7606118710092428,0.679155880324278,-1.0,-1.0,-1.0,-1.0,-1.0,-1.0,-1.0,-1.0,-1.0,-1.0,0.24659669789684432,0.5097872452004781,-1.0,-1.0,-1.0,0.17420290426402085,0.3282053384640847,-1.0,-1.0,-1.0,-1.0,-1.0,-1.0,-1.0,-1.0,-1.0,-1.0,-1.0,-1.0,-1.0,-1.0,-1.0,-1.0
