bad_A,bad_B,disc1,disc2,fI,fO_A,fO_B,fP_A,fP_B,fRi,fRo,fS,good_A,good_B,no_disc,pick,put,redo_A,redo_B,sI,sO_A,sO_B,sP_A,sP_B,sQ_A,sQ_Ar,sQ_B,sQ_Br,sRi,sRo,sS,test1,test2,turn1,turn2
-37366,-33190,-344,-44,-457,-205,-373,-635,-48,-796,-625,-371,39718,36911,-615,-667,-170,-4892,-4768,-259,-624,-755,-703,-497,-466,-467,-711,-193,-184,-140,-276,-590,-146,-647,-209
0.2556350858197144,0.6643247594925075,-1.0,-1.0,-1.0,-1.0,-1.0,-1.0,-1.0,-1.0,-1.0,-1.0,0.8657830220050872,0.6776395628260052,-1.0,-1.0,-1.0,0.8010257271595862,0.5329337103539724,-1.0,-1.0,-1.0,-1.0,-1.0,-1.0,-1.0,-1.0,-1.0,-1.0,-1.0,-1.0,-1.0,-1.0,-1.0,-1.0
