bad_A,bad_B,disc1,disc2,fI,fO_A,fO_B,fP_A,fP_B,fRi,fRo,fS,good_A,good_B,no_disc,pick,put,redo_A,redo_B,sI,sO_A,sO_B,sP_A,sP_B,sQ_A,sQ_Ar,sQ_B,sQ_Br,sRi,sRo,sS,test1,test2,turn1,turn2
-27116,-31419,-667,-553,-643,-598,-757,-55,-86,-795,-16,-112,33234,36526,-349,-337,-21,-8316,-4123,-211,-405,-573,-439,-197,-718,-505,-335,-757,-69,-458,-670,-184,-460,-753,-92
0.5658302767539461,0.19198060210074788,-1.0,-1.0,-1.0,-1.0,-1.0,-1.0,-1.0,-1.0,-1.0,-1.0,0.5614391997756775,0.8788869249491855,-1.0,-1.0,-1.0,0.8618508143607981,0.8257413774010854,-1.0,-1.0,-1.0,-1.0,-1.0,-1.0,-1.0,-1.0,-1.0,-1.0,-1.0,-1.0,-1.0,-1.0,-1.0,-1.0
