bad_A,bad_B,disc1,disc2,fI,fO_A,fO_B,fP_A,fP_B,fRi,fRo,fS,good_A,good_B,no_disc,pick,put,redo_A,redo_B,sI,sO_A,sO_B,sP_A,sP_B,sQ_A,sQ_Ar,sQ_B,sQ_Br,sRi,sRo,sS,test1,test2,turn1,turn2
-24954,-36499,-168,-467,-693,-721,-481,-749,-745,-392,-777,-316,31563,33060,-205,-273,-99,-2834,-3931,-313,-207,-779,-615,-131,-324,-315,-303,-10,-712,-151,-452,-203,-215,-407,-296
0.5308449430205987,0.16352663159849304,-1.0,-1.0,-1.0,-1.0,-1.0,-1.0,-1.0,-1.0,-1.0,-1.0,0.7187673944282876,0.2028884531606872,-1.0,-1.0,-1.0,0.24320171723064501,0.6078491993144074,-1.0,-1.0,-1.0,-1.0,-1.0,-1.0,-1.0,-1.0,-1.0,-1.0,-1.0,-1.0,-1.0,-1.0,-1.0,-1.0
