bad_A,bad_B,disc1,disc2,fI,fO_A,fO_B,fP_A,fP_B,fRi,fRo,fS,good_A,good_B,no_disc,pick,put,redo_A,redo_B,sI,sO_A,sO_B,sP_A,sP_B,sQ_A,sQ_Ar,sQ_B,sQ_Br,sRi,sRo,sS,test1,test2,turn1,turn2
-32602,-24525,-702,-23,-781,-121,-238,-621,-104,-163,-244,-776,22049,38476,-106,-660,-638,-1732,-2166,-514,-689,-480,-66,-12,-125,-45,-229,-309,-169,-191,-293,-223,-622,-331,-29
0.3159086976288217,0.22628793572565692,-1.0,-1.0,-1.0,-1.0,-1.0,-1.0,-1.0,-1.0,-1.0,-1.0,0.8076372824724486,0.8613454699490237,-1.0,-1.0,-1.0,0.7168596752623115,0.3385515917980058,-1.0,-1.0,-1.0,-1.0,-1.0,-1.0,-1.0,-1.0,-1.0,-1.0,-1.0,-1.0,-1.0,-1.0,-1.0,-1.0
