bad_A,bad_B,disc1,disc2,fI,fO_A,fO_B,fP_A,fP_B,fRi,fRo,fS,good_A,good_B,no_disc,pick,put,redo_A,redo_B,sI,sO_A,sO_B,sP_A,sP_B,sQ_A,sQ_Ar,sQ_B,sQ_Br,sRi,sRo,sS,test1,test2,turn1,turn2
-20934,-39362,-753,-522,-690,-662,-437,-274,-768,-693,-382,-511,35701,35627,-693,-273,-249,-3147,-6192,-765,-515,-622,-782,-659,-729,-791,-291,-747,-89,-17,-791,-378,-757,-408,-566
0.6713139905269525,0.6208220538822623,-1.0,-1.0,-1.0,-1.0,-1.0,-1.0,-1.0,-1.0,-1.0,-1.0,0.5737944004356643,0.3844496582416611,-1.0,-1.0,-1.0,0.7128726311984135,0.865204865972131,-1.0,-1.0,-1.0,-1.0,-1.0,-1.0,-1.0,-1.0,-1.0,-1.0,-1.0,-1.0,-1.0,-1.0,-1.0,-1.0
