bad_A,bad_B,disc1,disc2,fI,fO_A,fO_B,fP_A,fP_B,fRi,fRo,fS,good_A,good_B,no_disc,pick,put,redo_A,redo_B,sI,sO_A,sO_B,sP_A,sP_B,sQ_A,sQ_Ar,sQ_B,sQ_Br,sRi,sRo,sS,test1,test2,turn1,turn2
-29526,-38332,-171,-277,-676,-254,-519,-523,-384,-41,-441,-765,33169,31877,-159,-357,-179,-3985,-7319,-81,-199,-22,-209,-529,-686,-204,-454,-339,-317,-594,-680,-489,-282,-545,-572
0.8624613718495383,0.7556053576639277,-1.0,-1.0,-1.0,-1.0,-1.0,-1.0,-1.0,-1.0,-1.0,-1.0,0.14743858880791355,0.8608529112097816,-1.0,-1.0,-1.0,0.6234897091195393,0.7203856386127846,-1.0,-1.0,-1.0,-1.0,-1.0,-1.0,-1.0,-1.0,-1.0,-1.0,-1.0,-1.0,-1.0,-1.0,-1.0,-1.0
