bad_A,bad_B,disc1,disc2,fI,fO_A,fO_B,fP_A,fP_B,fRi,fRo,fS,good_A,good_B,no_disc,pick,put,redo_A,redo_B,sI,sO_A,sO_B,sP_A,sP_B,sQ_A,sQ_Ar,sQ_B,sQ_Br,sRi,sRo,sS,test1,test2,turn1,turn2
-25727,-38904,-402,-747,-342,-59,-464,-763,-528,-515,-708,-708,37689,20960,-185,-162,-322,-5409,-4036,-137,-302,-436,-664,-443,-444,-48,-536,-694,-33,-757,-588,-441,-604,-735,-218
0.6487871096354693,0.67719621792971,-1.0,-1.0,-1.0,-1.0,-1.0,-1.0,-1.0,-1.0,-1.0,-1.0,0.6898909445740953,0.4924803466201835,-1.0,-1.0,-1.0,0.5812967222626847,0.7965138961117921,-1.0,-1.0,-1.0,-1.0,-1.0,-1.0,-1.0,-1.0,-1.0,-1.0,-1.0,-1.0,-1.0,-1.0,-1.0,-1.0
