bad_A,bad_B,disc1,disc2,fI,fO_A,fO_B,fP_A,fP_B,fRi,fRo,fS,good_A,good_B,no_disc,pick,put,redo_A,redo_B,sI,sO_A,sO_B,sP_A,sP_B,sQ_A,sQ_Ar,sQ_B,sQ_Br,sRi,sRo,sS,test1,test2,turn1,turn2
-25004,-30843,-632,-358,-106,-578,-754,-264,-688,-499,-36,-404,33615,39386,-272,-77,-672,-3019,-4824,-498,-262,-130,-220,-499,-719,-355,-447,-167,-383,-755,-407,-554,-504,-350,-428
0.29653221668424684,0.41211750609298525,-1.0,-1.0,-1.0,-1.0,-1.0,-1.0,-1.0,-1.0,-1.0,-1.0,0.19717944235159113,0.8697763702793415,-1.0,-1.0,-1.0,0.7770060671039011,0.2642428205595871,-1.0,-1.0,-1.0,-1.0,-1.0,-1.0,-1.0,-1.0,-1.0,-1.0,-1.0,-1.0,-1.0,-1.0,-1.0,-1.0
