bad_A,bad_B,disc1,disc2,fI,fO_A,fO_B,fP_A,fP_B,fRi,fRo,fS,good_A,good_B,no_disc,pick,put,redo_A,redo_B,sI,sO_A,sO_B,sP_A,sP_B,sQ_A,sQ_Ar,sQ_B,sQ_Br,sRi,sRo,sS,test1,test2,turn1,turn2
-39862,-32912,-225,-606,-425,-240,-558,-299,-672,-303,-684,-525,38663,30271,-169,-128,-403,-2027,-6844,-626,-180,-188,-356,-551,-272,-506,-340,-195,-521,-444,-480,-528,-132,-658,-22
0.25084263039896665,0.4326704250347655,-1.0,-1.0,-1.0,-1.0,-1.0,-1.0,-1.0,-1.0,-1.0,-1.0,0.121910448621155,0.4799631657295653,-1.0,-1.0,-1.0,0.812533838954179,0.8179209128269742,-1.0,-1.0,-1.0,-1.0,-1.0,-1.0,-1.0,-1.0,-1.0,-1.0,-1.0,-1.0,-1.0,-1.0,-1.0,-1.0
