bad_A,bad_B,disc1,disc2,fI,fO_A,fO_B,fP_A,fP_B,fRi,fRo,fS,good_A,good_B,no_disc,pick,put,redo_A,redo_B,sI,sO_A,sO_B,sP_A,sP_B,sQ_A,sQ_Ar,sQ_B,sQ_Br,sRi,sRo,sS,test1,test2,turn1,turn2
-24185,-35664,-727,-59,-623,-328,-330,-719,-58,-788,-694,-522,32908,35362,-92,-116,-329,-2847,-2011,-542,-598,-306,-796,-795,-789,-555,-212,-119,-563,-220,-266,-701,-315,-152,-109
0.7831394333916248,0.6589497400454613,-1.0,-1.0,-1.0,-1.0,-1.0,-1.0,-1.0,-1.0,-1.0,-1.0,0.4258619419132147,0.8635563170529267,-1.0,-1.0,-1.0,0.7547912060746976,0.4683723353960134,-1.0,-1.0,-1.0,-1.0,-1.0,-1.0,-1.0,-1.0,-1.0,-1.0,-1.0,-1.0,-1.0,-1.0,-1.0,-1.0
