bad_A,bad_B,disc1,disc2,fI,fO_A,fO_B,fP_A,fP_B,fRi,fRo,fS,good_A,good_B,no_disc,pick,put,redo_A,redo_B,sI,sO_A,sO_B,sP_A,sP_B,sQ_A,sQ_Ar,sQ_B,sQ_Br,sRi,sRo,sS,test1,test2,turn1,turn2
-29460,-39895,-498,-488,-156,-530,-401,-471,-511,-368,-788,-185,32999,22376,-82,-164,-708,-2180,-4983,-87,-137,-556,-736,-339,-105,-704,-108,-680,-378,-637,-61,-20,-131,-253,-412
0.7921083798493453,0.33439304226466027,-1.0,-1.0,-1.0,-1.0,-1.0,-1.0,-1.0,-1.0,-1.0,-1.0,0.41094914317711806,0.11553507922265577,-1.0,-1.0,-1.0,0.763082364025672,0.7939918848449918,-1.0,-1.0,-1.0,-1.0,-1.0,-1.0,-1.0,-1.0,-1.0,-1.0,-1.0,-1.0,-1.0,-1.0,-1.0,-1.0
