bad_A,bad_B,disc1,disc2,fI,fO_A,fO_B,fP_A,fP_B,fRi,fRo,fS,good_A,good_B,no_disc,pick,put,redo_A,redo_B,sI,sO_A,sO_B,sP_A,sP_B,sQ_A,sQ_Ar,sQ_B,sQ_Br,sRi,sRo,sS,test1,test2,turn1,turn2
-20268,-21576,-182,-779,-739,-243,-768,-608,-525,-535,-615,-167,37208,22038,-201,-101,-545,-5179,-2159,-336,-101,-633,-362,-311,-542,-587,-309,-360,-375,-456,-484,-377,-289,-581,-200
0.6076524460029965,0.5453338932003405,-1.0,-1.0,-1.0,-1.0,-1.0,-1.0,-1.0,-1.0,-1.0,-1.0,0.5194351736267738,0.583253383125354,-1.0,-1.0,-1.0,0.6892578729402681,0.84023142472308,-1.0,-1.0,-1.0,-1.0,-1.0,-1.0,-1.0,-1.0,-1.0,-1.0,-1.0,-1.0,-1.0,-1.0,-1.0,-1.0
