bad_A,bad_B,disc1,disc2,fI,fO_A,fO_B,fP_A,fP_B,fRi,fRo,fS,good_A,good_B,no_disc,pick,put,redo_A,redo_B,sI,sO_A,sO_B,sP_A,sP_B,sQ_A,sQ_Ar,sQ_B,sQ_Br,sRi,sRo,sS,test1,test2,turn1,turn2
-35196,-36002,-14,-142,-157,-557,-307,-51,-195,-202,-262,-416,25621,34983,-629,-537,-753,-6535,-4759,-520,-635,-251,-171,-675,-222,-478,-200,-709,-309,-658,-507,-144,-241,-632,-159
0.1258390742210329,0.27318754548671353,-1.0,-1.0,-1.0,-1.0,-1.0,-1.0,-1.0,-1.0,-1.0,-1.0,0.10220319133407783,0.640978542344689,-1.0,-1.0,-1.0,0.2225634732157266,0.6515305744121992,-1.0,-1.0,-1.0,-1.0,-1.0,-1.0,-1.0,-1.0,-1.0,-1.0,-1.0,-1.0,-1.0,-1.0,-1.0,-1.0
