bad_A,bad_B,disc1,disc2,fI,fO_A,fO_B,fP_A,fP_B,fRi,fRo,fS,good_A,good_B,no_disc,pick,put,redo_A,redo_B,sI,sO_A,sO_B,sP_A,sP_B,sQ_A,sQ_Ar,sQ_B,sQ_Br,sRi,sRo,sS,test1,test2,turn1,turn2
-27210,-33963,-460,-42,-771,-280,-493,-688,-484,-590,-456,-357,37824,35709,-373,-372,-377,-3977,-6598,-242,-788,-197,-454,-433,-383,-186,-350,-462,-63,-121,-707,-198,-391,-396,-75
0.8586594135334934,0.35818253094454766,-1.0,-1.0,-1.0,-1.0,-1.0,-1.0,-1.0,-1.0,-1.0,-1.0,0.7923229037942953,0.4771831976430164,-1.0,-1.0,-1.0,0.6090220906545668,0.8873749220352284,-1.0,-1.0,-1.0,-1.0,-1.0,-1.0,-1.0,-1.0,-1.0,-1.0,-1.0,-1.0,-1.0,-1.0,-1.0,-1.0
