bad_A,bad_B,disc1,disc2,fI,fO_A,fO_B,fP_A,fP_B,fRi,fRo,fS,good_A,good_B,no_disc,pick,put,redo_A,redo_B,sI,sO_A,sO_B,sP_A,sP_B,sQ_A,sQ_Ar,sQ_B,sQ_Br,sRi,sRo,sS,test1,test2,turn1,turn2
-39066,-38196,-137,-499,-235,-730,-217,-259,-439,-622,-368,-307,36416,29909,-44,-380,-569,-8643,-6217,-473,-754,-428,-682,-632,-306,-237,-630,-323,-400,-213,-155,-58,-451,-785,-337
0.37112224576872943,0.5554597374940874,-1.0,-1.0,-1.0,-1.0,-1.0,-1.0,-1.0,-1.0,-1.0,-1.0,0.618880785601863,0.4378574376372829,-1.0,-1.0,-1.0,0.13409932976880257,0.24594310866305388,-1.0,-1.0,-1.0,-1.0,-1.0,-1.0,-1.0,-1.0,-1.0,-1.0,-1.0,-1.0,-1.0,-1.0,-1.0,-1.0
