bad_A,bad_B,disc1,disc2,fI,fO_A,fO_B,fP_A,fP_B,fRi,fRo,fS,good_A,good_B,no_disc,pick,put,redo_A,redo_B,sI,sO_A,sO_B,sP_A,sP_B,sQ_A,sQ_Ar,sQ_B,sQ_Br,sRi,sRo,sS,test1,test2,turn1,turn2
-23192,-37394,-352,-467,-486,-122,-137,-201,-176,-529,-571,-307,25084,23686,-28,-75,-68,-7180,-8112,-177,-592,-698,-135,-61,-67,-635,-282,-656,-473,-154,-680,-81,-78,-688,-49
0.15437638228825667,0.14024535035891283,-1.0,-1.0,-1.0,-1.0,-1.0,-1.0,-1.0,-1.0,-1.0,-1.0,0.5460677101855159,0.5447131912900941,-1.0,-1.0,-1.0,0.6436390613318769,0.49785800166458083,-1.0,-1.0,-1.0,-1.0,-1.0,-1.0,-1.0,-1.0,-1.0,-1.0,-1.0,-1.0,-1.0,-1.0,-1.0,-1.0
