bad_A,bad_B,disc1,disc2,fI,fO_A,fO_B,fP_A,fP_B,fRi,fRo,fS,good_A,good_B,no_disc,pick,put,redo_A,redo_B,sI,sO_A,sO_B,sP_A,sP_B,sQ_A,sQ_Ar,sQ_B,sQ_Br,sRi,sRo,sS,test1,test2,turn1,turn2
-36518,-27020,-714,-748,-314,-737,-587,-34,-610,-46,-780,-716,28759,31170,-646,-177,-552,-6673,-2858,-448,-182,-312,-673,-246,-622,-242,-28,-762,-520,-167,-503,-471,-459,-33,-190
0.22764696614809773,0.7036989237274134,-1.0,-1.0,-1.0,-1.0,-1.0,-1.0,-1.0,-1.0,-1.0,-1.0,0.5567694372845268,0.18582733129839354,-1.0,-1.0,-1.0,0.709216345955804,0.4575962304050678,-1.0,-1.0,-1.0,-1.0,-1.0,-1.0,-1.0,-1.0,-1.0,-1.0,-1.0,-1.0,-1.0,-1.0,-1.0,-1.0
