bad_A,bad_B,disc1,disc2,fI,fO_A,fO_B,fP_A,fP_B,fRi,fRo,fS,good_A,good_B,no_disc,pick,put,redo_A,redo_B,sI,sO_A,sO_B,sP_A,sP_B,sQ_A,sQ_Ar,sQ_B,sQ_Br,sRi,sRo,sS,test1,test2,turn1,turn2
-22901,-36056,-209,-78,-257,-517,-770,-420,-49,-376,-661,-677,28866,33815,-670,-20,-551,-1866,-6381,-682,-240,-466,-698,-731,-799,-578,-787,-411,-473,-710,-761,-65,-375,-553,-665
0.489212185712501,0.5877828537045131,-1.0,-1.0,-1.0,-1.0,-1.0,-1.0,-1.0,-1.0,-1.0,-1.0,0.8146545850118129,0.17482333795537625,-1.0,-1.0,-1.0,0.6522429457868487,0.8932300866144348,-1.0,-1.0,-1.0,-1.0,-1.0,-1.0,-1.0,-1.0,-1.0,-1.0,-1.0,-1.0,-1.0,-1.0,-1.0,-1.0
