bad_A,bad_B,disc1,disc2,fI,fO_A,fO_B,fP_A,fP_B,fRi,fRo,fS,good_A,good_B,no_disc,pick,put,redo_A,redo_B,sI,sO_A,sO_B,sP_A,sP_B,sQ_A,sQ_Ar,sQ_B,sQ_Br,sRi,sRo,sS,test1,test2,turn1,turn2
-30761,-37552,-679,-718,-266,-231,-237,-370,-559,-439,-29,-645,28646,35539,-587,-586,-528,-6865,-8463,-248,-595,-333,-206,-673,-422,-447,-202,-355,-505,-714,-476,-352,-12,-123,-752
0.32460628745915293,0.22309157635988816,-1.0,-1.0,-1.0,-1.0,-1.0,-1.0,-1.0,-1.0,-1.0,-1.0,0.21990608091076141,0.40395951160851973,-1.0,-1.0,-1.0,0.6708149566047696,0.10091888622185446,-1.0,-1.0,-1.0,-1.0,-1.0,-1.0,-1.0,-1.0,-1.0,-1.0,-1.0,-1.0,-1.0,-1.0,-1.0,-1.0
