bad_A,bad_B,fI,fO_A,fO_B,fP_A,fp_B,fRi,fRo,fS,good_A,good_B,redo_A,redo_B,sI,sO_A,sO_B,sP_A,sP_B,sQ_A,sQ_Ar,sQ_B,sQ_Br,sRi,sRo,sS
-32839,-22207,-251,-657,-266,-553,-97,-283,-325,-478,26399,29913,-4370,-7002,-283,-725,-165,-55,-13,-501,-669,-357,-587,-129,-447,-707
0.3560256164210679,0.3971780439282472,-1.0,-1.0,-1.0,-1.0,-1.0,-1.0,-1.0,-1.0,0.8731625918316432,0.5064162720649097,0.1277221295040728,0.4228109918694306,-1.0,-1.0,-1.0,-1.0,-1.0,-1.0,-1.0,-1.0,-1.0,-1.0,-1.0,-1.0
