bad_A,bad_B,fI,fO_A,fO_B,fP_A,fp_B,fRi,fRo,fS,good_A,good_B,redo_A,redo_B,sI,sO_A,sO_B,sP_A,sP_B,sQ_A,sQ_Ar,sQ_B,sQ_Br,sRi,sRo,sS
-35723,-28046,-387,-271,-667,-89,-246,-467,-342,-388,23341,24621,-7425,-1108,-221,-132,-35,-471,-64,-634,-604,-460,-289,-698,-720,-390
0.5836421843136143,0.7387547066223206,-1.0,-1.0,-1.0,-1.0,-1.0,-1.0,-1.0,-1.0,0.6912083581310441,0.8578234771049911,0.31336482501163615,0.190888248605713,-1.0,-1.0,-1.0,-1.0,-1.0,-1.0,-1.0,-1.0,-1.0,-1.0,-1.0,-1.0
