bad_A,bad_B,disc1,disc2,fI,fO_A,fO_B,fP_A,fP_B,fRi,fRo,fS,good_A,good_B,no_disc,pick,put,redo_A,redo_B,sI,sO_A,sO_B,sP_A,sP_B,sQ_A,sQ_Ar,sQ_B,sQ_Br,sRi,sRo,sS,test1,test2,turn1,turn2
-34260,-33795,-402,-315,-531,-652,-223,-410,-155,-536,-73,-461,38907,31560,-153,-325,-191,-4761,-2124,-765,-50,-249,-769,-203,-310,-485,-647,-540,-565,-113,-102,-218,-760,-516,-557
0.6193064474482177,0.874873657851099,-1.0,-1.0,-1.0,-1.0,-1.0,-1.0,-1.0,-1.0,-1.0,-1.0,0.45956624482661057,0.8644287451101901,-1.0,-1.0,-1.0,0.6490892097067031,0.10113020819062789,-1.0,-1.0,-1.0,-1.0,-1.0,-1.0,-1.0,-1.0,-1.0,-1.0,-1.0,-1.0,-1.0,-1.0,-1.0,-1.0
