bad_A,bad_B,disc1,disc2,fI,fO_A,fO_B,fP_A,fP_B,fRi,fRo,fS,good_A,good_B,no_disc,pick,put,redo_A,redo_B,sI,sO_A,sO_B,sP_A,sP_B,sQ_A,sQ_Ar,sQ_B,sQ_Br,sRi,sRo,sS,test1,test2,turn1,turn2
-28987,-32458,-222,-626,-469,-57,-19,-445,-125,-262,-669,-171,29534,26506,-703,-563,-617,-1294,-5921,-650,-663,-488,-98,-443,-657,-103,-123,-277,-682,-518,-604,-304,-35,-688,-31
0.13213162036619366,0.403271636052703,-1.0,-1.0,-1.0,-1.0,-1.0,-1.0,-1.0,-1.0,-1.0,-1.0,0.5945460903444174,0.2677078405766906,-1.0,-1.0,-1.0,0.25664393500991994,0.2790541892223263,-1.0,-1.0,-1.0,-1.0,-1.0,-1.0,-1.0,-1.0,-1.0,-1.0,-1.0,-1.0,-1.0,-1.0,-1.0,-1.0
