bad_A,bad_B,disc1,disc2,fI,fO_A,fO_B,fP_A,fP_B,fRi,fRo,fS,good_A,good_B,no_disc,pick,put,redo_A,redo_B,sI,sO_A,sO_B,sP_A,sP_B,sQ_A,sQ_Ar,sQ_B,sQ_Br,sRi,sRo,sS,test1,test2,turn1,turn2
-25249,-38363,-608,-734,-736,-634,-132,-725,-393,-105,-43,-507,22022,24893,-21,-154,-48,-8209,-5571,-87,-249,-238,-761,-632,-54,-12,-660,-98,-481,-489,-313,-10,-620,-179,-371
0.1943334038633772,0.6039207794621579,-1.0,-1.0,-1.0,-1.0,-1.0,-1.0,-1.0,-1.0,-1.0,-1.0,0.8086781412193546,0.3638818608462907,-1.0,-1.0,-1.0,0.37515186829315794,0.35220455451419475,-1.0,-1.0,-1.0,-1.0,-1.0,-1.0,-1.0,-1.0,-1.0,-1.0,-1.0,-1.0,-1.0,-1.0,-1.0,-1.0
