bad_A,bad_B,disc1,disc2,fI,fO_A,fO_B,fP_A,fP_B,fRi,fRo,fS,good_A,good_B,no_disc,pick,put,redo_A,redo_B,sI,sO_A,sO_B,sP_A,sP_B,sQ_A,sQ_Ar,sQ_B,sQ_Br,sRi,sRo,sS,test1,test2,turn1,turn2
-35863,-28305,-231,-67,-765,-369,-578,-675,-527,-244,-372,-608,31463,34747,-696,-25,-204,-5068,-6678,-692,-754,-485,-706,-233,-48,-491,-651,-72,-68,-765,-581,-519,-521,-419,-271
0.6798254099488555,0.1209033946279024,-1.0,-1.0,-1.0,-1.0,-1.0,-1.0,-1.0,-1.0,-1.0,-1.0,0.7713744014607329,0.7714417583227003,-1.0,-1.0,-1.0,0.8447686294377456,0.3470184209640966,-1.0,-1.0,-1.0,-1.0,-1.0,-1.0,-1.0,-1.0,-1.0,-1.0,-1.0,-1.0,-1.0,-1.0,-1.0,-1.0
