bad_A,bad_B,disc1,disc2,fI,fO_A,fO_B,fP_A,fP_B,fRi,fRo,fS,good_A,good_B,no_disc,pick,put,redo_A,redo_B,sI,sO_A,sO_B,sP_A,sP_B,sQ_A,sQ_Ar,sQ_B,sQ_Br,sRi,sRo,sS,test1,test2,turn1,turn2
-32606,-30408,-297,-511,-249,-263,-438,-234,-648,-457,-669,-514,21237,33850,-117,-667,-167,-8802,-2490,-268,-91,-214,-555,-681,-617,-198,-293,-69,-336,-457,-380,-341,-157,-316,-111
0.21513907953092293,0.10445885133506803,-1.0,-1.0,-1.0,-1.0,-1.0,-1.0,-1.0,-1.0,-1.0,-1.0,0.6419800869271044,0.47299548337734454,-1.0,-1.0,-1.0,0.6834535690611526,0.21563539634066686,-1.0,-1.0,-1.0,-1.0,-1.0,-1.0,-1.0,-1.0,-1.0,-1.0,-1.0,-1.0,-1.0,-1.0,-1.0,-1.0
