bad_A,bad_B,disc1,disc2,fI,fO_A,fO_B,fP_A,fP_B,fRi,fRo,fS,good_A,good_B,no_disc,pick,put,redo_A,redo_B,sI,sO_A,sO_B,sP_A,sP_B,sQ_A,sQ_Ar,sQ_B,sQ_Br,sRi,sRo,sS,test1,test2,turn1,turn2
-39282,-23761,-777,-681,-449,-374,-84,-235,-145,-447,-158,-281,23183,29871,-550,-258,-126,-7627,-8536,-755,-354,-469,-431,-379,-558,-230,-507,-330,-797,-555,-790,-175,-656,-723,-194
0.21069024304325376,0.5113299871314245,-1.0,-1.0,-1.0,-1.0,-1.0,-1.0,-1.0,-1.0,-1.0,-1.0,0.7368434454660064,0.29389621127230914,-1.0,-1.0,-1.0,0.28826421732160973,0.26611686791399447,-1.0,-1.0,-1.0,-1.0,-1.0,-1.0,-1.0,-1.0,-1.0,-1.0,-1.0,-1.0,-1.0,-1.0,-1.0,-1.0
