bad_A,bad_B,disc1,disc2,fI,fO_A,fO_B,fP_A,fP_B,fRi,fRo,fS,good_A,good_B,no_disc,pick,put,redo_A,redo_B,sI,sO_A,sO_B,sP_A,sP_B,sQ_A,sQ_Ar,sQ_B,sQ_Br,sRi,sRo,sS,test1,test2,turn1,turn2
-31148,-29094,-220,-773,-439,-67,-92,-501,-410,-11,-723,-650,36248,24540,-666,-726,-401,-5269,-4266,-529,-509,-386,-742,-349,-267,-219,-34,-684,-60,-38,-501,-206,-116,-388,-786
0.7262907690765446,0.5221688626386553,-1.0,-1.0,-1.0,-1.0,-1.0,-1.0,-1.0,-1.0,-1.0,-1.0,0.1320229126208915,0.5031422803368186,-1.0,-1.0,-1.0,0.8513654159661838,0.3650641642714523,-1.0,-1.0,-1.0,-1.0,-1.0,-1.0,-1.0,-1.0,-1.0,-1.0,-1.0,-1.0,-1.0,-1.0,-1.0,-1.0
