bad_A,bad_B,disc1,disc2,fI,fO_A,fO_B,fP_A,fP_B,fRi,fRo,fS,good_A,good_B,no_disc,pick,put,redo_A,redo_B,sI,sO_A,sO_B,sP_A,sP_B,sQ_A,sQ_Ar,sQ_B,sQ_Br,sRi,sRo,sS,test1,test2,turn1,turn2
-36088,-33311,-719,-287,-694,-478,-381,-640,-545,-741,-331,-275,36039,31469,-36,-444,-104,-6548,-6214,-160,-230,-381,-16,-138,-326,-270,-111,-171,-70,-101,-273,-162,-219,-236,-453
0.7189518714651371,0.8886083869825526,-1.0,-1.0,-1.0,-1.0,-1.0,-1.0,-1.0,-1.0,-1.0,-1.0,0.23679416557652486,0.33473216353150503,-1.0,-1.0,-1.0,0.8525718934738321,0.5340173320562857,-1.0,-1.0,-1.0,-1.0,-1.0,-1.0,-1.0,-1.0,-1.0,-1.0,-1.0,-1.0,-1.0,-1.0,-1.0,-1.0
