bad_A,bad_B,disc1,disc2,fI,fO_A,fO_B,fP_A,fP_B,fRi,fRo,fS,good_A,good_B,no_disc,pick,put,redo_A,redo_B,sI,sO_A,sO_B,sP_A,sP_B,sQ_A,sQ_Ar,sQ_B,sQ_Br,sRi,sRo,sS,test1,test2,turn1,turn2
-28755,-27190,-663,-299,-638,-656,-374,-99,-94,-512,-206,-737,32475,25467,-523,-793,-598,-6505,-6344,-652,-355,-651,-181,-227,-261,-595,-661,-609,-341,-394,-522,-201,-533,-61,-36
0.10907668950863947,0.4679002965918615,-1.0,-1.0,-1.0,-1.0,-1.0,-1.0,-1.0,-1.0,-1.0,-1.0,0.7796712077632735,0.6969745683795102,-1.0,-1.0,-1.0,0.6756908451247221,0.5443505846100972,-1.0,-1.0,-1.0,-1.0,-1.0,-1.0,-1.0,-1.0,-1.0,-1.0,-1.0,-1.0,-1.0,-1.0,-1.0,-1.0
