bad_A,bad_B,disc1,disc2,fI,fO_A,fO_B,fP_A,fP_B,fRi,fRo,fS,good_A,good_B,no_disc,pick,put,redo_A,redo_B,sI,sO_A,sO_B,sP_A,sP_B,sQ_A,sQ_Ar,sQ_B,sQ_Br,sRi,sRo,sS,test1,test2,turn1,turn2
-30742,-26332,-270,-638,-560,-360,-334,-668,-238,-736,-761,-650,31637,32852,-633,-265,-432,-4529,-2523,-512,-741,-460,-477,-694,-762,-250,-50,-503,-253,-682,-493,-117,-531,-568,-689
0.774309343035093,0.398076944727338,-1.0,-1.0,-1.0,-1.0,-1.0,-1.0,-1.0,-1.0,-1.0,-1.0,0.20286740610060416,0.17034239965102466,-1.0,-1.0,-1.0,0.21534937849008734,0.6183503536478454,-1.0,-1.0,-1.0,-1.0,-1.0,-1.0,-1.0,-1.0,-1.0,-1.0,-1.0,-1.0,-1.0,-1.0,-1.0,-1.0
