bad_A,bad_B,disc1,disc2,fI,fO_A,fO_B,fP_A,fP_B,fRi,fRo,fS,good_A,good_B,no_disc,pick,put,redo_A,redo_B,sI,sO_A,sO_B,sP_A,sP_B,sQ_A,sQ_Ar,sQ_B,sQ_Br,sRi,sRo,sS,test1,test2,turn1,turn2
-38198,-24374,-131,-498,-312,-146,-618,-292,-793,-750,-419,-441,33227,23053,-204,-663,-675,-4004,-4900,-495,-627,-284,-354,-372,-423,-118,-796,-505,-557,-361,-761,-231,-23,-490,-656
0.23665037668806815,0.3382204765427135,-1.0,-1.0,-1.0,-1.0,-1.0,-1.0,-1.0,-1.0,-1.0,-1.0,0.2392863089521282,0.4907116168051431,-1.0,-1.0,-1.0,0.6462724493495904,0.15763099738464714,-1.0,-1.0,-1.0,-1.0,-1.0,-1.0,-1.0,-1.0,-1.0,-1.0,-1.0,-1.0,-1.0,-1.0,-1.0,-1.0
