bad_A,bad_B,disc1,disc2,fI,fO_A,fO_B,fP_A,fP_B,fRi,fRo,fS,good_A,good_B,no_disc,pick,put,redo_A,redo_B,sI,sO_A,sO_B,sP_A,sP_B,sQ_A,sQ_Ar,sQ_B,sQ_Br,sRi,sRo,sS,test1,test2,turn1,turn2
-23367,-29846,-488,-256,-170,-254,-94,-76,-758,-440,-71,-189,27588,39879,-629,-467,-148,-7563,-7030,-681,-46,-427,-100,-417,-74,-318,-164,-575,-549,-350,-749,-419,-613,-316,-318
0.6934233074206441,0.12187873879480692,-1.0,-1.0,-1.0,-1.0,-1.0,-1.0,-1.0,-1.0,-1.0,-1.0,0.5339540316592577,0.722759840701421,-1.0,-1.0,-1.0,0.80641918848654,0.3580202208716988,-1.0,-1.0,-1.0,-1.0,-1.0,-1.0,-1.0,-1.0,-1.0,-1.0,-1.0,-1.0,-1.0,-1.0,-1.0,-1.0
