bad_A,bad_B,disc1,disc2,fI,fO_A,fO_B,fP_A,fP_B,fRi,fRo,fS,good_A,good_B,no_disc,pick,put,redo_A,redo_B,sI,sO_A,sO_B,sP_A,sP_B,sQ_A,sQ_Ar,sQ_B,sQ_Br,sRi,sRo,sS,test1,test2,turn1,turn2
-28048,-22899,-361,-97,-403,-792,-56,-258,-210,-581,-124,-145,35896,38460,-163,-790,-215,-1204,-8532,-127,-133,-723,-15,-309,-94,-679,-598,-362,-20,-87,-670,-753,-265,-785,-72
0.8021945905214477,0.36242703717847913,-1.0,-1.0,-1.0,-1.0,-1.0,-1.0,-1.0,-1.0,-1.0,-1.0,0.8429979033783006,0.8709608167032333,-1.0,-1.0,-1.0,0.7117286035224833,0.5054092326806348,-1.0,-1.0,-1.0,-1.0,-1.0,-1.0,-1.0,-1.0,-1.0,-1.0,-1.0,-1.0,-1.0,-1.0,-1.0,-1.0
