bad_A,bad_B,disc1,disc2,fI,fO_A,fO_B,fP_A,fP_B,fRi,fRo,fS,good_A,good_B,no_disc,pick,put,redo_A,redo_B,sI,sO_A,sO_B,sP_A,sP_B,sQ_A,sQ_Ar,sQ_B,sQ_Br,sRi,sRo,sS,test1,test2,turn1,turn2
-32574,-23737,-98,-687,-121,-644,-364,-424,-289,-150,-542,-796,31235,29611,-516,-683,-379,-5949,-1514,-720,-17,-491,-606,-267,-436,-303,-358,-270,-561,-57,-100,-242,-385,-722,-90
0.6262247891523123,0.7657674489834724,-1.0,-1.0,-1.0,-1.0,-1.0,-1.0,-1.0,-1.0,-1.0,-1.0,0.20146407179949036,0.6893272285746833,-1.0,-1.0,-1.0,0.25360958882163837,0.7750253420506009,-1.0,-1.0,-1.0,-1.0,-1.0,-1.0,-1.0,-1.0,-1.0,-1.0,-1.0,-1.0,-1.0,-1.0,-1.0,-1.0
