bad_A,bad_B,disc1,disc2,fI,fO_A,fO_B,fP_A,fP_B,fRi,fRo,fS,good_A,good_B,no_disc,pick,put,redo_A,redo_B,sI,sO_A,sO_B,sP_A,sP_B,sQ_A,sQ_Ar,sQ_B,sQ_Br,sRi,sRo,sS,test1,test2,turn1,turn2
-29729,-23526,-25,-585,-266,-130,-686,-715,-492,-258,-86,-82,25753,23359,-673,-228,-640,-5020,-5965,-744,-479,-25,-713,-620,-254,-359,-646,-778,-78,-29,-347,-468,-448,-599,-350
0.8017244230069496,0.37675951356298487,-1.0,-1.0,-1.0,-1.0,-1.0,-1.0,-1.0,-1.0,-1.0,-1.0,0.7508508864691524,0.336560333363226,-1.0,-1.0,-1.0,0.6313193698289912,0.2163618843280741,-1.0,-1.0,-1.0,-1.0,-1.0,-1.0,-1.0,-1.0,-1.0,-1.0,-1.0,-1.0,-1.0,-1.0,-1.0,-1.0
