bad_A,bad_B,disc1,disc2,fI,fO_A,fO_B,fP_A,fP_B,fRi,fRo,fS,good_A,good_B,no_disc,pick,put,redo_A,redo_B,sI,sO_A,sO_B,sP_A,sP_B,sQ_A,sQ_Ar,sQ_B,sQ_Br,sRi,sRo,sS,test1,test2,turn1,turn2
-39106,-33588,-497,-726,-151,-133,-217,-391,-77,-182,-395,-97,30890,27546,-199,-187,-439,-5124,-8421,-481,-128,-148,-524,-536,-359,-243,-237,-718,-35,-310,-555,-192,-534,-437,-275
0.33024789818986144,0.16637550297256531,-1.0,-1.0,-1.0,-1.0,-1.0,-1.0,-1.0,-1.0,-1.0,-1.0,0.5586588558702764,0.7952036358538337,-1.0,-1.0,-1.0,0.35540523449605965,0.36448856838390975,-1.0,-1.0,-1.0,-1.0,-1.0,-1.0,-1.0,-1.0,-1.0,-1.0,-1.0,-1.0,-1.0,-1.0,-1.0,-1.0
