bad_A,bad_B,disc1,disc2,fI,fO_A,fO_B,fP_A,fP_B,fRi,fRo,fS,good_A,good_B,no_disc,pick,put,redo_A,redo_B,sI,sO_A,sO_B,sP_A,sP_B,sQ_A,sQ_Ar,sQ_B,sQ_Br,sRi,sRo,sS,test1,test2,turn1,turn2
-31402,-30872,-381,-210,-712,-128,-295,-523,-83,-679,-568,-631,27852,29070,-446,-697,-416,-5420,-3561,-677,-735,-414,-161,-370,-48,-342,-776,-204,-449,-447,-722,-212,-543,-283,-382
0.598021846463618,0.3740218307489728,-1.0,-1.0,-1.0,-1.0,-1.0,-1.0,-1.0,-1.0,-1.0,-1.0,0.421117090127919,0.37712896027653087,-1.0,-1.0,-1.0,0.6193514007528267,0.4526992807956043,-1.0,-1.0,-1.0,-1.0,-1.0,-1.0,-1.0,-1.0,-1.0,-1.0,-1.0,-1.0,-1.0,-1.0,-1.0,-1.0
