bad_A,bad_B,disc1,disc2,fI,fO_A,fO_B,fP_A,fP_B,fRi,fRo,fS,good_A,good_B,no_disc,pick,put,redo_A,redo_B,sI,sO_A,sO_B,sP_A,sP_B,sQ_A,sQ_Ar,sQ_B,sQ_Br,sRi,sRo,sS,test1,test2,turn1,turn2
-37464,-35553,-38,-584,-685,-404,-516,-570,-29,-696,-712,-663,22553,24070,-304,-724,-521,-7604,-7518,-541,-26,-31,-630,-253,-785,-99,-364,-622,-639,-652,-322,-283,-113,-188,-18
0.7421817463224263,0.2215575193440884,-1.0,-1.0,-1.0,-1.0,-1.0,-1.0,-1.0,-1.0,-1.0,-1.0,0.13100009136420265,0.20132305532578867,-1.0,-1.0,-1.0,0.42031666101257104,0.8817839881632918,-1.0,-1.0,-1.0,-1.0,-1.0,-1.0,-1.0,-1.0,-1.0,-1.0,-1.0,-1.0,-1.0,-1.0,-1.0,-1.0
