bad_A,bad_B,disc1,disc2,fI,fO_A,fO_B,fP_A,fP_B,fRi,fRo,fS,good_A,good_B,no_disc,pick,put,redo_A,redo_B,sI,sO_A,sO_B,sP_A,sP_B,sQ_A,sQ_Ar,sQ_B,sQ_Br,sRi,sRo,sS,test1,test2,turn1,turn2
-35358,-36648,-377,-115,-426,-264,-448,-131,-741,-679,-314,-260,31744,23005,-663,-466,-589,-1459,-4626,-97,-717,-137,-252,-549,-433,-387,-667,-37,-128,-329,-271,-343,-685,-796,-561
0.2034963554655457,0.6417630368633491,-1.0,-1.0,-1.0,-1.0,-1.0,-1.0,-1.0,-1.0,-1.0,-1.0,0.7097207867758684,0.553104280446346,-1.0,-1.0,-1.0,0.44045927759144743,0.49444497634433127,-1.0,-1.0,-1.0,-1.0,-1.0,-1.0,-1.0,-1.0,-1.0,-1.0,-1.0,-1.0,-1.0,-1.0,-1.0,-1.0
