bad_A,bad_B,disc1,disc2,fI,fO_A,fO_B,fP_A,fP_B,fRi,fRo,fS,good_A,good_B,no_disc,pick,put,redo_A,redo_B,sI,sO_A,sO_B,sP_A,sP_B,sQ_A,sQ_Ar,sQ_B,sQ_Br,sRi,sRo,sS,test1,test2,turn1,turn2
-20782,-36291,-720,-330,-28,-261,-254,-114,-431,-579,-697,-785,22044,26662,-618,-663,-39,-8950,-7818,-626,-470,-446,-701,-100,-211,-700,-607,-189,-172,-796,-500,-58,-556,-297,-399
0.3385197993640433,0.1938569918351788,-1.0,-1.0,-1.0,-1.0,-1.0,-1.0,-1.0,-1.0,-1.0,-1.0,0.2030579678793635,0.6697731820330398,-1.0,-1.0,-1.0,0.4022628946487624,0.8838368163555478,-1.0,-1.0,-1.0,-1.0,-1.0,-1.0,-1.0,-1.0,-1.0,-1.0,-1.0,-1.0,-1.0,-1.0,-1.0,-1.0
