bad_A,bad_B,disc1,disc2,fI,fO_A,fO_B,fP_A,fP_B,fRi,fRo,fS,good_A,good_B,no_disc,pick,put,redo_A,redo_B,sI,sO_A,sO_B,sP_A,sP_B,sQ_A,sQ_Ar,sQ_B,sQ_Br,sRi,sRo,sS,test1,test2,turn1,turn2
-32464,-22812,-145,-653,-634,-325,-153,-20,-456,-691,-354,-508,21772,36211,-703,-595,-467,-8521,-5192,-218,-13,-379,-223,-790,-488,-562,-411,-709,-236,-742,-75,-364,-612,-515,-249
0.5694157462143272,0.2306552188522563,-1.0,-1.0,-1.0,-1.0,-1.0,-1.0,-1.0,-1.0,-1.0,-1.0,0.556735384978356,0.3343597213068684,-1.0,-1.0,-1.0,0.6916481309843914,0.1454300954669246,-1.0,-1.0,-1.0,-1.0,-1.0,-1.0,-1.0,-1.0,-1.0,-1.0,-1.0,-1.0,-1.0,-1.0,-1.0,-1.0
