bad_A,bad_B,disc1,disc2,fI,fO_A,fO_B,fP_A,fP_B,fRi,fRo,fS,good_A,good_B,no_disc,pick,put,redo_A,redo_B,sI,sO_A,sO_B,sP_A,sP_B,sQ_A,sQ_Ar,sQ_B,sQ_Br,sRi,sRo,sS,test1,test2,turn1,turn2
-39138,-30109,-689,-383,-375,-328,-630,-131,-316,-415,-383,-199,35413,26813,-252,-619,-471,-5103,-5587,-765,-370,-241,-274,-490,-128,-732,-258,-733,-33,-64,-485,-660,-728,-620,-695
0.43295877544976846,0.693013687084881,-1.0,-1.0,-1.0,-1.0,-1.0,-1.0,-1.0,-1.0,-1.0,-1.0,0.8459074224952202,0.5908522476883854,-1.0,-1.0,-1.0,0.582147652448337,0.7420149138615647,-1.0,-1.0,-1.0,-1.0,-1.0,-1.0,-1.0,-1.0,-1.0,-1.0,-1.0,-1.0,-1.0,-1.0,-1.0,-1.0
