bad_A,bad_B,disc1,disc2,fI,fO_A,fO_B,fP_A,fP_B,fRi,fRo,fS,good_A,good_B,no_disc,pick,put,redo_A,redo_B,sI,sO_A,sO_B,sP_A,sP_B,sQ_A,sQ_Ar,sQ_B,sQ_Br,sRi,sRo,sS,test1,test2,turn1,turn2
-24326,-34453,-724,-33,-683,-759,-699,-118,-98,-329,-506,-207,26475,33293,-684,-59,-503,-7718,-4604,-399,-521,-188,-791,-684,-440,-478,-406,-140,-373,-485,-522,-343,-542,-12,-428
0.38088272275521406,0.613875049767586,-1.0,-1.0,-1.0,-1.0,-1.0,-1.0,-1.0,-1.0,-1.0,-1.0,0.7729203486987978,0.734894472908852,-1.0,-1.0,-1.0,0.37609127168529166,0.3717802503804082,-1.0,-1.0,-1.0,-1.0,-1.0,-1.0,-1.0,-1.0,-1.0,-1.0,-1.0,-1.0,-1.0,-1.0,-1.0,-1.0
