bad_A,bad_B,disc1,disc2,fI,fO_A,fO_B,fP_A,fP_B,fRi,fRo,fS,good_A,good_B,no_disc,pick,put,redo_A,redo_B,sI,sO_A,sO_B,sP_A,sP_B,sQ_A,sQ_Ar,sQ_B,sQ_Br,sRi,sRo,sS,test1,test2,turn1,turn2
-25589,-33928,-238,-239,-800,-693,-378,-441,-482,-290,-347,-659,30323,32758,-191,-563,-325,-7723,-2495,-139,-285,-645,-464,-104,-379,-310,-143,-40,-627,-348,-371,-386,-26,-268,-422
0.23912398763037013,0.7242058687665913,-1.0,-1.0,-1.0,-1.0,-1.0,-1.0,-1.0,-1.0,-1.0,-1.0,0.8122394786019956,0.19587315165907881,-1.0,-1.0,-1.0,0.30685249211076404,0.6589870312602503,-1.0,-1.0,-1.0,-1.0,-1.0,-1.0,-1.0,-1.0,-1.0,-1.0,-1.0,-1.0,-1.0,-1.0,-1.0,-1.0
