bad_A,bad_B,disc1,disc2,fI,fO_A,fO_B,fP_A,fP_B,fRi,fRo,fS,good_A,good_B,no_disc,pick,put,redo_A,redo_B,sI,sO_A,sO_B,sP_A,sP_B,sQ_A,sQ_Ar,sQ_B,sQ_Br,sRi,sRo,sS,test1,test2,turn1,turn2
-21222,-39092,-398,-20,-118,-449,-105,-337,-143,-75,-216,-357,24588,21807,-17,-771,-425,-1690,-4986,-303,-394,-543,-611,-375,-208,-472,-423,-692,-105,-87,-227,-366,-54,-415,-153
0.4516605149645866,0.8291623054563493,-1.0,-1.0,-1.0,-1.0,-1.0,-1.0,-1.0,-1.0,-1.0,-1.0,0.3706728971129667,0.45262081564745305,-1.0,-1.0,-1.0,0.2266437480026675,0.6387869479095616,-1.0,-1.0,-1.0,-1.0,-1.0,-1.0,-1.0,-1.0,-1.0,-1.0,-1.0,-1.0,-1.0,-1.0,-1.0,-1.0
