bad_A,bad_B,disc1,disc2,fI,fO_A,fO_B,fP_A,fP_B,fRi,fRo,fS,good_A,good_B,no_disc,pick,put,redo_A,redo_B,sI,sO_A,sO_B,sP_A,sP_B,sQ_A,sQ_Ar,sQ_B,sQ_Br,sRi,sRo,sS,test1,test2,turn1,turn2
-20466,-34256,-92,-126,-277,-698,-541,-261,-320,-239,-658,-198,25105,20254,-210,-750,-94,-8048,-7054,-51,-389,-768,-465,-639,-446,-206,-11,-394,-84,-560,-204,-217,-441,-435,-71
0.3842924949741361,0.1831763092944767,-1.0,-1.0,-1.0,-1.0,-1.0,-1.0,-1.0,-1.0,-1.0,-1.0,0.4726583078799814,0.2461084613844718,-1.0,-1.0,-1.0,0.309536920103621,0.3802123602037474,-1.0,-1.0,-1.0,-1.0,-1.0,-1.0,-1.0,-1.0,-1.0,-1.0,-1.0,-1.0,-1.0,-1.0,-1.0,-1.0
