bad_A,bad_B,disc1,disc2,fI,fO_A,fO_B,fP_A,fP_B,fRi,fRo,fS,good_A,good_B,no_disc,pick,put,redo_A,redo_B,sI,sO_A,sO_B,sP_A,sP_B,sQ_A,sQ_Ar,sQ_B,sQ_Br,sRi,sRo,sS,test1,test2,turn1,turn2
-31690,-31213,-236,-545,-234,-25,-761,-787,-722,-112,-640,-447,25263,33078,-691,-750,-266,-5964,-4949,-595,-276,-105,-632,-738,-564,-554,-35,-284,-270,-710,-396,-85,-411,-459,-349
0.2037730941863889,0.7516310036709174,-1.0,-1.0,-1.0,-1.0,-1.0,-1.0,-1.0,-1.0,-1.0,-1.0,0.8385507752254692,0.7812015058400481,-1.0,-1.0,-1.0,0.2930402095918234,0.7455232873972537,-1.0,-1.0,-1.0,-1.0,-1.0,-1.0,-1.0,-1.0,-1.0,-1.0,-1.0,-1.0,-1.0,-1.0,-1.0,-1.0
