bad_A,bad_B,fI,fO_A,fO_B,fP_A,fp_B,fRi,fRo,fS,good_A,good_B,redo_A,redo_B,sI,sO_A,sO_B,sP_A,sP_B,sQ_A,sQ_Ar,sQ_B,sQ_Br,sRi,sRo,sS
-32083,-26626,-441,-725,-93,-473,-660,-160,-53,-194,22382,26506,-3022,-6521,-552,-406,-371,-280,-459,-679,-435,-800,-652,-345,-737,-538
0.33824232372224394,0.5805014931673712,-1.0,-1.0,-1.0,-1.0,-1.0,-1.0,-1.0,-1.0,0.6080745027788776,0.6815202948423471,0.8508629949715963,0.5638485979712353,-1.0,-1.0,-1.0,-1.0,-1.0,-1.0,-1.0,-1.0,-1.0,-1.0,-1.0,-1.0
