bad_A,bad_B,fI,fO_A,fO_B,fP_A,fp_B,fRi,fRo,fS,good_A,good_B,redo_A,redo_B,sI,sO_A,sO_B,sP_A,sP_B,sQ_A,sQ_Ar,sQ_B,sQ_Br,sRi,sRo,sS
-21786,-28656,-456,-283,-239,-190,-12,-59,-459,-676,34738,36894,-1613,-5698,-307,-578,-654,-633,-336,-42,-645,-271,-65,-218,-699,-172
0.6909468402132648,0.48834628313509265,-1.0,-1.0,-1.0,-1.0,-1.0,-1.0,-1.0,-1.0,0.25272134969237037,0.36106042318727716,0.16140972307801188,0.5484722533379859,-1.0,-1.0,-1.0,-1.0,-1.0,-1.0,-1.0,-1.0,-1.0,-1.0,-1.0,-1.0
