bad_A,bad_B,fI,fO_A,fO_B,fP_A,fp_B,fRi,fRo,fS,good_A,good_B,redo_A,redo_B,sI,sO_A,sO_B,sP_A,sP_B,sQ_A,sQ_Ar,sQ_B,sQ_Br,sRi,sRo,sS
-32479,-35717,-314,-715,-60,-396,-18,-735,-571,-72,23222,35678,-6758,-3039,-628,-282,-487,-26,-364,-246,-741,-267,-240,-156,-693,-57
0.6872723593888331,0.2009256285695493,-1.0,-1.0,-1.0,-1.0,-1.0,-1.0,-1.0,-1.0,0.4320145289582221,0.7951019527726614,0.6399033623901851,0.589384565339333,-1.0,-1.0,-1.0,-1.0,-1.0,-1.0,-1.0,-1.0,-1.0,-1.0,-1.0,-1.0
