bad_A,bad_B,fI,fO_A,fO_B,fP_A,fp_B,fRi,fRo,fS,good_A,good_B,redo_A,redo_B,sI,sO_A,sO_B,sP_A,sP_B,sQ_A,sQ_Ar,sQ_B,sQ_Br,sRi,sRo,sS
-39705,-34570,-653,-359,-451,-666,-516,-531,-478,-455,30676,36431,-4307,-6035,-520,-378,-167,-665,-223,-46,-683,-360,-620,-231,-120,-412
0.16126772165978195,0.5650492400977772,-1.0,-1.0,-1.0,-1.0,-1.0,-1.0,-1.0,-1.0,0.3576032817502005,0.8225706245861951,0.4815076467495204,0.8346637444722006,-1.0,-1.0,-1.0,-1.0,-1.0,-1.0,-1.0,-1.0,-1.0,-1.0,-1.0,-1.0
