bad_A,bad_B,fI,fO_A,fO_B,fP_A,fp_B,fRi,fRo,fS,good_A,good_B,redo_A,redo_B,sI,sO_A,sO_B,sP_A,sP_B,sQ_A,sQ_Ar,sQ_B,sQ_Br,sRi,sRo,sS
-23843,-37918,-682,-203,-507,-67,-286,-701,-600,-438,34171,29917,-7311,-8975,-385,-709,-764,-639,-109,-375,-587,-73,-466,-414,-242,-155
0.5283863187342761,0.35747076701198244,-1.0,-1.0,-1.0,-1.0,-1.0,-1.0,-1.0,-1.0,0.14376810638158394,0.4317398346119772,0.4699100999664946,0.3630098144646976,-1.0,-1.0,-1.0,-1.0,-1.0,-1.0,-1.0,-1.0,-1.0,-1.0,-1.0,-1.0
