bad_A,bad_B,fI,fO_A,fO_B,fP_A,fp_B,fRi,fRo,fS,good_A,good_B,redo_A,redo_B,sI,sO_A,sO_B,sP_A,sP_B,sQ_A,sQ_Ar,sQ_B,sQ_Br,sRi,sRo,sS
-26649,-24964,-324,-448,-228,-490,-398,-670,-124,-399,29555,36306,-1236,-4490,-385,-647,-766,-634,-756,-525,-79,-517,-372,-617,-366,-731
0.281305879604989,0.41185568633572,-1.0,-1.0,-1.0,-1.0,-1.0,-1.0,-1.0,-1.0,0.47090959488379835,0.5846095169212483,0.6662457908116972,0.11565054018693513,-1.0,-1.0,-1.0,-1.0,-1.0,-1.0,-1.0,-1.0,-1.0,-1.0,-1.0,-1.0
