bad_A,bad_B,disc1,disc2,fI,fO_A,fO_B,fP_A,fP_B,fRi,fRo,fS,good_A,good_B,no_disc,pick,put,redo_A,redo_B,sI,sO_A,sO_B,sP_A,sP_B,sQ_A,sQ_Ar,sQ_B,sQ_Br,sRi,sRo,sS,test1,test2,turn1,turn2
-25616,-32672,-586,-97,-715,-685,-622,-777,-391,-414,-119,-360,23035,28458,-690,-497,-570,-2705,-4873,-263,-226,-715,-589,-225,-221,-182,-388,-381,-547,-308,-491,-697,-63,-554,-385
0.2931390061726856,0.8903535854875388,-1.0,-1.0,-1.0,-1.0,-1.0,-1.0,-1.0,-1.0,-1.0,-1.0,0.36762478493652073,0.7549542403136729,-1.0,-1.0,-1.0,0.7702392619951404,0.8849706327271049,-1.0,-1.0,-1.0,-1.0,-1.0,-1.0,-1.0,-1.0,-1.0,-1.0,-1.0,-1.0,-1.0,-1.0,-1.0,-1.0
