bad_A,bad_B,disc1,disc2,fI,fO_A,fO_B,fP_A,fP_B,fRi,fRo,fS,good_A,good_B,no_disc,pick,put,redo_A,redo_B,sI,sO_A,sO_B,sP_A,sP_B,sQ_A,sQ_Ar,sQ_B,sQ_Br,sRi,sRo,sS,test1,test2,turn1,turn2
-37618,-36413,-286,-400,-332,-295,-725,-429,-325,-252,-556,-766,25791,23263,-327,-185,-339,-2193,-2141,-178,-192,-631,-342,-373,-554,-157,-60,-793,-169,-649,-575,-794,-559,-730,-579
0.4454892592241818,0.8414388273648982,-1.0,-1.0,-1.0,-1.0,-1.0,-1.0,-1.0,-1.0,-1.0,-1.0,0.7621534953896155,0.3729221703714315,-1.0,-1.0,-1.0,0.1693570409261237,0.6534362803772203,-1.0,-1.0,-1.0,-1.0,-1.0,-1.0,-1.0,-1.0,-1.0,-1.0,-1.0,-1.0,-1.0,-1.0,-1.0,-1.0
