bad_A,bad_B,disc1,disc2,fI,fO_A,fO_B,fP_A,fP_B,fRi,fRo,fS,good_A,good_B,no_disc,pick,put,redo_A,redo_B,sI,sO_A,sO_B,sP_A,sP_B,sQ_A,sQ_Ar,sQ_B,sQ_Br,sRi,sRo,sS,test1,test2,turn1,turn2
-21205,-31076,-287,-10,-517,-52,-622,-247,-775,-754,-545,-774,28631,24810,-409,-241,-266,-6447,-1764,-393,-539,-371,-798,-766,-587,-385,-364,-78,-375,-226,-702,-42,-734,-383,-15
0.607859716396489,0.5724250632322921,-1.0,-1.0,-1.0,-1.0,-1.0,-1.0,-1.0,-1.0,-1.0,-1.0,0.7433336660886654,0.4630210022493614,-1.0,-1.0,-1.0,0.7538549169649852,0.7872743516427091,-1.0,-1.0,-1.0,-1.0,-1.0,-1.0,-1.0,-1.0,-1.0,-1.0,-1.0,-1.0,-1.0,-1.0,-1.0,-1.0
