bad_A,bad_B,disc1,disc2,fI,fO_A,fO_B,fP_A,fP_B,fRi,fRo,fS,good_A,good_B,no_disc,pick,put,redo_A,redo_B,sI,sO_A,sO_B,sP_A,sP_B,sQ_A,sQ_Ar,sQ_B,sQ_Br,sRi,sRo,sS,test1,test2,turn1,turn2
-20478,-25760,-173,-278,-144,-301,-702,-571,-300,-505,-330,-629,36461,35966,-57,-67,-588,-7712,-7342,-217,-445,-309,-37,-655,-560,-75,-761,-13,-513,-439,-741,-25,-591,-104,-152
0.4614648425945743,0.5883586545440905,-1.0,-1.0,-1.0,-1.0,-1.0,-1.0,-1.0,-1.0,-1.0,-1.0,0.469783380540983,0.22661028101525665,-1.0,-1.0,-1.0,0.37699335736160255,0.8784307217604758,-1.0,-1.0,-1.0,-1.0,-1.0,-1.0,-1.0,-1.0,-1.0,-1.0,-1.0,-1.0,-1.0,-1.0,-1.0,-1.0
