bad_A,bad_B,disc1,disc2,fI,fO_A,fO_B,fP_A,fP_B,fRi,fRo,fS,good_A,good_B,no_disc,pick,put,redo_A,redo_B,sI,sO_A,sO_B,sP_A,sP_B,sQ_A,sQ_Ar,sQ_B,sQ_Br,sRi,sRo,sS,test1,test2,turn1,turn2
-29439,-28592,-537,-92,-234,-588,-526,-521,-373,-456,-27,-437,23024,28415,-439,-36,-289,-5704,-8167,-597,-75,-203,-29,-471,-616,-659,-456,-126,-519,-179,-710,-401,-756,-406,-416
0.6252423843837638,0.6004046440590722,-1.0,-1.0,-1.0,-1.0,-1.0,-1.0,-1.0,-1.0,-1.0,-1.0,0.6363906835270992,0.2466226194268577,-1.0,-1.0,-1.0,0.3989588514791128,0.8254405787872273,-1.0,-1.0,-1.0,-1.0,-1.0,-1.0,-1.0,-1.0,-1.0,-1.0,-1.0,-1.0,-1.0,-1.0,-1.0,-1.0
