bad_A,bad_B,disc1,disc2,fI,fO_A,fO_B,fP_A,fP_B,fRi,fRo,fS,good_A,good_B,no_disc,pick,put,redo_A,redo_B,sI,sO_A,sO_B,sP_A,sP_B,sQ_A,sQ_Ar,sQ_B,sQ_Br,sRi,sRo,sS,test1,test2,turn1,turn2
-32650,-27093,-230,-392,-477,-12,-212,-664,-721,-319,-690,-660,29742,24383,-690,-725,-216,-6342,-3601,-346,-394,-770,-48,-308,-221,-38,-295,-154,-652,-769,-655,-94,-429,-117,-33
0.4279739253056414,0.8766014687608541,-1.0,-1.0,-1.0,-1.0,-1.0,-1.0,-1.0,-1.0,-1.0,-1.0,0.5569317234030475,0.1147618182988639,-1.0,-1.0,-1.0,0.4557073286233234,0.6574541834832744,-1.0,-1.0,-1.0,-1.0,-1.0,-1.0,-1.0,-1.0,-1.0,-1.0,-1.0,-1.0,-1.0,-1.0,-1.0,-1.0
