bad_A,bad_B,disc1,disc2,fI,fO_A,fO_B,fP_A,fP_B,fRi,fRo,fS,good_A,good_B,no_disc,pick,put,redo_A,redo_B,sI,sO_A,sO_B,sP_A,sP_B,sQ_A,sQ_Ar,sQ_B,sQ_Br,sRi,sRo,sS,test1,test2,turn1,turn2
-29409,-36082,-93,-790,-673,-281,-259,-276,-368,-178,-388,-704,35220,22626,-262,-316,-203,-8033,-1103,-789,-233,-273,-329,-223,-239,-407,-451,-221,-174,-191,-85,-314,-608,-596,-317
0.8254349765515165,0.7589326156821136,-1.0,-1.0,-1.0,-1.0,-1.0,-1.0,-1.0,-1.0,-1.0,-1.0,0.7566862077179142,0.6808508223904755,-1.0,-1.0,-1.0,0.4460970827635874,0.7607023584598958,-1.0,-1.0,-1.0,-1.0,-1.0,-1.0,-1.0,-1.0,-1.0,-1.0,-1.0,-1.0,-1.0,-1.0,-1.0,-1.0
