bad_A,bad_B,disc1,disc2,fI,fO_A,fO_B,fP_A,fP_B,fRi,fRo,fS,good_A,good_B,no_disc,pick,put,redo_A,redo_B,sI,sO_A,sO_B,sP_A,sP_B,sQ_A,sQ_Ar,sQ_B,sQ_Br,sRi,sRo,sS,test1,test2,turn1,turn2
-23250,-21923,-581,-614,-731,-542,-144,-776,-398,-663,-45,-452,29612,30624,-587,-531,-313,-3302,-1899,-675,-106,-273,-634,-286,-418,-697,-599,-368,-396,-81,-505,-655,-160,-486,-529
0.4209638861536765,0.16994284604822713,-1.0,-1.0,-1.0,-1.0,-1.0,-1.0,-1.0,-1.0,-1.0,-1.0,0.29474764808824794,0.5247847667240796,-1.0,-1.0,-1.0,0.7750690212138387,0.6606475151634799,-1.0,-1.0,-1.0,-1.0,-1.0,-1.0,-1.0,-1.0,-1.0,-1.0,-1.0,-1.0,-1.0,-1.0,-1.0,-1.0
