bad_A,bad_B,disc1,disc2,fI,fO_A,fO_B,fP_A,fP_B,fRi,fRo,fS,good_A,good_B,no_disc,pick,put,redo_A,redo_B,sI,sO_A,sO_B,sP_A,sP_B,sQ_A,sQ_Ar,sQ_B,sQ_Br,sRi,sRo,sS,test1,test2,turn1,turn2
-33660,-37878,-393,-73,-548,-496,-688,-382,-793,-293,-728,-81,31147,25211,-32,-192,-441,-6581,-1159,-124,-741,-257,-445,-686,-563,-770,-46,-747,-280,-229,-170,-479,-299,-224,-189
0.3997768685155496,0.3251918556794444,-1.0,-1.0,-1.0,-1.0,-1.0,-1.0,-1.0,-1.0,-1.0,-1.0,0.3064331394654308,0.3978477024919057,-1.0,-1.0,-1.0,0.15928496442630558,0.4339172967968822,-1.0,-1.0,-1.0,-1.0,-1.0,-1.0,-1.0,-1.0,-1.0,-1.0,-1.0,-1.0,-1.0,-1.0,-1.0,-1.0
