bad_A,bad_B,disc1,disc2,fI,fO_A,fO_B,fP_A,fP_B,fRi,fRo,fS,good_A,good_B,no_disc,pick,put,redo_A,redo_B,sI,sO_A,sO_B,sP_A,sP_B,sQ_A,sQ_Ar,sQ_B,sQ_Br,sRi,sRo,sS,test1,test2,turn1,turn2
-22559,-34565,-523,-247,-49,-424,-764,-616,-50,-421,-47,-731,30614,23789,-527,-187,-763,-7236,-4042,-209,-32,-131,-103,-575,-603,-689,-136,-668,-505,-475,-752,-110,-64,-398,-165
0.7324497210518227,0.47267868526781653,-1.0,-1.0,-1.0,-1.0,-1.0,-1.0,-1.0,-1.0,-1.0,-1.0,0.6694801366934062,0.28901136140924133,-1.0,-1.0,-1.0,0.5395598201564077,0.674705680664937,-1.0,-1.0,-1.0,-1.0,-1.0,-1.0,-1.0,-1.0,-1.0,-1.0,-1.0,-1.0,-1.0,-1.0,-1.0,-1.0
