bad_A,bad_B,disc1,disc2,fI,fO_A,fO_B,fP_A,fP_B,fRi,fRo,fS,good_A,good_B,no_disc,pick,put,redo_A,redo_B,sI,sO_A,sO_B,sP_A,sP_B,sQ_A,sQ_Ar,sQ_B,sQ_Br,sRi,sRo,sS,test1,test2,turn1,turn2
-26897,-29252,-642,-612,-374,-231,-79,-176,-595,-755,-550,-130,24491,34479,-416,-180,-247,-3306,-8347,-527,-265,-208,-234,-663,-177,-80,-474,-727,-195,-91,-151,-788,-516,-116,-630
0.2157175770212934,0.7942019396516669,-1.0,-1.0,-1.0,-1.0,-1.0,-1.0,-1.0,-1.0,-1.0,-1.0,0.21713858853752788,0.3216514675302692,-1.0,-1.0,-1.0,0.20332714690392698,0.5229249783422227,-1.0,-1.0,-1.0,-1.0,-1.0,-1.0,-1.0,-1.0,-1.0,-1.0,-1.0,-1.0,-1.0,-1.0,-1.0,-1.0
