bad_A,bad_B,fI,fO_A,fO_B,fP_A,fp_B,fRi,fRo,fS,good_A,good_B,redo_A,redo_B,sI,sO_A,sO_B,sP_A,sP_B,sQ_A,sQ_Ar,sQ_B,sQ_Br,sRi,sRo,sS
-32523,-30409,-339,-666,-238,-216,-570,-34,-797,-239,25090,29583,-6911,-3915,-188,-421,-468,-773,-488,-670,-144,-348,-389,-438,-379,-748
0.22535806377968495,0.5383786487693459,-1.0,-1.0,-1.0,-1.0,-1.0,-1.0,-1.0,-1.0,0.10204938042002265,0.6470463622049623,0.1276018400164654,0.3576481894782312,-1.0,-1.0,-1.0,-1.0,-1.0,-1.0,-1.0,-1.0,-1.0,-1.0,-1.0,-1.0
