bad_A,bad_B,fI,fO_A,fO_B,fP_A,fp_B,fRi,fRo,fS,good_A,good_B,redo_A,redo_B,sI,sO_A,sO_B,sP_A,sP_B,sQ_A,sQ_Ar,sQ_B,sQ_Br,sRi,sRo,sS
-38102,-34393,-577,-153,-465,-528,-794,-665,-200,-11,20219,28311,-5204,-4822,-147,-142,-569,-718,-505,-140,-390,-587,-565,-145,-254,-391
0.10172636560348813,0.8395013111083712,-1.0,-1.0,-1.0,-1.0,-1.0,-1.0,-1.0,-1.0,0.862772241358182,0.29619073656448675,0.43834913720818636,0.2606816126316098,-1.0,-1.0,-1.0,-1.0,-1.0,-1.0,-1.0,-1.0,-1.0,-1.0,-1.0,-1.0
