bad_A,bad_B,fI,fO_A,fO_B,fP_A,fp_B,fRi,fRo,fS,good_A,good_B,redo_A,redo_B,sI,sO_A,sO_B,sP_A,sP_B,sQ_A,sQ_Ar,sQ_B,sQ_Br,sRi,sRo,sS
-35764,-36242,-521,-619,-567,-404,-152,-69,-539,-393,34514,29199,-1307,-2239,-396,-429,-798,-693,-94,-251,-783,-761,-505,-126,-523,-277
0.5632024588746158,0.7982103471915901,-1.0,-1.0,-1.0,-1.0,-1.0,-1.0,-1.0,-1.0,0.27841977567979037,0.36060346342362715,0.4091206622932505,0.8254878139191749,-1.0,-1.0,-1.0,-1.0,-1.0,-1.0,-1.0,-1.0,-1.0,-1.0,-1.0,-1.0
