bad_A,bad_B,fI,fO_A,fO_B,fP_A,fp_B,fRi,fRo,fS,good_A,good_B,redo_A,redo_B,sI,sO_A,sO_B,sP_A,sP_B,sQ_A,sQ_Ar,sQ_B,sQ_Br,sRi,sRo,sS
-34425,-23183,-633,-572,-270,-118,-212,-596,-193,-549,22853,34548,-2372,-7061,-689,-759,-536,-263,-779,-683,-71,-84,-340,-290,-627,-605
0.3357240837814186,0.31841436199205975,-1.0,-1.0,-1.0,-1.0,-1.0,-1.0,-1.0,-1.0,0.45137129403897525,0.10118321960567203,0.3930945720236547,0.1213299926322903,-1.0,-1.0,-1.0,-1.0,-1.0,-1.0,-1.0,-1.0,-1.0,-1.0,-1.0,-1.0
