bad_A,bad_B,fI,fO_A,fO_B,fP_A,fp_B,fRi,fRo,fS,good_A,good_B,redo_A,redo_B,sI,sO_A,sO_B,sP_A,sP_B,sQ_A,sQ_Ar,sQ_B,sQ_Br,sRi,sRo,sS
-32856,-30715,-647,-244,-31,-345,-700,-27,-464,-545,36700,36078,-1742,-4018,-634,-778,-688,-596,-454,-706,-356,-780,-198,-32,-44,-728
0.7201759536736424,0.536431272865596,-1.0,-1.0,-1.0,-1.0,-1.0,-1.0,-1.0,-1.0,0.10556911986178089,0.6805680120413877,0.23243697551104747,0.5177542327615174,-1.0,-1.0,-1.0,-1.0,-1.0,-1.0,-1.0,-1.0,-1.0,-1.0,-1.0,-1.0
