bad_A,bad_B,fI,fO_A,fO_B,fP_A,fp_B,fRi,fRo,fS,good_A,good_B,redo_A,redo_B,sI,sO_A,sO_B,sP_A,sP_B,sQ_A,sQ_Ar,sQ_B,sQ_Br,sRi,sRo,sS
-38725,-32637,-267,-475,-312,-446,-416,-516,-485,-382,32780,22399,-5364,-2530,-287,-592,-188,-788,-304,-12,-567,-175,-360,-565,-675,-518
0.5261369510137409,0.8082769973353129,-1.0,-1.0,-1.0,-1.0,-1.0,-1.0,-1.0,-1.0,0.18818032534507872,0.6442174500103356,0.5818866894952276,0.45526538934110605,-1.0,-1.0,-1.0,-1.0,-1.0,-1.0,-1.0,-1.0,-1.0,-1.0,-1.0,-1.0
