bad_A,bad_B,disc1,disc2,fI,fO_A,fO_B,fP_A,fP_B,fRi,fRo,fS,good_A,good_B,no_disc,pick,put,redo_A,redo_B,sI,sO_A,sO_B,sP_A,sP_B,sQ_A,sQ_Ar,sQ_B,sQ_Br,sRi,sRo,sS,test1,test2,turn1,turn2
-34678,-29036,-400,-410,-405,-182,-243,-787,-573,-728,-701,-530,21494,33062,-605,-259,-741,-2926,-4337,-400,-351,-391,-182,-239,-419,-724,-346,-272,-389,-116,-434,-425,-721,-154,-454
0.5829063664913956,0.26622512958905126,-1.0,-1.0,-1.0,-1.0,-1.0,-1.0,-1.0,-1.0,-1.0,-1.0,0.5651520579727513,0.6750389941936853,-1.0,-1.0,-1.0,0.31595541736711985,0.5251494979075717,-1.0,-1.0,-1.0,-1.0,-1.0,-1.0,-1.0,-1.0,-1.0,-1.0,-1.0,-1.0,-1.0,-1.0,-1.0,-1.0
