bad_A,bad_B,disc1,disc2,fI,fO_A,fO_B,fP_A,fP_B,fRi,fRo,fS,good_A,good_B,no_disc,pick,put,redo_A,redo_B,sI,sO_A,sO_B,sP_A,sP_B,sQ_A,sQ_Ar,sQ_B,sQ_Br,sRi,sRo,sS,test1,test2,turn1,turn2
-33516,-34524,-592,-367,-721,-549,-438,-239,-25,-121,-119,-185,24845,37950,-765,-246,-271,-1972,-6930,-331,-632,-694,-740,-256,-587,-433,-99,-750,-669,-527,-611,-371,-271,-468,-399
0.7674080690531689,0.4356857211920796,-1.0,-1.0,-1.0,-1.0,-1.0,-1.0,-1.0,-1.0,-1.0,-1.0,0.20288454297657435,0.843527892677273,-1.0,-1.0,-1.0,0.5548630214265232,0.2987938436794616,-1.0,-1.0,-1.0,-1.0,-1.0,-1.0,-1.0,-1.0,-1.0,-1.0,-1.0,-1.0,-1.0,-1.0,-1.0,-1.0
