bad_A,bad_B,disc1,disc2,fI,fO_A,fO_B,fP_A,fP_B,fRi,fRo,fS,good_A,good_B,no_disc,pick,put,redo_A,redo_B,sI,sO_A,sO_B,sP_A,sP_B,sQ_A,sQ_Ar,sQ_B,sQ_Br,sRi,sRo,sS,test1,test2,turn1,turn2
-33926,-25186,-80,-787,-753,-192,-224,-735,-491,-387,-137,-490,35848,20030,-279,-109,-101,-1292,-7670,-510,-647,-643,-349,-96,-573,-341,-679,-286,-645,-373,-144,-399,-671,-684,-226
0.3665925269066982,0.10501238603120555,-1.0,-1.0,-1.0,-1.0,-1.0,-1.0,-1.0,-1.0,-1.0,-1.0,0.7093122315424655,0.5233432698809091,-1.0,-1.0,-1.0,0.8471863688915791,0.38989807696433887,-1.0,-1.0,-1.0,-1.0,-1.0,-1.0,-1.0,-1.0,-1.0,-1.0,-1.0,-1.0,-1.0,-1.0,-1.0,-1.0
