bad_A,bad_B,fI,fO_A,fO_B,fP_A,fp_B,fRi,fRo,fS,good_A,good_B,redo_A,redo_B,sI,sO_A,sO_B,sP_A,sP_B,sQ_A,sQ_Ar,sQ_B,sQ_Br,sRi,sRo,sS
-25739,-28989,-745,-797,-520,-599,-536,-472,-66,-609,28931,39669,-1919,-8204,-464,-505,-679,-338,-653,-767,-101,-83,-418,-509,-153,-325
0.40762049857341587,0.4127231156287151,-1.0,-1.0,-1.0,-1.0,-1.0,-1.0,-1.0,-1.0,0.6695020317282017,0.5313778193044664,0.7898318149315021,0.41348195772101115,-1.0,-1.0,-1.0,-1.0,-1.0,-1.0,-1.0,-1.0,-1.0,-1.0,-1.0,-1.0
