bad_A,bad_B,fI,fO_A,fO_B,fP_A,fp_B,fRi,fRo,fS,good_A,good_B,redo_A,redo_B,sI,sO_A,sO_B,sP_A,sP_B,sQ_A,sQ_Ar,sQ_B,sQ_Br,sRi,sRo,sS
-20956,-31393,-761,-288,-105,-513,-235,-384,-178,-493,30158,31163,-4376,-5649,-353,-696,-192,-371,-709,-178,-48,-564,-704,-436,-526,-106
0.5314716472082553,0.2697885223568089,-1.0,-1.0,-1.0,-1.0,-1.0,-1.0,-1.0,-1.0,0.2023563043761561,0.7301269457570662,0.34409586370842715,0.89146286951002,-1.0,-1.0,-1.0,-1.0,-1.0,-1.0,-1.0,-1.0,-1.0,-1.0,-1.0,-1.0
