bad_A,bad_B,fI,fO_A,fO_B,fP_A,fp_B,fRi,fRo,fS,good_A,good_B,redo_A,redo_B,sI,sO_A,sO_B,sP_A,sP_B,sQ_A,sQ_Ar,sQ_B,sQ_Br,sRi,sRo,sS
-24135,-36180,-98,-524,-31,-645,-752,-391,-101,-447,36101,29079,-3199,-3271,-437,-438,-65,-71,-68,-83,-583,-605,-488,-613,-416,-226
0.5543031825479541,0.28966719185321477,-1.0,-1.0,-1.0,-1.0,-1.0,-1.0,-1.0,-1.0,0.13412180762931084,0.8929638313611132,0.27972320483313773,0.2120617287932265,-1.0,-1.0,-1.0,-1.0,-1.0,-1.0,-1.0,-1.0,-1.0,-1.0,-1.0,-1.0
