bad_A,bad_B,fI,fO_A,fO_B,fP_A,fp_B,fRi,fRo,fS,good_A,good_B,redo_A,redo_B,sI,sO_A,sO_B,sP_A,sP_B,sQ_A,sQ_Ar,sQ_B,sQ_Br,sRi,sRo,sS
-23856,-36505,-89,-595,-305,-95,-353,-753,-610,-519,36174,30699,-1953,-4461,-285,-480,-768,-178,-150,-357,-784,-338,-640,-738,-424,-10
0.4346555689074022,0.29235828535371233,-1.0,-1.0,-1.0,-1.0,-1.0,-1.0,-1.0,-1.0,0.4266055084608301,0.8895747233883587,0.19373190780236327,0.6266244128298696,-1.0,-1.0,-1.0,-1.0,-1.0,-1.0,-1.0,-1.0,-1.0,-1.0,-1.0,-1.0
