bad_A,bad_B,disc1,disc2,fI,fO_A,fO_B,fP_A,fP_B,fRi,fRo,fS,good_A,good_B,no_disc,pick,put,redo_A,redo_B,sI,sO_A,sO_B,sP_A,sP_B,sQ_A,sQ_Ar,sQ_B,sQ_Br,sRi,sRo,sS,test1,test2,turn1,turn2
-25363,-31263,-169,-671,-128,-86,-155,-66,-62,-207,-793,-395,38505,37995,-364,-401,-245,-1883,-5545,-92,-427,-760,-86,-254,-789,-309,-79,-311,-731,-435,-638,-654,-42,-245,-95
0.6116297330779433,0.4597325680325811,-1.0,-1.0,-1.0,-1.0,-1.0,-1.0,-1.0,-1.0,-1.0,-1.0,0.4463120623515915,0.6081105378561631,-1.0,-1.0,-1.0,0.6808837426230286,0.19499587667935459,-1.0,-1.0,-1.0,-1.0,-1.0,-1.0,-1.0,-1.0,-1.0,-1.0,-1.0,-1.0,-1.0,-1.0,-1.0,-1.0
