bad_A,bad_B,disc1,disc2,fI,fO_A,fO_B,fP_A,fP_B,fRi,fRo,fS,good_A,good_B,no_disc,pick,put,redo_A,redo_B,sI,sO_A,sO_B,sP_A,sP_B,sQ_A,sQ_Ar,sQ_B,sQ_Br,sRi,sRo,sS,test1,test2,turn1,turn2
-35961,-23485,-686,-734,-197,-706,-287,-322,-121,-32,-529,-511,20591,29394,-689,-540,-221,-8172,-3526,-766,-371,-89,-342,-346,-750,-617,-565,-558,-689,-322,-679,-45,-162,-360,-406
0.49762790173753124,0.2826418207059539,-1.0,-1.0,-1.0,-1.0,-1.0,-1.0,-1.0,-1.0,-1.0,-1.0,0.44323418452478747,0.7753424704732083,-1.0,-1.0,-1.0,0.28286498722276826,0.15910674920625142,-1.0,-1.0,-1.0,-1.0,-1.0,-1.0,-1.0,-1.0,-1.0,-1.0,-1.0,-1.0,-1.0,-1.0,-1.0,-1.0
