bad_A,bad_B,disc1,disc2,fI,fO_A,fO_B,fP_A,fP_B,fRi,fRo,fS,good_A,good_B,no_disc,pick,put,redo_A,redo_B,sI,sO_A,sO_B,sP_A,sP_B,sQ_A,sQ_Ar,sQ_B,sQ_Br,sRi,sRo,sS,test1,test2,turn1,turn2
-32761,-28639,-596,-478,-580,-649,-301,-272,-102,-456,-504,-700,24930,22540,-368,-574,-417,-4808,-4796,-623,-782,-411,-467,-365,-542,-143,-89,-452,-267,-588,-351,-440,-277,-53,-181
0.8378783576290719,0.801429828770663,-1.0,-1.0,-1.0,-1.0,-1.0,-1.0,-1.0,-1.0,-1.0,-1.0,0.3401856165982051,0.685642482017886,-1.0,-1.0,-1.0,0.7512027733363978,0.6295929848680991,-1.0,-1.0,-1.0,-1.0,-1.0,-1.0,-1.0,-1.0,-1.0,-1.0,-1.0,-1.0,-1.0,-1.0,-1.0,-1.0
