bad_A,bad_B,disc1,disc2,fI,fO_A,fO_B,fP_A,fP_B,fRi,fRo,fS,good_A,good_B,no_disc,pick,put,redo_A,redo_B,sI,sO_A,sO_B,sP_A,sP_B,sQ_A,sQ_Ar,sQ_B,sQ_Br,sRi,sRo,sS,test1,test2,turn1,turn2
-34210,-33997,-624,-203,-465,-447,-262,-184,-389,-436,-433,-730,23953,24197,-674,-244,-10,-5347,-3831,-784,-121,-382,-300,-22,-679,-340,-781,-103,-344,-149,-256,-593,-733,-73,-228
0.2835971800466138,0.23213181140475872,-1.0,-1.0,-1.0,-1.0,-1.0,-1.0,-1.0,-1.0,-1.0,-1.0,0.1021186089664167,0.19024014211314866,-1.0,-1.0,-1.0,0.8490051436876564,0.19605918824661686,-1.0,-1.0,-1.0,-1.0,-1.0,-1.0,-1.0,-1.0,-1.0,-1.0,-1.0,-1.0,-1.0,-1.0,-1.0,-1.0
