bad_A,bad_B,disc1,disc2,fI,fO_A,fO_B,fP_A,fP_B,fRi,fRo,fS,good_A,good_B,no_disc,pick,put,redo_A,redo_B,sI,sO_A,sO_B,sP_A,sP_B,sQ_A,sQ_Ar,sQ_B,sQ_Br,sRi,sRo,sS,test1,test2,turn1,turn2
-25643,-23265,-343,-371,-662,-28,-732,-357,-745,-496,-426,-627,35635,26266,-352,-796,-245,-4734,-4308,-727,-159,-189,-413,-655,-247,-297,-47,-490,-96,-231,-797,-260,-735,-564,-91
0.5638607054222166,0.5193215807131415,-1.0,-1.0,-1.0,-1.0,-1.0,-1.0,-1.0,-1.0,-1.0,-1.0,0.40024129094413197,0.8819451294203506,-1.0,-1.0,-1.0,0.731786301305698,0.4662468775177956,-1.0,-1.0,-1.0,-1.0,-1.0,-1.0,-1.0,-1.0,-1.0,-1.0,-1.0,-1.0,-1.0,-1.0,-1.0,-1.0
