bad_A,bad_B,disc1,disc2,fI,fO_A,fO_B,fP_A,fP_B,fRi,fRo,fS,good_A,good_B,no_disc,pick,put,redo_A,redo_B,sI,sO_A,sO_B,sP_A,sP_B,sQ_A,sQ_Ar,sQ_B,sQ_Br,sRi,sRo,sS,test1,test2,turn1,turn2
-30686,-28259,-414,-451,-325,-644,-144,-142,-515,-598,-36,-108,33199,27247,-94,-470,-783,-8540,-4682,-760,-595,-609,-54,-456,-177,-783,-247,-455,-691,-720,-92,-54,-655,-238,-75
0.8719990245009686,0.2699701269873385,-1.0,-1.0,-1.0,-1.0,-1.0,-1.0,-1.0,-1.0,-1.0,-1.0,0.6912001016912355,0.37316755287587,-1.0,-1.0,-1.0,0.7887724210493773,0.43749250019703545,-1.0,-1.0,-1.0,-1.0,-1.0,-1.0,-1.0,-1.0,-1.0,-1.0,-1.0,-1.0,-1.0,-1.0,-1.0,-1.0
