bad_A,bad_B,disc1,disc2,fI,fO_A,fO_B,fP_A,fP_B,fRi,fRo,fS,good_A,good_B,no_disc,pick,put,redo_A,redo_B,sI,sO_A,sO_B,sP_A,sP_B,sQ_A,sQ_Ar,sQ_B,sQ_Br,sRi,sRo,sS,test1,test2,turn1,turn2
-20240,-22477,-785,-269,-142,-160,-485,-710,-701,-706,-24,-214,33128,36792,-126,-696,-552,-8861,-4329,-516,-756,-109,-458,-739,-360,-315,-681,-284,-421,-633,-285,-488,-296,-234,-235
0.6713291041788918,0.7894704523070949,-1.0,-1.0,-1.0,-1.0,-1.0,-1.0,-1.0,-1.0,-1.0,-1.0,0.6441712118780168,0.4695129547803044,-1.0,-1.0,-1.0,0.14311247831227716,0.6893276127076204,-1.0,-1.0,-1.0,-1.0,-1.0,-1.0,-1.0,-1.0,-1.0,-1.0,-1.0,-1.0,-1.0,-1.0,-1.0,-1.0
