bad_A,bad_B,disc1,disc2,fI,fO_A,fO_B,fP_A,fP_B,fRi,fRo,fS,good_A,good_B,no_disc,pick,put,redo_A,redo_B,sI,sO_A,sO_B,sP_A,sP_B,sQ_A,sQ_Ar,sQ_B,sQ_Br,sRi,sRo,sS,test1,test2,turn1,turn2
-23050,-26195,-657,-648,-320,-400,-344,-541,-485,-21,-594,-769,22733,24217,-745,-753,-359,-5709,-5457,-661,-178,-669,-451,-685,-58,-103,-421,-552,-787,-691,-582,-149,-250,-165,-760
0.7071322180133996,0.575740135860645,-1.0,-1.0,-1.0,-1.0,-1.0,-1.0,-1.0,-1.0,-1.0,-1.0,0.7372226622896555,0.5890663375316054,-1.0,-1.0,-1.0,0.42521893993183213,0.5472686243111693,-1.0,-1.0,-1.0,-1.0,-1.0,-1.0,-1.0,-1.0,-1.0,-1.0,-1.0,-1.0,-1.0,-1.0,-1.0,-1.0
