bad_A,bad_B,disc1,disc2,fI,fO_A,fO_B,fP_A,fP_B,fRi,fRo,fS,good_A,good_B,no_disc,pick,put,redo_A,redo_B,sI,sO_A,sO_B,sP_A,sP_B,sQ_A,sQ_Ar,sQ_B,sQ_Br,sRi,sRo,sS,test1,test2,turn1,turn2
-28908,-37615,-522,-341,-603,-500,-745,-421,-56,-135,-677,-43,32139,26555,-77,-512,-116,-2995,-6577,-274,-181,-212,-742,-537,-707,-592,-455,-104,-573,-778,-340,-628,-758,-168,-538
0.7820373681647405,0.4607560519658517,-1.0,-1.0,-1.0,-1.0,-1.0,-1.0,-1.0,-1.0,-1.0,-1.0,0.5456669372567936,0.3773644262902266,-1.0,-1.0,-1.0,0.3677469771456767,0.1921991085859734,-1.0,-1.0,-1.0,-1.0,-1.0,-1.0,-1.0,-1.0,-1.0,-1.0,-1.0,-1.0,-1.0,-1.0,-1.0,-1.0
