bad_A,bad_B,disc1,disc2,fI,fO_A,fO_B,fP_A,fP_B,fRi,fRo,fS,good_A,good_B,no_disc,pick,put,redo_A,redo_B,sI,sO_A,sO_B,sP_A,sP_B,sQ_A,sQ_Ar,sQ_B,sQ_Br,sRi,sRo,sS,test1,test2,turn1,turn2
-21296,-36986,-712,-513,-324,-237,-27,-445,-95,-307,-338,-750,20311,21469,-714,-664,-587,-1332,-4506,-543,-381,-474,-765,-181,-615,-651,-735,-17,-629,-558,-289,-510,-382,-65,-49
0.6074677094207581,0.3138672647126285,-1.0,-1.0,-1.0,-1.0,-1.0,-1.0,-1.0,-1.0,-1.0,-1.0,0.5684515463001554,0.7493714663237682,-1.0,-1.0,-1.0,0.10348054650330481,0.8472504912156688,-1.0,-1.0,-1.0,-1.0,-1.0,-1.0,-1.0,-1.0,-1.0,-1.0,-1.0,-1.0,-1.0,-1.0,-1.0,-1.0
