bad_A,bad_B,disc1,disc2,fI,fO_A,fO_B,fP_A,fP_B,fRi,fRo,fS,good_A,good_B,no_disc,pick,put,redo_A,redo_B,sI,sO_A,sO_B,sP_A,sP_B,sQ_A,sQ_Ar,sQ_B,sQ_Br,sRi,sRo,sS,test1,test2,turn1,turn2
-39196,-31556,-387,-450,-380,-181,-725,-610,-505,-639,-153,-463,38046,36204,-562,-439,-703,-4221,-8064,-473,-614,-401,-532,-521,-489,-600,-83,-277,-45,-533,-571,-197,-91,-429,-648
0.6455995085812285,0.6146538277084381,-1.0,-1.0,-1.0,-1.0,-1.0,-1.0,-1.0,-1.0,-1.0,-1.0,0.5315852183591852,0.7510331991655647,-1.0,-1.0,-1.0,0.4955299698482766,0.6464390558450261,-1.0,-1.0,-1.0,-1.0,-1.0,-1.0,-1.0,-1.0,-1.0,-1.0,-1.0,-1.0,-1.0,-1.0,-1.0,-1.0
