bad_A,bad_B,disc1,disc2,fI,fO_A,fO_B,fP_A,fP_B,fRi,fRo,fS,good_A,good_B,no_disc,pick,put,redo_A,redo_B,sI,sO_A,sO_B,sP_A,sP_B,sQ_A,sQ_Ar,sQ_B,sQ_Br,sRi,sRo,sS,test1,test2,turn1,turn2
-38051,-20322,-457,-532,-326,-800,-116,-444,-704,-126,-388,-699,37718,29157,-137,-15,-11,-6042,-8283,-375,-629,-628,-416,-220,-457,-90,-26,-302,-84,-719,-390,-615,-743,-536,-92
0.3593125028505917,0.5505747575345826,-1.0,-1.0,-1.0,-1.0,-1.0,-1.0,-1.0,-1.0,-1.0,-1.0,0.3256764057173178,0.6010531037342018,-1.0,-1.0,-1.0,0.18371107320459085,0.4127456947541164,-1.0,-1.0,-1.0,-1.0,-1.0,-1.0,-1.0,-1.0,-1.0,-1.0,-1.0,-1.0,-1.0,-1.0,-1.0,-1.0
