bad_A,bad_B,disc1,disc2,fI,fO_A,fO_B,fP_A,fP_B,fRi,fRo,fS,good_A,good_B,no_disc,pick,put,redo_A,redo_B,sI,sO_A,sO_B,sP_A,sP_B,sQ_A,sQ_Ar,sQ_B,sQ_Br,sRi,sRo,sS,test1,test2,turn1,turn2
-35108,-29452,-635,-756,-509,-751,-508,-356,-558,-78,-237,-313,21561,36251,-421,-183,-175,-4177,-7576,-227,-569,-393,-110,-326,-323,-196,-337,-589,-656,-680,-250,-199,-301,-445,-129
0.5319846288159131,0.8287779271205427,-1.0,-1.0,-1.0,-1.0,-1.0,-1.0,-1.0,-1.0,-1.0,-1.0,0.48755657363765437,0.4543866607103295,-1.0,-1.0,-1.0,0.3733810135860157,0.4222605692808358,-1.0,-1.0,-1.0,-1.0,-1.0,-1.0,-1.0,-1.0,-1.0,-1.0,-1.0,-1.0,-1.0,-1.0,-1.0,-1.0
