bad_A,bad_B,disc1,disc2,fI,fO_A,fO_B,fP_A,fP_B,fRi,fRo,fS,good_A,good_B,no_disc,pick,put,redo_A,redo_B,sI,sO_A,sO_B,sP_A,sP_B,sQ_A,sQ_Ar,sQ_B,sQ_Br,sRi,sRo,sS,test1,test2,turn1,turn2
-20699,-26855,-111,-739,-148,-294,-789,-647,-634,-296,-573,-581,20059,27164,-444,-329,-339,-4134,-4603,-134,-357,-187,-38,-665,-620,-778,-339,-72,-709,-497,-276,-266,-323,-504,-639
0.4651175207570789,0.6448668478125642,-1.0,-1.0,-1.0,-1.0,-1.0,-1.0,-1.0,-1.0,-1.0,-1.0,0.6112189370957831,0.7220453342886911,-1.0,-1.0,-1.0,0.5818654359605769,0.362418227855539,-1.0,-1.0,-1.0,-1.0,-1.0,-1.0,-1.0,-1.0,-1.0,-1.0,-1.0,-1.0,-1.0,-1.0,-1.0,-1.0
