bad_A,bad_B,disc1,disc2,fI,fO_A,fO_B,fP_A,fP_B,fRi,fRo,fS,good_A,good_B,no_disc,pick,put,redo_A,redo_B,sI,sO_A,sO_B,sP_A,sP_B,sQ_A,sQ_Ar,sQ_B,sQ_Br,sRi,sRo,sS,test1,test2,turn1,turn2
-31734,-20115,-423,-436,-310,-583,-656,-170,-687,-784,-395,-23,32393,23567,-368,-83,-105,-8049,-7347,-145,-383,-214,-197,-525,-671,-470,-624,-693,-420,-754,-87,-148,-740,-561,-253
0.8608345512181786,0.11391775287151217,-1.0,-1.0,-1.0,-1.0,-1.0,-1.0,-1.0,-1.0,-1.0,-1.0,0.5206824397722993,0.20145124909363396,-1.0,-1.0,-1.0,0.7742070544717107,0.4646123487336673,-1.0,-1.0,-1.0,-1.0,-1.0,-1.0,-1.0,-1.0,-1.0,-1.0,-1.0,-1.0,-1.0,-1.0,-1.0,-1.0
