bad_A,bad_B,disc1,disc2,fI,fO_A,fO_B,fP_A,fP_B,fRi,fRo,fS,good_A,good_B,no_disc,pick,put,redo_A,redo_B,sI,sO_A,sO_B,sP_A,sP_B,sQ_A,sQ_Ar,sQ_B,sQ_Br,sRi,sRo,sS,test1,test2,turn1,turn2
-32893,-25341,-726,-139,-242,-656,-372,-771,-202,-120,-491,-135,33700,37296,-345,-418,-218,-1966,-8757,-18,-597,-761,-761,-182,-465,-72,-132,-636,-612,-433,-351,-743,-705,-798,-621
0.31182897557261346,0.6215111250028974,-1.0,-1.0,-1.0,-1.0,-1.0,-1.0,-1.0,-1.0,-1.0,-1.0,0.3116437616138743,0.5406443877244771,-1.0,-1.0,-1.0,0.28866232849032303,0.21680596573259267,-1.0,-1.0,-1.0,-1.0,-1.0,-1.0,-1.0,-1.0,-1.0,-1.0,-1.0,-1.0,-1.0,-1.0,-1.0,-1.0
