bad_A,bad_B,disc1,disc2,fI,fO_A,fO_B,fP_A,fP_B,fRi,fRo,fS,good_A,good_B,no_disc,pick,put,redo_A,redo_B,sI,sO_A,sO_B,sP_A,sP_B,sQ_A,sQ_Ar,sQ_B,sQ_Br,sRi,sRo,sS,test1,test2,turn1,turn2
-39727,-33562,-521,-44,-638,-182,-792,-729,-53,-349,-784,-339,34241,22275,-665,-195,-158,-6516,-8620,-528,-692,-453,-455,-154,-731,-237,-527,-366,-345,-751,-642,-80,-771,-251,-252
0.44402954116714966,0.8675633581510128,-1.0,-1.0,-1.0,-1.0,-1.0,-1.0,-1.0,-1.0,-1.0,-1.0,0.22843348942211544,0.5173806004179724,-1.0,-1.0,-1.0,0.6698072563952311,0.8794956650121726,-1.0,-1.0,-1.0,-1.0,-1.0,-1.0,-1.0,-1.0,-1.0,-1.0,-1.0,-1.0,-1.0,-1.0,-1.0,-1.0
