bad_A,bad_B,disc1,disc2,fI,fO_A,fO_B,fP_A,fP_B,fRi,fRo,fS,good_A,good_B,no_disc,pick,put,redo_A,redo_B,sI,sO_A,sO_B,sP_A,sP_B,sQ_A,sQ_Ar,sQ_B,sQ_Br,sRi,sRo,sS,test1,test2,turn1,turn2
-38787,-25877,-800,-395,-594,-565,-366,-766,-333,-289,-25,-547,34439,29964,-505,-215,-323,-5836,-8503,-182,-738,-555,-511,-743,-233,-186,-59,-376,-350,-618,-466,-390,-543,-424,-749
0.6539932686587079,0.1746078592059071,-1.0,-1.0,-1.0,-1.0,-1.0,-1.0,-1.0,-1.0,-1.0,-1.0,0.7535269784129609,0.49717793908187524,-1.0,-1.0,-1.0,0.8709252902966188,0.6624120664595838,-1.0,-1.0,-1.0,-1.0,-1.0,-1.0,-1.0,-1.0,-1.0,-1.0,-1.0,-1.0,-1.0,-1.0,-1.0,-1.0
