bad_A,bad_B,disc1,disc2,fI,fO_A,fO_B,fP_A,fP_B,fRi,fRo,fS,good_A,good_B,no_disc,pick,put,redo_A,redo_B,sI,sO_A,sO_B,sP_A,sP_B,sQ_A,sQ_Ar,sQ_B,sQ_Br,sRi,sRo,sS,test1,test2,turn1,turn2
-23504,-29637,-255,-71,-184,-376,-69,-122,-280,-724,-636,-672,36898,20229,-368,-680,-622,-4063,-3401,-234,-290,-322,-126,-703,-402,-630,-70,-248,-645,-292,-745,-244,-526,-532,-694
0.4326114555131769,0.6244798071851998,-1.0,-1.0,-1.0,-1.0,-1.0,-1.0,-1.0,-1.0,-1.0,-1.0,0.41339466588218954,0.16904053593983798,-1.0,-1.0,-1.0,0.5791426231667866,0.6696786402892466,-1.0,-1.0,-1.0,-1.0,-1.0,-1.0,-1.0,-1.0,-1.0,-1.0,-1.0,-1.0,-1.0,-1.0,-1.0,-1.0
