bad_A,bad_B,disc1,disc2,fI,fO_A,fO_B,fP_A,fP_B,fRi,fRo,fS,good_A,good_B,no_disc,pick,put,redo_A,redo_B,sI,sO_A,sO_B,sP_A,sP_B,sQ_A,sQ_Ar,sQ_B,sQ_Br,sRi,sRo,sS,test1,test2,turn1,turn2
-25406,-31403,-699,-60,-337,-410,-38,-350,-572,-498,-751,-607,24322,26666,-650,-414,-461,-4008,-3100,-562,-566,-207,-467,-527,-598,-780,-329,-20,-430,-458,-541,-172,-590,-83,-761
0.48984545480436237,0.23848587950369568,-1.0,-1.0,-1.0,-1.0,-1.0,-1.0,-1.0,-1.0,-1.0,-1.0,0.13620269280102246,0.67659876223706,-1.0,-1.0,-1.0,0.38688379339734924,0.127616377333346,-1.0,-1.0,-1.0,-1.0,-1.0,-1.0,-1.0,-1.0,-1.0,-1.0,-1.0,-1.0,-1.0,-1.0,-1.0,-1.0
