bad_A,bad_B,disc1,disc2,fI,fO_A,fO_B,fP_A,fP_B,fRi,fRo,fS,good_A,good_B,no_disc,pick,put,redo_A,redo_B,sI,sO_A,sO_B,sP_A,sP_B,sQ_A,sQ_Ar,sQ_B,sQ_Br,sRi,sRo,sS,test1,test2,turn1,turn2
-30493,-39411,-117,-29,-252,-600,-415,-18,-84,-386,-299,-265,21814,32151,-86,-521,-280,-6106,-8401,-660,-523,-494,-720,-41,-599,-725,-348,-109,-748,-473,-650,-785,-117,-495,-220
0.40465319636493313,0.43018938153725983,-1.0,-1.0,-1.0,-1.0,-1.0,-1.0,-1.0,-1.0,-1.0,-1.0,0.6762642842350373,0.497500672787462,-1.0,-1.0,-1.0,0.35182968234321166,0.5980508724395301,-1.0,-1.0,-1.0,-1.0,-1.0,-1.0,-1.0,-1.0,-1.0,-1.0,-1.0,-1.0,-1.0,-1.0,-1.0,-1.0
