bad_A,bad_B,disc1,disc2,fI,fO_A,fO_B,fP_A,fP_B,fRi,fRo,fS,good_A,good_B,no_disc,pick,put,redo_A,redo_B,sI,sO_A,sO_B,sP_A,sP_B,sQ_A,sQ_Ar,sQ_B,sQ_Br,sRi,sRo,sS,test1,test2,turn1,turn2
-33734,-39125,-540,-288,-586,-753,-241,-543,-436,-528,-444,-538,38103,35573,-71,-62,-346,-1619,-3463,-190,-668,-761,-140,-347,-541,-415,-647,-170,-598,-607,-155,-519,-187,-632,-401
0.47748213976477005,0.7700999313114284,-1.0,-1.0,-1.0,-1.0,-1.0,-1.0,-1.0,-1.0,-1.0,-1.0,0.8916085901814188,0.6954196678280101,-1.0,-1.0,-1.0,0.6097208069896635,0.21352339200158676,-1.0,-1.0,-1.0,-1.0,-1.0,-1.0,-1.0,-1.0,-1.0,-1.0,-1.0,-1.0,-1.0,-1.0,-1.0,-1.0
