bad_A,bad_B,disc1,disc2,fI,fO_A,fO_B,fP_A,fP_B,fRi,fRo,fS,good_A,good_B,no_disc,pick,put,redo_A,redo_B,sI,sO_A,sO_B,sP_A,sP_B,sQ_A,sQ_Ar,sQ_B,sQ_Br,sRi,sRo,sS,test1,test2,turn1,turn2
-36474,-36479,-743,-580,-630,-744,-411,-122,-792,-290,-208,-334,28521,25531,-417,-741,-636,-1786,-5002,-285,-21,-250,-634,-485,-342,-422,-440,-661,-525,-758,-172,-598,-239,-519,-375
0.8361603609596271,0.25673336672054314,-1.0,-1.0,-1.0,-1.0,-1.0,-1.0,-1.0,-1.0,-1.0,-1.0,0.24393669910575586,0.39864233439607444,-1.0,-1.0,-1.0,0.5947643322805772,0.24701804170351213,-1.0,-1.0,-1.0,-1.0,-1.0,-1.0,-1.0,-1.0,-1.0,-1.0,-1.0,-1.0,-1.0,-1.0,-1.0,-1.0
