bad_A,bad_B,fI,fO_A,fO_B,fP_A,fp_B,fRi,fRo,fS,good_A,good_B,redo_A,redo_B,sI,sO_A,sO_B,sP_A,sP_B,sQ_A,sQ_Ar,sQ_B,sQ_Br,sRi,sRo,sS
-24293,-34746,-708,-744,-630,-328,-758,-251,-122,-660,25675,38816,-2229,-4402,-118,-260,-315,-689,-214,-534,-318,-217,-217,-73,-187,-237
0.5275844590456015,0.7209142580670305,-1.0,-1.0,-1.0,-1.0,-1.0,-1.0,-1.0,-1.0,0.39657800347190586,0.17453462829511218,0.6106498981826317,0.16575869555435566,-1.0,-1.0,-1.0,-1.0,-1.0,-1.0,-1.0,-1.0,-1.0,-1.0,-1.0,-1.0
