bad_A,bad_B,fI,fO_A,fO_B,fP_A,fp_B,fRi,fRo,fS,good_A,good_B,redo_A,redo_B,sI,sO_A,sO_B,sP_A,sP_B,sQ_A,sQ_Ar,sQ_B,sQ_Br,sRi,sRo,sS
-23225,-21617,-211,-738,-731,-761,-53,-597,-223,-215,31888,35432,-2914,-4790,-568,-269,-535,-492,-227,-569,-615,-143,-42,-417,-538,-613
0.5981162792762497,0.588043684370421,-1.0,-1.0,-1.0,-1.0,-1.0,-1.0,-1.0,-1.0,0.8169967092981334,0.33126593179897357,0.30081926077448795,0.39829506047874996,-1.0,-1.0,-1.0,-1.0,-1.0,-1.0,-1.0,-1.0,-1.0,-1.0,-1.0,-1.0
