bad_A,bad_B,fI,fO_A,fO_B,fP_A,fp_B,fRi,fRo,fS,good_A,good_B,redo_A,redo_B,sI,sO_A,sO_B,sP_A,sP_B,sQ_A,sQ_Ar,sQ_B,sQ_Br,sRi,sRo,sS
-23493,-21119,-527,-141,-335,-335,-457,-457,-102,-140,36233,23367,-8192,-2036,-149,-209,-104,-661,-569,-377,-751,-148,-518,-319,-37,-100
0.4900326326779546,0.27111390114168243,-1.0,-1.0,-1.0,-1.0,-1.0,-1.0,-1.0,-1.0,0.7832380370078854,0.3071604433540756,0.23075336542713984,0.6864560806500762,-1.0,-1.0,-1.0,-1.0,-1.0,-1.0,-1.0,-1.0,-1.0,-1.0,-1.0,-1.0
