bad_A,bad_B,disc1,disc2,fI,fO_A,fO_B,fP_A,fP_B,fRi,fRo,fS,good_A,good_B,no_disc,pick,put,redo_A,redo_B,sI,sO_A,sO_B,sP_A,sP_B,sQ_A,sQ_Ar,sQ_B,sQ_Br,sRi,sRo,sS,test1,test2,turn1,turn2
-26994,-22338,-708,-88,-667,-430,-760,-655,-120,-113,-534,-212,38323,25086,-281,-239,-246,-5271,-8416,-193,-440,-14,-112,-777,-88,-339,-585,-646,-674,-606,-175,-124,-204,-626,-663
0.5922555380550792,0.35560684808698784,-1.0,-1.0,-1.0,-1.0,-1.0,-1.0,-1.0,-1.0,-1.0,-1.0,0.5727960569625071,0.23647742526113813,-1.0,-1.0,-1.0,0.12917871593518424,0.6349626965709508,-1.0,-1.0,-1.0,-1.0,-1.0,-1.0,-1.0,-1.0,-1.0,-1.0,-1.0,-1.0,-1.0,-1.0,-1.0,-1.0
