bad_A,bad_B,disc1,disc2,fI,fO_A,fO_B,fP_A,fP_B,fRi,fRo,fS,good_A,good_B,no_disc,pick,put,redo_A,redo_B,sI,sO_A,sO_B,sP_A,sP_B,sQ_A,sQ_Ar,sQ_B,sQ_Br,sRi,sRo,sS,test1,test2,turn1,turn2
-28352,-27897,-465,-292,-626,-618,-423,-674,-592,-566,-11,-73,30014,30373,-471,-38,-445,-7103,-7790,-61,-672,-508,-104,-197,-174,-215,-498,-246,-264,-650,-303,-348,-200,-582,-368
0.5905228772899948,0.27476154714652834,-1.0,-1.0,-1.0,-1.0,-1.0,-1.0,-1.0,-1.0,-1.0,-1.0,0.6936200674081794,0.48893992419663,-1.0,-1.0,-1.0,0.35004167766342253,0.41932659520346394,-1.0,-1.0,-1.0,-1.0,-1.0,-1.0,-1.0,-1.0,-1.0,-1.0,-1.0,-1.0,-1.0,-1.0,-1.0,-1.0
