bad_A,bad_B,disc1,disc2,fI,fO_A,fO_B,fP_A,fP_B,fRi,fRo,fS,good_A,good_B,no_disc,pick,put,redo_A,redo_B,sI,sO_A,sO_B,sP_A,sP_B,sQ_A,sQ_Ar,sQ_B,sQ_Br,sRi,sRo,sS,test1,test2,turn1,turn2
-20951,-38933,-257,-762,-722,-123,-542,-680,-608,-342,-517,-550,20137,20850,-800,-783,-419,-5931,-1861,-294,-246,-633,-24,-130,-224,-42,-668,-490,-642,-296,-476,-706,-657,-240,-653
0.3979973595686883,0.47380709585374325,-1.0,-1.0,-1.0,-1.0,-1.0,-1.0,-1.0,-1.0,-1.0,-1.0,0.5548678474095489,0.5188794957904628,-1.0,-1.0,-1.0,0.5224851613540151,0.39214449472084645,-1.0,-1.0,-1.0,-1.0,-1.0,-1.0,-1.0,-1.0,-1.0,-1.0,-1.0,-1.0,-1.0,-1.0,-1.0,-1.0
