bad_A,bad_B,disc1,disc2,fI,fO_A,fO_B,fP_A,fP_B,fRi,fRo,fS,good_A,good_B,no_disc,pick,put,redo_A,redo_B,sI,sO_A,sO_B,sP_A,sP_B,sQ_A,sQ_Ar,sQ_B,sQ_Br,sRi,sRo,sS,test1,test2,turn1,turn2
-36897,-35004,-590,-742,-646,-470,-373,-223,-147,-749,-567,-178,30940,30258,-747,-108,-778,-3238,-6365,-443,-39,-313,-665,-12,-355,-590,-758,-391,-160,-407,-230,-87,-665,-250,-605
0.6735813850889232,0.30366774757788606,-1.0,-1.0,-1.0,-1.0,-1.0,-1.0,-1.0,-1.0,-1.0,-1.0,0.3236385901922936,0.25523552612543843,-1.0,-1.0,-1.0,0.3017420930411583,0.19119316172077144,-1.0,-1.0,-1.0,-1.0,-1.0,-1.0,-1.0,-1.0,-1.0,-1.0,-1.0,-1.0,-1.0,-1.0,-1.0,-1.0
