bad_A,bad_B,disc1,disc2,fI,fO_A,fO_B,fP_A,fP_B,fRi,fRo,fS,good_A,good_B,no_disc,pick,put,redo_A,redo_B,sI,sO_A,sO_B,sP_A,sP_B,sQ_A,sQ_Ar,sQ_B,sQ_Br,sRi,sRo,sS,test1,test2,turn1,turn2
-24303,-32406,-51,-526,-382,-340,-22,-419,-295,-761,-407,-28,34039,31314,-518,-383,-502,-2637,-7160,-469,-193,-457,-616,-502,-193,-195,-712,-741,-147,-571,-303,-352,-651,-679,-286
0.10137053968626156,0.2923840284075384,-1.0,-1.0,-1.0,-1.0,-1.0,-1.0,-1.0,-1.0,-1.0,-1.0,0.8687400542992968,0.7919366969452083,-1.0,-1.0,-1.0,0.28689215478148467,0.663255410995443,-1.0,-1.0,-1.0,-1.0,-1.0,-1.0,-1.0,-1.0,-1.0,-1.0,-1.0,-1.0,-1.0,-1.0,-1.0,-1.0
