bad_A,bad_B,disc1,disc2,fI,fO_A,fO_B,fP_A,fP_B,fRi,fRo,fS,good_A,good_B,no_disc,pick,put,redo_A,redo_B,sI,sO_A,sO_B,sP_A,sP_B,sQ_A,sQ_Ar,sQ_B,sQ_Br,sRi,sRo,sS,test1,test2,turn1,turn2
-31727,-33774,-501,-555,-499,-538,-269,-576,-210,-694,-598,-441,28515,28430,-681,-323,-750,-2621,-6181,-604,-523,-358,-531,-689,-540,-97,-24,-680,-536,-277,-551,-218,-555,-251,-261
0.5039096532233104,0.22077579131962138,-1.0,-1.0,-1.0,-1.0,-1.0,-1.0,-1.0,-1.0,-1.0,-1.0,0.5807099323763344,0.3239303241765613,-1.0,-1.0,-1.0,0.34195718572302314,0.3900250484782223,-1.0,-1.0,-1.0,-1.0,-1.0,-1.0,-1.0,-1.0,-1.0,-1.0,-1.0,-1.0,-1.0,-1.0,-1.0,-1.0
