bad_A,bad_B,disc1,disc2,fI,fO_A,fO_B,fP_A,fP_B,fRi,fRo,fS,good_A,good_B,no_disc,pick,put,redo_A,redo_B,sI,sO_A,sO_B,sP_A,sP_B,sQ_A,sQ_Ar,sQ_B,sQ_Br,sRi,sRo,sS,test1,test2,turn1,turn2
-33058,-30380,-442,-705,-220,-658,-99,-137,-342,-208,-491,-78,31372,35121,-662,-408,-461,-5494,-6803,-367,-602,-582,-592,-589,-792,-621,-788,-189,-483,-575,-571,-542,-574,-516,-256
0.38855415760886436,0.4991777552272406,-1.0,-1.0,-1.0,-1.0,-1.0,-1.0,-1.0,-1.0,-1.0,-1.0,0.5895673107262961,0.5272223378604749,-1.0,-1.0,-1.0,0.41374242210199463,0.58940033477337,-1.0,-1.0,-1.0,-1.0,-1.0,-1.0,-1.0,-1.0,-1.0,-1.0,-1.0,-1.0,-1.0,-1.0,-1.0,-1.0
