bad_A,bad_B,disc1,disc2,fI,fO_A,fO_B,fP_A,fP_B,fRi,fRo,fS,good_A,good_B,no_disc,pick,put,redo_A,redo_B,sI,sO_A,sO_B,sP_A,sP_B,sQ_A,sQ_Ar,sQ_B,sQ_Br,sRi,sRo,sS,test1,test2,turn1,turn2
-21022,-36015,-202,-796,-227,-31,-275,-87,-201,-446,-498,-83,34831,38314,-744,-591,-682,-8684,-3744,-10,-357,-668,-628,-529,-251,-253,-489,-634,-773,-107,-749,-695,-65,-372,-237
0.4228819584265099,0.7206135044317369,-1.0,-1.0,-1.0,-1.0,-1.0,-1.0,-1.0,-1.0,-1.0,-1.0,0.5987727594955564,0.8211300655868333,-1.0,-1.0,-1.0,0.28362015562623744,0.3368138133181042,-1.0,-1.0,-1.0,-1.0,-1.0,-1.0,-1.0,-1.0,-1.0,-1.0,-1.0,-1.0,-1.0,-1.0,-1.0,-1.0
