bad_A,bad_B,disc1,disc2,fI,fO_A,fO_B,fP_A,fP_B,fRi,fRo,fS,good_A,good_B,no_disc,pick,put,redo_A,redo_B,sI,sO_A,sO_B,sP_A,sP_B,sQ_A,sQ_Ar,sQ_B,sQ_Br,sRi,sRo,sS,test1,test2,turn1,turn2
-30351,-37548,-139,-683,-442,-312,-688,-552,-660,-758,-677,-406,22344,34601,-62,-758,-353,-7994,-8563,-742,-627,-311,-446,-332,-265,-570,-603,-598,-652,-764,-109,-380,-104,-327,-477
0.5912420866921736,0.5234402766869394,-1.0,-1.0,-1.0,-1.0,-1.0,-1.0,-1.0,-1.0,-1.0,-1.0,0.7463886400610595,0.31539910978266034,-1.0,-1.0,-1.0,0.2137476655570545,0.8497635991530885,-1.0,-1.0,-1.0,-1.0,-1.0,-1.0,-1.0,-1.0,-1.0,-1.0,-1.0,-1.0,-1.0,-1.0,-1.0,-1.0
