bad_A,bad_B,disc1,disc2,fI,fO_A,fO_B,fP_A,fP_B,fRi,fRo,fS,good_A,good_B,no_disc,pick,put,redo_A,redo_B,sI,sO_A,sO_B,sP_A,sP_B,sQ_A,sQ_Ar,sQ_B,sQ_Br,sRi,sRo,sS,test1,test2,turn1,turn2
-38888,-24974,-686,-538,-672,-141,-721,-689,-785,-481,-489,-422,35151,38575,-306,-447,-618,-8813,-5142,-165,-209,-361,-160,-746,-732,-418,-798,-97,-572,-712,-669,-353,-603,-571,-279
0.5794939248869295,0.42667510432924804,-1.0,-1.0,-1.0,-1.0,-1.0,-1.0,-1.0,-1.0,-1.0,-1.0,0.7056554023789636,0.6438520522888281,-1.0,-1.0,-1.0,0.5111880386141652,0.4309190926547797,-1.0,-1.0,-1.0,-1.0,-1.0,-1.0,-1.0,-1.0,-1.0,-1.0,-1.0,-1.0,-1.0,-1.0,-1.0,-1.0
