bad_A,bad_B,disc1,disc2,fI,fO_A,fO_B,fP_A,fP_B,fRi,fRo,fS,good_A,good_B,no_disc,pick,put,redo_A,redo_B,sI,sO_A,sO_B,sP_A,sP_B,sQ_A,sQ_Ar,sQ_B,sQ_Br,sRi,sRo,sS,test1,test2,turn1,turn2
-27247,-36261,-39,-634,-562,-64,-274,-415,-646,-793,-169,-516,25958,36093,-71,-583,-462,-1894,-5762,-70,-698,-628,-341,-409,-777,-598,-210,-411,-368,-671,-293,-120,-697,-250,-93
0.8515786571014896,0.5557620609799574,-1.0,-1.0,-1.0,-1.0,-1.0,-1.0,-1.0,-1.0,-1.0,-1.0,0.42154377642915974,0.31070719644759504,-1.0,-1.0,-1.0,0.6882153132651146,0.14827335028794267,-1.0,-1.0,-1.0,-1.0,-1.0,-1.0,-1.0,-1.0,-1.0,-1.0,-1.0,-1.0,-1.0,-1.0,-1.0,-1.0
