bad_A,bad_B,disc1,disc2,fI,fO_A,fO_B,fP_A,fP_B,fRi,fRo,fS,good_A,good_B,no_disc,pick,put,redo_A,redo_B,sI,sO_A,sO_B,sP_A,sP_B,sQ_A,sQ_Ar,sQ_B,sQ_Br,sRi,sRo,sS,test1,test2,turn1,turn2
-29140,-31952,-343,-767,-363,-603,-638,-136,-420,-362,-491,-387,28067,37057,-653,-80,-617,-4822,-8370,-242,-776,-584,-455,-788,-249,-387,-266,-322,-193,-243,-140,-362,-212,-332,-785
0.898400112019034,0.8878939207242457,-1.0,-1.0,-1.0,-1.0,-1.0,-1.0,-1.0,-1.0,-1.0,-1.0,0.15950826870457915,0.6264018314347564,-1.0,-1.0,-1.0,0.8439036466924655,0.38980856273690234,-1.0,-1.0,-1.0,-1.0,-1.0,-1.0,-1.0,-1.0,-1.0,-1.0,-1.0,-1.0,-1.0,-1.0,-1.0,-1.0
