bad_A,bad_B,disc1,disc2,fI,fO_A,fO_B,fP_A,fP_B,fRi,fRo,fS,good_A,good_B,no_disc,pick,put,redo_A,redo_B,sI,sO_A,sO_B,sP_A,sP_B,sQ_A,sQ_Ar,sQ_B,sQ_Br,sRi,sRo,sS,test1,test2,turn1,turn2
-25791,-32828,-243,-798,-520,-408,-682,-224,-217,-279,-566,-394,26811,33000,-470,-341,-455,-5079,-1124,-740,-88,-598,-51,-422,-363,-143,-727,-461,-689,-385,-279,-321,-210,-228,-290
0.868991430233418,0.6632854240470536,-1.0,-1.0,-1.0,-1.0,-1.0,-1.0,-1.0,-1.0,-1.0,-1.0,0.6716255364461183,0.6056359750353009,-1.0,-1.0,-1.0,0.35990231655418603,0.605444956681281,-1.0,-1.0,-1.0,-1.0,-1.0,-1.0,-1.0,-1.0,-1.0,-1.0,-1.0,-1.0,-1.0,-1.0,-1.0,-1.0
