bad_A,bad_B,disc1,disc2,fI,fO_A,fO_B,fP_A,fP_B,fRi,fRo,fS,good_A,good_B,no_disc,pick,put,redo_A,redo_B,sI,sO_A,sO_B,sP_A,sP_B,sQ_A,sQ_Ar,sQ_B,sQ_Br,sRi,sRo,sS,test1,test2,turn1,turn2
-32444,-27236,-538,-538,-485,-67,-231,-450,-403,-205,-239,-224,35399,20101,-484,-183,-214,-3205,-6274,-776,-714,-117,-225,-722,-79,-267,-589,-55,-43,-738,-227,-222,-651,-698,-781
0.12512549057515027,0.8043078904233505,-1.0,-1.0,-1.0,-1.0,-1.0,-1.0,-1.0,-1.0,-1.0,-1.0,0.5550160621126784,0.5259876286029952,-1.0,-1.0,-1.0,0.6502137452525016,0.3802199614354532,-1.0,-1.0,-1.0,-1.0,-1.0,-1.0,-1.0,-1.0,-1.0,-1.0,-1.0,-1.0,-1.0,-1.0,-1.0,-1.0
