bad_A,bad_B,disc1,disc2,fI,fO_A,fO_B,fP_A,fP_B,fRi,fRo,fS,good_A,good_B,no_disc,pick,put,redo_A,redo_B,sI,sO_A,sO_B,sP_A,sP_B,sQ_A,sQ_Ar,sQ_B,sQ_Br,sRi,sRo,sS,test1,test2,turn1,turn2
-29159,-28891,-348,-523,-756,-357,-46,-299,-566,-518,-639,-679,34652,36034,-397,-774,-52,-6102,-6987,-130,-193,-410,-277,-155,-535,-393,-253,-665,-592,-360,-678,-331,-184,-244,-66
0.16707739166141114,0.8242483879422616,-1.0,-1.0,-1.0,-1.0,-1.0,-1.0,-1.0,-1.0,-1.0,-1.0,0.6555018977508444,0.7032234206106253,-1.0,-1.0,-1.0,0.3929104631382997,0.42094187572490804,-1.0,-1.0,-1.0,-1.0,-1.0,-1.0,-1.0,-1.0,-1.0,-1.0,-1.0,-1.0,-1.0,-1.0,-1.0,-1.0
