bad_A,bad_B,disc1,disc2,fI,fO_A,fO_B,fP_A,fP_B,fRi,fRo,fS,good_A,good_B,no_disc,pick,put,redo_A,redo_B,sI,sO_A,sO_B,sP_A,sP_B,sQ_A,sQ_Ar,sQ_B,sQ_Br,sRi,sRo,sS,test1,test2,turn1,turn2
-34809,-33688,-163,-217,-760,-255,-314,-739,-186,-689,-452,-527,33845,25869,-757,-183,-296,-2027,-8052,-126,-75,-40,-38,-377,-216,-226,-160,-658,-653,-173,-69,-727,-291,-142,-192
0.30402925452027785,0.7961759021522447,-1.0,-1.0,-1.0,-1.0,-1.0,-1.0,-1.0,-1.0,-1.0,-1.0,0.8636704714195983,0.5521133278347906,-1.0,-1.0,-1.0,0.4766203179454078,0.5301314730858904,-1.0,-1.0,-1.0,-1.0,-1.0,-1.0,-1.0,-1.0,-1.0,-1.0,-1.0,-1.0,-1.0,-1.0,-1.0,-1.0
