bad_A,bad_B,disc1,disc2,fI,fO_A,fO_B,fP_A,fP_B,fRi,fRo,fS,good_A,good_B,no_disc,pick,put,redo_A,redo_B,sI,sO_A,sO_B,sP_A,sP_B,sQ_A,sQ_Ar,sQ_B,sQ_Br,sRi,sRo,sS,test1,test2,turn1,turn2
-26213,-31869,-531,-419,-400,-227,-192,-589,-14,-612,-228,-790,20540,33349,-539,-774,-207,-8556,-5081,-534,-94,-664,-347,-255,-636,-757,-337,-666,-559,-241,-267,-176,-308,-662,-491
0.8901968615894136,0.15408153827086554,-1.0,-1.0,-1.0,-1.0,-1.0,-1.0,-1.0,-1.0,-1.0,-1.0,0.8600057129556803,0.10005641317329328,-1.0,-1.0,-1.0,0.6369814026487836,0.25163759903521865,-1.0,-1.0,-1.0,-1.0,-1.0,-1.0,-1.0,-1.0,-1.0,-1.0,-1.0,-1.0,-1.0,-1.0,-1.0,-1.0
