bad_A,bad_B,disc1,disc2,fI,fO_A,fO_B,fP_A,fP_B,fRi,fRo,fS,good_A,good_B,no_disc,pick,put,redo_A,redo_B,sI,sO_A,sO_B,sP_A,sP_B,sQ_A,sQ_Ar,sQ_B,sQ_Br,sRi,sRo,sS,test1,test2,turn1,turn2
-34312,-28293,-775,-146,-665,-428,-554,-206,-391,-447,-364,-84,22857,28505,-224,-144,-328,-7918,-2169,-660,-637,-598,-45,-307,-552,-76,-423,-133,-553,-465,-428,-346,-201,-290,-285
0.17711768051662694,0.5384740873781552,-1.0,-1.0,-1.0,-1.0,-1.0,-1.0,-1.0,-1.0,-1.0,-1.0,0.213059363724988,0.867768251429031,-1.0,-1.0,-1.0,0.284156096050737,0.1252680142459851,-1.0,-1.0,-1.0,-1.0,-1.0,-1.0,-1.0,-1.0,-1.0,-1.0,-1.0,-1.0,-1.0,-1.0,-1.0,-1.0
