bad_A,bad_B,disc1,disc2,fI,fO_A,fO_B,fP_A,fP_B,fRi,fRo,fS,good_A,good_B,no_disc,pick,put,redo_A,redo_B,sI,sO_A,sO_B,sP_A,sP_B,sQ_A,sQ_Ar,sQ_B,sQ_Br,sRi,sRo,sS,test1,test2,turn1,turn2
-21791,-23900,-366,-230,-751,-300,-500,-730,-178,-543,-462,-599,30058,38714,-338,-774,-777,-4122,-5482,-364,-700,-276,-638,-630,-305,-34,-107,-444,-604,-682,-522,-229,-605,-243,-628
0.2722952686574452,0.459215137328718,-1.0,-1.0,-1.0,-1.0,-1.0,-1.0,-1.0,-1.0,-1.0,-1.0,0.27857554833958365,0.347218288385871,-1.0,-1.0,-1.0,0.1652066468556604,0.700580682781755,-1.0,-1.0,-1.0,-1.0,-1.0,-1.0,-1.0,-1.0,-1.0,-1.0,-1.0,-1.0,-1.0,-1.0,-1.0,-1.0
