bad_A,bad_B,disc1,disc2,fI,fO_A,fO_B,fP_A,fP_B,fRi,fRo,fS,good_A,good_B,no_disc,pick,put,redo_A,redo_B,sI,sO_A,sO_B,sP_A,sP_B,sQ_A,sQ_Ar,sQ_B,sQ_Br,sRi,sRo,sS,test1,test2,turn1,turn2
-25030,-34648,-275,-782,-791,-234,-235,-480,-745,-762,-673,-651,34572,35049,-558,-609,-447,-3672,-8227,-81,-432,-643,-22,-355,-792,-573,-420,-593,-329,-708,-629,-383,-775,-357,-521
0.17770235016425462,0.5971713509636349,-1.0,-1.0,-1.0,-1.0,-1.0,-1.0,-1.0,-1.0,-1.0,-1.0,0.8229065995225532,0.7275163174357111,-1.0,-1.0,-1.0,0.7599198564175603,0.8225757776919531,-1.0,-1.0,-1.0,-1.0,-1.0,-1.0,-1.0,-1.0,-1.0,-1.0,-1.0,-1.0,-1.0,-1.0,-1.0,-1.0
