bad_A,bad_B,disc1,disc2,fI,fO_A,fO_B,fP_A,fP_B,fRi,fRo,fS,good_A,good_B,no_disc,pick,put,redo_A,redo_B,sI,sO_A,sO_B,sP_A,sP_B,sQ_A,sQ_Ar,sQ_B,sQ_Br,sRi,sRo,sS,test1,test2,turn1,turn2
-30910,-27566,-414,-171,-489,-728,-451,-143,-122,-579,-594,-157,34393,24259,-585,-613,-467,-2285,-2784,-642,-638,-354,-317,-620,-611,-36,-507,-449,-611,-43,-367,-709,-526,-522,-706
0.3164508377298353,0.5646147185847059,-1.0,-1.0,-1.0,-1.0,-1.0,-1.0,-1.0,-1.0,-1.0,-1.0,0.19076898496169747,0.5160396928354561,-1.0,-1.0,-1.0,0.7116915414398665,0.690840699605326,-1.0,-1.0,-1.0,-1.0,-1.0,-1.0,-1.0,-1.0,-1.0,-1.0,-1.0,-1.0,-1.0,-1.0,-1.0,-1.0
