bad_A,bad_B,disc1,disc2,fI,fO_A,fO_B,fP_A,fP_B,fRi,fRo,fS,good_A,good_B,no_disc,pick,put,redo_A,redo_B,sI,sO_A,sO_B,sP_A,sP_B,sQ_A,sQ_Ar,sQ_B,sQ_Br,sRi,sRo,sS,test1,test2,turn1,turn2
-34421,-30847,-16,-728,-726,-236,-346,-773,-563,-703,-569,-254,20678,20886,-106,-19,-764,-1353,-1354,-759,-686,-332,-438,-10,-756,-417,-497,-382,-320,-563,-598,-268,-794,-774,-24
0.3466072874019222,0.8154853966750593,-1.0,-1.0,-1.0,-1.0,-1.0,-1.0,-1.0,-1.0,-1.0,-1.0,0.33940864476969435,0.3008562725517221,-1.0,-1.0,-1.0,0.8424207525495458,0.688323794954722,-1.0,-1.0,-1.0,-1.0,-1.0,-1.0,-1.0,-1.0,-1.0,-1.0,-1.0,-1.0,-1.0,-1.0,-1.0,-1.0
