bad_A,bad_B,disc1,disc2,fI,fO_A,fO_B,fP_A,fP_B,fRi,fRo,fS,good_A,good_B,no_disc,pick,put,redo_A,redo_B,sI,sO_A,sO_B,sP_A,sP_B,sQ_A,sQ_Ar,sQ_B,sQ_Br,sRi,sRo,sS,test1,test2,turn1,turn2
-22875,-36009,-731,-39,-228,-239,-615,-352,-33,-464,-520,-317,35000,33992,-144,-610,-273,-3896,-8963,-244,-539,-486,-494,-368,-732,-186,-504,-578,-667,-313,-144,-644,-552,-33,-464
0.8938374660690583,0.8553720140150527,-1.0,-1.0,-1.0,-1.0,-1.0,-1.0,-1.0,-1.0,-1.0,-1.0,0.7827788423422525,0.8934452652058587,-1.0,-1.0,-1.0,0.1859305657459414,0.6789522327510509,-1.0,-1.0,-1.0,-1.0,-1.0,-1.0,-1.0,-1.0,-1.0,-1.0,-1.0,-1.0,-1.0,-1.0,-1.0,-1.0
