bad_A,bad_B,disc1,disc2,fI,fO_A,fO_B,fP_A,fP_B,fRi,fRo,fS,good_A,good_B,no_disc,pick,put,redo_A,redo_B,sI,sO_A,sO_B,sP_A,sP_B,sQ_A,sQ_Ar,sQ_B,sQ_Br,sRi,sRo,sS,test1,test2,turn1,turn2
-21617,-38462,-355,-503,-159,-215,-767,-190,-330,-622,-346,-490,20963,20472,-536,-437,-273,-4687,-8233,-348,-287,-480,-677,-617,-108,-272,-357,-713,-217,-269,-680,-557,-739,-152,-485
0.160125651359364,0.6878428052948224,-1.0,-1.0,-1.0,-1.0,-1.0,-1.0,-1.0,-1.0,-1.0,-1.0,0.5560570660223004,0.3601112160003689,-1.0,-1.0,-1.0,0.5578325156326803,0.8804284230579243,-1.0,-1.0,-1.0,-1.0,-1.0,-1.0,-1.0,-1.0,-1.0,-1.0,-1.0,-1.0,-1.0,-1.0,-1.0,-1.0
