bad_A,bad_B,disc1,disc2,fI,fO_A,fO_B,fP_A,fP_B,fRi,fRo,fS,good_A,good_B,no_disc,pick,put,redo_A,redo_B,sI,sO_A,sO_B,sP_A,sP_B,sQ_A,sQ_Ar,sQ_B,sQ_Br,sRi,sRo,sS,test1,test2,turn1,turn2
-33987,-36477,-266,-753,-16,-673,-323,-783,-32,-153,-315,-27,39127,34560,-796,-502,-673,-4517,-6712,-539,-450,-317,-613,-352,-617,-673,-94,-694,-180,-213,-753,-446,-282,-255,-666
0.19644562650400071,0.13794151094401733,-1.0,-1.0,-1.0,-1.0,-1.0,-1.0,-1.0,-1.0,-1.0,-1.0,0.5657711064186179,0.20177302852058052,-1.0,-1.0,-1.0,0.4769560861937291,0.72512958474839,-1.0,-1.0,-1.0,-1.0,-1.0,-1.0,-1.0,-1.0,-1.0,-1.0,-1.0,-1.0,-1.0,-1.0,-1.0,-1.0
