bad_A,bad_B,disc1,disc2,fI,fO_A,fO_B,fP_A,fP_B,fRi,fRo,fS,good_A,good_B,no_disc,pick,put,redo_A,redo_B,sI,sO_A,sO_B,sP_A,sP_B,sQ_A,sQ_Ar,sQ_B,sQ_Br,sRi,sRo,sS,test1,test2,turn1,turn2
-28272,-27429,-583,-780,-783,-625,-560,-432,-638,-587,-331,-392,23808,32733,-300,-554,-733,-8539,-7877,-360,-161,-316,-525,-641,-723,-422,-544,-235,-94,-311,-543,-629,-168,-231,-733
0.1538951746501855,0.7479797275093815,-1.0,-1.0,-1.0,-1.0,-1.0,-1.0,-1.0,-1.0,-1.0,-1.0,0.34531302721188806,0.46938210039796524,-1.0,-1.0,-1.0,0.31628361652967163,0.8568759057832799,-1.0,-1.0,-1.0,-1.0,-1.0,-1.0,-1.0,-1.0,-1.0,-1.0,-1.0,-1.0,-1.0,-1.0,-1.0,-1.0
