bad_A,bad_B,disc1,disc2,fI,fO_A,fO_B,fP_A,fP_B,fRi,fRo,fS,good_A,good_B,no_disc,pick,put,redo_A,redo_B,sI,sO_A,sO_B,sP_A,sP_B,sQ_A,sQ_Ar,sQ_B,sQ_Br,sRi,sRo,sS,test1,test2,turn1,turn2
-29581,-39869,-412,-726,-490,-395,-606,-442,-189,-333,-655,-556,22762,29446,-601,-105,-791,-6445,-2572,-266,-626,-112,-434,-618,-475,-788,-385,-338,-738,-16,-529,-249,-363,-785,-11
0.3036800664183894,0.18403896856220925,-1.0,-1.0,-1.0,-1.0,-1.0,-1.0,-1.0,-1.0,-1.0,-1.0,0.5148200853737642,0.3774204718796911,-1.0,-1.0,-1.0,0.5853781385463929,0.4520401476598249,-1.0,-1.0,-1.0,-1.0,-1.0,-1.0,-1.0,-1.0,-1.0,-1.0,-1.0,-1.0,-1.0,-1.0,-1.0,-1.0
