bad_A,bad_B,disc1,disc2,fI,fO_A,fO_B,fP_A,fP_B,fRi,fRo,fS,good_A,good_B,no_disc,pick,put,redo_A,redo_B,sI,sO_A,sO_B,sP_A,sP_B,sQ_A,sQ_Ar,sQ_B,sQ_Br,sRi,sRo,sS,test1,test2,turn1,turn2
-38309,-27747,-337,-626,-738,-578,-203,-83,-351,-292,-176,-47,37043,22012,-542,-164,-411,-8813,-1131,-119,-725,-564,-77,-742,-553,-123,-611,-737,-350,-448,-721,-373,-81,-714,-320
0.6450760238643927,0.4384517372553902,-1.0,-1.0,-1.0,-1.0,-1.0,-1.0,-1.0,-1.0,-1.0,-1.0,0.7183283766143288,0.4776708610453485,-1.0,-1.0,-1.0,0.7609810097999684,0.7746079636500166,-1.0,-1.0,-1.0,-1.0,-1.0,-1.0,-1.0,-1.0,-1.0,-1.0,-1.0,-1.0,-1.0,-1.0,-1.0,-1.0
