bad_A,bad_B,disc1,disc2,fI,fO_A,fO_B,fP_A,fP_B,fRi,fRo,fS,good_A,good_B,no_disc,pick,put,redo_A,redo_B,sI,sO_A,sO_B,sP_A,sP_B,sQ_A,sQ_Ar,sQ_B,sQ_Br,sRi,sRo,sS,test1,test2,turn1,turn2
-35207,-37057,-766,-646,-618,-59,-57,-357,-37,-180,-231,-102,30319,23712,-268,-35,-519,-4924,-4795,-59,-428,-26,-380,-200,-394,-406,-407,-535,-387,-459,-334,-216,-522,-511,-478
0.4857127723774879,0.8053565089502055,-1.0,-1.0,-1.0,-1.0,-1.0,-1.0,-1.0,-1.0,-1.0,-1.0,0.2750123292884996,0.12249432978835904,-1.0,-1.0,-1.0,0.43953465993273744,0.42115505652076624,-1.0,-1.0,-1.0,-1.0,-1.0,-1.0,-1.0,-1.0,-1.0,-1.0,-1.0,-1.0,-1.0,-1.0,-1.0,-1.0
