bad_A,bad_B,disc1,disc2,fI,fO_A,fO_B,fP_A,fP_B,fRi,fRo,fS,good_A,good_B,no_disc,pick,put,redo_A,redo_B,sI,sO_A,sO_B,sP_A,sP_B,sQ_A,sQ_Ar,sQ_B,sQ_Br,sRi,sRo,sS,test1,test2,turn1,turn2
-38387,-39407,-31,-531,-233,-605,-556,-750,-73,-509,-149,-599,39551,28341,-283,-611,-630,-6848,-8669,-435,-302,-339,-11,-176,-403,-285,-94,-84,-496,-212,-710,-497,-110,-694,-172
0.5439052760908426,0.3233198057034069,-1.0,-1.0,-1.0,-1.0,-1.0,-1.0,-1.0,-1.0,-1.0,-1.0,0.6816355109817609,0.14574861012594909,-1.0,-1.0,-1.0,0.6332902580508388,0.1371597428884991,-1.0,-1.0,-1.0,-1.0,-1.0,-1.0,-1.0,-1.0,-1.0,-1.0,-1.0,-1.0,-1.0,-1.0,-1.0,-1.0
