bad_A,bad_B,disc1,disc2,fI,fO_A,fO_B,fP_A,fP_B,fRi,fRo,fS,good_A,good_B,no_disc,pick,put,redo_A,redo_B,sI,sO_A,sO_B,sP_A,sP_B,sQ_A,sQ_Ar,sQ_B,sQ_Br,sRi,sRo,sS,test1,test2,turn1,turn2
-39717,-30949,-90,-791,-216,-34,-470,-569,-202,-603,-327,-532,26203,22185,-325,-283,-31,-8647,-7991,-703,-481,-545,-116,-573,-182,-342,-51,-611,-223,-352,-602,-276,-312,-197,-252
0.44822440491223603,0.18960127653962955,-1.0,-1.0,-1.0,-1.0,-1.0,-1.0,-1.0,-1.0,-1.0,-1.0,0.32740133731528176,0.8415509379261947,-1.0,-1.0,-1.0,0.22661697753374233,0.5810149931738033,-1.0,-1.0,-1.0,-1.0,-1.0,-1.0,-1.0,-1.0,-1.0,-1.0,-1.0,-1.0,-1.0,-1.0,-1.0,-1.0
