bad_A,bad_B,disc1,disc2,fI,fO_A,fO_B,fP_A,fP_B,fRi,fRo,fS,good_A,good_B,no_disc,pick,put,redo_A,redo_B,sI,sO_A,sO_B,sP_A,sP_B,sQ_A,sQ_Ar,sQ_B,sQ_Br,sRi,sRo,sS,test1,test2,turn1,turn2
-39007,-30522,-448,-283,-680,-173,-64,-422,-121,-287,-277,-261,22907,34714,-731,-734,-254,-6730,-1123,-641,-49,-650,-738,-695,-250,-559,-72,-783,-778,-727,-53,-170,-684,-332,-480
0.4369271769545,0.2206786985284393,-1.0,-1.0,-1.0,-1.0,-1.0,-1.0,-1.0,-1.0,-1.0,-1.0,0.48757490906157497,0.2191305935050515,-1.0,-1.0,-1.0,0.10477949490223103,0.8291315342581573,-1.0,-1.0,-1.0,-1.0,-1.0,-1.0,-1.0,-1.0,-1.0,-1.0,-1.0,-1.0,-1.0,-1.0,-1.0,-1.0
