bad_A,bad_B,disc1,disc2,fI,fO_A,fO_B,fP_A,fP_B,fRi,fRo,fS,good_A,good_B,no_disc,pick,put,redo_A,redo_B,sI,sO_A,sO_B,sP_A,sP_B,sQ_A,sQ_Ar,sQ_B,sQ_Br,sRi,sRo,sS,test1,test2,turn1,turn2
-26922,-35128,-715,-599,-255,-609,-310,-288,-168,-657,-190,-367,32964,24893,-75,-210,-159,-8969,-2148,-342,-693,-511,-506,-298,-121,-764,-317,-561,-695,-522,-721,-463,-274,-571,-535
0.5518333875181968,0.44730731783279665,-1.0,-1.0,-1.0,-1.0,-1.0,-1.0,-1.0,-1.0,-1.0,-1.0,0.31071975102859667,0.45070804755834315,-1.0,-1.0,-1.0,0.12536190747309803,0.3855185838675068,-1.0,-1.0,-1.0,-1.0,-1.0,-1.0,-1.0,-1.0,-1.0,-1.0,-1.0,-1.0,-1.0,-1.0,-1.0,-1.0
