bad_A,bad_B,disc1,disc2,fI,fO_A,fO_B,fP_A,fP_B,fRi,fRo,fS,good_A,good_B,no_disc,pick,put,redo_A,redo_B,sI,sO_A,sO_B,sP_A,sP_B,sQ_A,sQ_Ar,sQ_B,sQ_Br,sRi,sRo,sS,test1,test2,turn1,turn2
-28265,-35689,-278,-578,-648,-608,-38,-254,-604,-108,-591,-102,22414,38415,-329,-275,-152,-8339,-7090,-82,-275,-212,-774,-170,-34,-585,-650,-174,-718,-786,-688,-510,-680,-119,-794
0.8793952985326617,0.24834133044881845,-1.0,-1.0,-1.0,-1.0,-1.0,-1.0,-1.0,-1.0,-1.0,-1.0,0.1254725173861739,0.6293448527938255,-1.0,-1.0,-1.0,0.14817434373994917,0.6710944249870193,-1.0,-1.0,-1.0,-1.0,-1.0,-1.0,-1.0,-1.0,-1.0,-1.0,-1.0,-1.0,-1.0,-1.0,-1.0,-1.0
