bad_A,bad_B,disc1,disc2,fI,fO_A,fO_B,fP_A,fP_B,fRi,fRo,fS,good_A,good_B,no_disc,pick,put,redo_A,redo_B,sI,sO_A,sO_B,sP_A,sP_B,sQ_A,sQ_Ar,sQ_B,sQ_Br,sRi,sRo,sS,test1,test2,turn1,turn2
-27422,-25110,-206,-299,-235,-47,-456,-427,-101,-321,-83,-89,20230,28896,-795,-20,-674,-8013,-1029,-170,-252,-296,-425,-753,-798,-698,-294,-197,-500,-364,-685,-199,-395,-728,-559
0.7571271626298243,0.2595134544688189,-1.0,-1.0,-1.0,-1.0,-1.0,-1.0,-1.0,-1.0,-1.0,-1.0,0.45523618107082364,0.6370584394455054,-1.0,-1.0,-1.0,0.5324584074478903,0.6702394244115114,-1.0,-1.0,-1.0,-1.0,-1.0,-1.0,-1.0,-1.0,-1.0,-1.0,-1.0,-1.0,-1.0,-1.0,-1.0,-1.0
