bad_A,bad_B,disc1,disc2,fI,fO_A,fO_B,fP_A,fP_B,fRi,fRo,fS,good_A,good_B,no_disc,pick,put,redo_A,redo_B,sI,sO_A,sO_B,sP_A,sP_B,sQ_A,sQ_Ar,sQ_B,sQ_Br,sRi,sRo,sS,test1,test2,turn1,turn2
-34645,-30741,-124,-757,-487,-447,-520,-402,-241,-56,-206,-445,34690,24510,-12,-462,-29,-3102,-5665,-502,-719,-574,-672,-448,-459,-102,-771,-789,-530,-229,-278,-590,-298,-63,-358
0.8794013504541407,0.729972490508015,-1.0,-1.0,-1.0,-1.0,-1.0,-1.0,-1.0,-1.0,-1.0,-1.0,0.5282127816559004,0.8620330432641181,-1.0,-1.0,-1.0,0.10674837607991111,0.650203670610171,-1.0,-1.0,-1.0,-1.0,-1.0,-1.0,-1.0,-1.0,-1.0,-1.0,-1.0,-1.0,-1.0,-1.0,-1.0,-1.0
