bad_A,bad_B,disc1,disc2,fI,fO_A,fO_B,fP_A,fP_B,fRi,fRo,fS,good_A,good_B,no_disc,pick,put,redo_A,redo_B,sI,sO_A,sO_B,sP_A,sP_B,sQ_A,sQ_Ar,sQ_B,sQ_Br,sRi,sRo,sS,test1,test2,turn1,turn2
-36043,-22095,-786,-281,-562,-357,-270,-299,-722,-519,-441,-674,29670,20660,-447,-97,-20,-4066,-6222,-188,-794,-676,-573,-788,-482,-465,-719,-339,-270,-237,-777,-741,-276,-15,-590
0.2051591868240414,0.6865141303945421,-1.0,-1.0,-1.0,-1.0,-1.0,-1.0,-1.0,-1.0,-1.0,-1.0,0.890629715012339,0.3697383206403867,-1.0,-1.0,-1.0,0.7861692331319151,0.8921021173603637,-1.0,-1.0,-1.0,-1.0,-1.0,-1.0,-1.0,-1.0,-1.0,-1.0,-1.0,-1.0,-1.0,-1.0,-1.0,-1.0
