bad_A,bad_B,disc1,disc2,fI,fO_A,fO_B,fP_A,fP_B,fRi,fRo,fS,good_A,good_B,no_disc,pick,put,redo_A,redo_B,sI,sO_A,sO_B,sP_A,sP_B,sQ_A,sQ_Ar,sQ_B,sQ_Br,sRi,sRo,sS,test1,test2,turn1,turn2
-22464,-21958,-224,-613,-536,-199,-342,-654,-557,-286,-783,-754,23793,38892,-732,-318,-493,-2525,-3631,-799,-295,-268,-495,-275,-728,-202,-344,-601,-756,-481,-93,-203,-414,-719,-327
0.35126211551986797,0.3589697941488992,-1.0,-1.0,-1.0,-1.0,-1.0,-1.0,-1.0,-1.0,-1.0,-1.0,0.4334075406896183,0.17434457346278504,-1.0,-1.0,-1.0,0.77462647969265,0.5488956520444112,-1.0,-1.0,-1.0,-1.0,-1.0,-1.0,-1.0,-1.0,-1.0,-1.0,-1.0,-1.0,-1.0,-1.0,-1.0,-1.0
