bad_A,bad_B,disc1,disc2,fI,fO_A,fO_B,fP_A,fP_B,fRi,fRo,fS,good_A,good_B,no_disc,pick,put,redo_A,redo_B,sI,sO_A,sO_B,sP_A,sP_B,sQ_A,sQ_Ar,sQ_B,sQ_Br,sRi,sRo,sS,test1,test2,turn1,turn2
-34145,-20385,-636,-590,-339,-462,-719,-376,-274,-580,-255,-333,26558,32613,-562,-108,-702,-8609,-5000,-306,-253,-741,-302,-731,-650,-169,-122,-701,-565,-179,-782,-536,-15,-257,-764
0.38183439925063734,0.44459163133463075,-1.0,-1.0,-1.0,-1.0,-1.0,-1.0,-1.0,-1.0,-1.0,-1.0,0.8525671608386062,0.28497999883321495,-1.0,-1.0,-1.0,0.747894571750125,0.763862500767104,-1.0,-1.0,-1.0,-1.0,-1.0,-1.0,-1.0,-1.0,-1.0,-1.0,-1.0,-1.0,-1.0,-1.0,-1.0,-1.0
