bad_A,bad_B,disc1,disc2,fI,fO_A,fO_B,fP_A,fP_B,fRi,fRo,fS,good_A,good_B,no_disc,pick,put,redo_A,redo_B,sI,sO_A,sO_B,sP_A,sP_B,sQ_A,sQ_Ar,sQ_B,sQ_Br,sRi,sRo,sS,test1,test2,turn1,turn2
-21337,-26465,-115,-696,-97,-423,-27,-492,-279,-308,-711,-432,31917,21987,-576,-531,-692,-5333,-5792,-56,-573,-569,-430,-239,-602,-702,-722,-474,-52,-651,-412,-448,-798,-358,-524
0.7635103176841682,0.6602563557637485,-1.0,-1.0,-1.0,-1.0,-1.0,-1.0,-1.0,-1.0,-1.0,-1.0,0.17086819008667692,0.5775402262277116,-1.0,-1.0,-1.0,0.16493391868892227,0.163480620390213,-1.0,-1.0,-1.0,-1.0,-1.0,-1.0,-1.0,-1.0,-1.0,-1.0,-1.0,-1.0,-1.0,-1.0,-1.0,-1.0
