bad_A,bad_B,fI,fO_A,fO_B,fP_A,fp_B,fRi,fRo,fS,good_A,good_B,redo_A,redo_B,sI,sO_A,sO_B,sP_A,sP_B,sQ_A,sQ_Ar,sQ_B,sQ_Br,sRi,sRo,sS
-33428,-37096,-776,-97,-58,-681,-108,-451,-714,-400,29788,28823,-7449,-7808,-75,-799,-416,-311,-458,-461,-193,-101,-218,-512,-361,-628
0.5810248630797935,0.8465959534197863,-1.0,-1.0,-1.0,-1.0,-1.0,-1.0,-1.0,-1.0,0.7935176123713121,0.8254000360101286,0.5707981769297524,0.14800090921017528,-1.0,-1.0,-1.0,-1.0,-1.0,-1.0,-1.0,-1.0,-1.0,-1.0,-1.0,-1.0
