bad_A,bad_B,fI,fO_A,fO_B,fP_A,fp_B,fRi,fRo,fS,good_A,good_B,redo_A,redo_B,sI,sO_A,sO_B,sP_A,sP_B,sQ_A,sQ_Ar,sQ_B,sQ_Br,sRi,sRo,sS
-26097,-36815,-108,-681,-43,-326,-108,-263,-719,-64,28366,36518,-5179,-8604,-346,-84,-464,-342,-352,-641,-149,-309,-428,-605,-661,-597
0.5198861042575217,0.631597773766891,-1.0,-1.0,-1.0,-1.0,-1.0,-1.0,-1.0,-1.0,0.645492930344475,0.7910192355328056,0.12533896894178984,0.5473192021481181,-1.0,-1.0,-1.0,-1.0,-1.0,-1.0,-1.0,-1.0,-1.0,-1.0,-1.0,-1.0
