bad_A,bad_B,fI,fO_A,fO_B,fP_A,fp_B,fRi,fRo,fS,good_A,good_B,redo_A,redo_B,sI,sO_A,sO_B,sP_A,sP_B,sQ_A,sQ_Ar,sQ_B,sQ_Br,sRi,sRo,sS
-24084,-35320,-306,-612,-595,-631,-192,-101,-749,-136,29301,29857,-1353,-2790,-666,-73,-749,-598,-424,-624,-10,-37,-625,-779,-647,-477
0.43399410514393455,0.7603104031158824,-1.0,-1.0,-1.0,-1.0,-1.0,-1.0,-1.0,-1.0,0.26981041413070017,0.8692514941004531,0.6992919895180706,0.33335643604882065,-1.0,-1.0,-1.0,-1.0,-1.0,-1.0,-1.0,-1.0,-1.0,-1.0,-1.0,-1.0
