bad_A,bad_B,fI,fO_A,fO_B,fP_A,fp_B,fRi,fRo,fS,good_A,good_B,redo_A,redo_B,sI,sO_A,sO_B,sP_A,sP_B,sQ_A,sQ_Ar,sQ_B,sQ_Br,sRi,sRo,sS
-35965,-29269,-381,-525,-319,-84,-272,-544,-46,-293,34910,20002,-4818,-6043,-133,-367,-668,-649,-749,-141,-373,-26,-607,-464,-307,-260
0.3030525711911969,0.5848124209960369,-1.0,-1.0,-1.0,-1.0,-1.0,-1.0,-1.0,-1.0,0.7829405225005859,0.7998080019758687,0.4400220789266539,0.2099875028601943,-1.0,-1.0,-1.0,-1.0,-1.0,-1.0,-1.0,-1.0,-1.0,-1.0,-1.0,-1.0
