bad_A,bad_B,fI,fO_A,fO_B,fP_A,fp_B,fRi,fRo,fS,good_A,good_B,redo_A,redo_B,sI,sO_A,sO_B,sP_A,sP_B,sQ_A,sQ_Ar,sQ_B,sQ_Br,sRi,sRo,sS
-22283,-35877,-252,-585,-451,-748,-456,-701,-125,-101,34337,26465,-2834,-1682,-42,-99,-778,-384,-673,-666,-10,-221,-670,-538,-297,-32
0.2885508488977252,0.40947298300098856,-1.0,-1.0,-1.0,-1.0,-1.0,-1.0,-1.0,-1.0,0.41748312019507317,0.47067608593549204,0.4357145003428736,0.31817034520307275,-1.0,-1.0,-1.0,-1.0,-1.0,-1.0,-1.0,-1.0,-1.0,-1.0,-1.0,-1.0
