bad_A,bad_B,fI,fO_A,fO_B,fP_A,fp_B,fRi,fRo,fS,good_A,good_B,redo_A,redo_B,sI,sO_A,sO_B,sP_A,sP_B,sQ_A,sQ_Ar,sQ_B,sQ_Br,sRi,sRo,sS
-24385,-37830,-740,-710,-607,-122,-574,-632,-502,-639,35621,24194,-1735,-1791,-514,-83,-107,-21,-426,-474,-132,-361,-689,-394,-512,-653
0.3677594163433697,0.1567580553880329,-1.0,-1.0,-1.0,-1.0,-1.0,-1.0,-1.0,-1.0,0.841625941091703,0.4076892012914124,0.49027194639092675,0.14273859471523764,-1.0,-1.0,-1.0,-1.0,-1.0,-1.0,-1.0,-1.0,-1.0,-1.0,-1.0,-1.0
