bad_A,bad_B,fI,fO_A,fO_B,fP_A,fp_B,fRi,fRo,fS,good_A,good_B,redo_A,redo_B,sI,sO_A,sO_B,sP_A,sP_B,sQ_A,sQ_Ar,sQ_B,sQ_Br,sRi,sRo,sS
-27027,-34134,-210,-160,-373,-55,-38,-673,-678,-664,36512,30418,-1229,-5706,-775,-663,-640,-390,-211,-68,-211,-66,-733,-518,-689,-244
0.17783492191727124,0.8020876984236365,-1.0,-1.0,-1.0,-1.0,-1.0,-1.0,-1.0,-1.0,0.4756122554022255,0.6357892893256689,0.31338432824846996,0.6123917978316994,-1.0,-1.0,-1.0,-1.0,-1.0,-1.0,-1.0,-1.0,-1.0,-1.0,-1.0,-1.0
