bad_A,bad_B,fI,fO_A,fO_B,fP_A,fp_B,fRi,fRo,fS,good_A,good_B,redo_A,redo_B,sI,sO_A,sO_B,sP_A,sP_B,sQ_A,sQ_Ar,sQ_B,sQ_Br,sRi,sRo,sS
-34032,-28561,-223,-84,-795,-412,-204,-553,-289,-775,34824,38921,-4157,-5171,-383,-64,-380,-778,-13,-402,-388,-425,-342,-642,-318,-128
0.7144835489287685,0.24168953397882584,-1.0,-1.0,-1.0,-1.0,-1.0,-1.0,-1.0,-1.0,0.13895575080447342,0.3819011379518361,0.37074166358929417,0.6018255966865242,-1.0,-1.0,-1.0,-1.0,-1.0,-1.0,-1.0,-1.0,-1.0,-1.0,-1.0,-1.0
