bad_A,bad_B,fI,fO_A,fO_B,fP_A,fp_B,fRi,fRo,fS,good_A,good_B,redo_A,redo_B,sI,sO_A,sO_B,sP_A,sP_B,sQ_A,sQ_Ar,sQ_B,sQ_Br,sRi,sRo,sS
-37978,-36333,-35,-495,-222,-214,-141,-722,-505,-174,33353,33397,-2630,-5500,-245,-337,-46,-253,-288,-536,-775,-364,-324,-156,-626,-507
0.38680311297544356,0.7784799470872484,-1.0,-1.0,-1.0,-1.0,-1.0,-1.0,-1.0,-1.0,0.6339547562026497,0.38266994360225304,0.4956982479362486,0.8408805915493858,-1.0,-1.0,-1.0,-1.0,-1.0,-1.0,-1.0,-1.0,-1.0,-1.0,-1.0,-1.0
