bad_A,bad_B,disc1,disc2,fI,fO_A,fO_B,fP_A,fP_B,fRi,fRo,fS,good_A,good_B,no_disc,pick,put,redo_A,redo_B,sI,sO_A,sO_B,sP_A,sP_B,sQ_A,sQ_Ar,sQ_B,sQ_Br,sRi,sRo,sS,test1,test2,turn1,turn2
-22826,-31688,-46,-114,-677,-562,-385,-588,-479,-704,-121,-84,39547,38871,-195,-776,-260,-7315,-6691,-323,-316,-658,-285,-67,-33,-231,-186,-649,-346,-360,-124,-623,-480,-211,-388
0.4872679857765878,0.8164804640575116,-1.0,-1.0,-1.0,-1.0,-1.0,-1.0,-1.0,-1.0,-1.0,-1.0,0.5193690729454862,0.5225914597163358,-1.0,-1.0,-1.0,0.18166143858374717,0.5206939376396836,-1.0,-1.0,-1.0,-1.0,-1.0,-1.0,-1.0,-1.0,-1.0,-1.0,-1.0,-1.0,-1.0,-1.0,-1.0,-1.0
