bad_A,bad_B,disc1,disc2,fI,fO_A,fO_B,fP_A,fP_B,fRi,fRo,fS,good_A,good_B,no_disc,pick,put,redo_A,redo_B,sI,sO_A,sO_B,sP_A,sP_B,sQ_A,sQ_Ar,sQ_B,sQ_Br,sRi,sRo,sS,test1,test2,turn1,turn2
-33584,-39066,-564,-455,-224,-368,-175,-24,-799,-575,-268,-109,30237,24672,-599,-435,-171,-1332,-4454,-41,-519,-247,-762,-160,-462,-800,-351,-155,-594,-578,-731,-722,-81,-84,-180
0.5800069700606908,0.7158640298184683,-1.0,-1.0,-1.0,-1.0,-1.0,-1.0,-1.0,-1.0,-1.0,-1.0,0.6690095750626941,0.485209149385989,-1.0,-1.0,-1.0,0.27398678118109476,0.31575290937006917,-1.0,-1.0,-1.0,-1.0,-1.0,-1.0,-1.0,-1.0,-1.0,-1.0,-1.0,-1.0,-1.0,-1.0,-1.0,-1.0
