bad_A,bad_B,disc1,disc2,fI,fO_A,fO_B,fP_A,fP_B,fRi,fRo,fS,good_A,good_B,no_disc,pick,put,redo_A,redo_B,sI,sO_A,sO_B,sP_A,sP_B,sQ_A,sQ_Ar,sQ_B,sQ_Br,sRi,sRo,sS,test1,test2,turn1,turn2
-30786,-28256,-223,-120,-131,-686,-413,-673,-553,-635,-515,-490,30300,26289,-674,-469,-93,-1436,-6832,-361,-434,-633,-231,-468,-354,-361,-797,-599,-107,-567,-47,-574,-362,-232,-788
0.3640790269547257,0.31640808668434806,-1.0,-1.0,-1.0,-1.0,-1.0,-1.0,-1.0,-1.0,-1.0,-1.0,0.10345599487208341,0.6066046107942002,-1.0,-1.0,-1.0,0.659758899995306,0.42669731369324626,-1.0,-1.0,-1.0,-1.0,-1.0,-1.0,-1.0,-1.0,-1.0,-1.0,-1.0,-1.0,-1.0,-1.0,-1.0,-1.0
