bad_A,bad_B,disc1,disc2,fI,fO_A,fO_B,fP_A,fP_B,fRi,fRo,fS,good_A,good_B,no_disc,pick,put,redo_A,redo_B,sI,sO_A,sO_B,sP_A,sP_B,sQ_A,sQ_Ar,sQ_B,sQ_Br,sRi,sRo,sS,test1,test2,turn1,turn2
-37384,-28196,-340,-29,-746,-139,-20,-179,-557,-127,-193,-348,39592,38230,-84,-183,-153,-5611,-6456,-375,-557,-694,-614,-216,-352,-37,-374,-138,-416,-754,-241,-256,-99,-145,-363
0.3675072782762403,0.7551910836020848,-1.0,-1.0,-1.0,-1.0,-1.0,-1.0,-1.0,-1.0,-1.0,-1.0,0.13374013333251417,0.24493212225412977,-1.0,-1.0,-1.0,0.6156879267423351,0.5116366233211526,-1.0,-1.0,-1.0,-1.0,-1.0,-1.0,-1.0,-1.0,-1.0,-1.0,-1.0,-1.0,-1.0,-1.0,-1.0,-1.0
