bad_A,bad_B,disc1,disc2,fI,fO_A,fO_B,fP_A,fP_B,fRi,fRo,fS,good_A,good_B,no_disc,pick,put,redo_A,redo_B,sI,sO_A,sO_B,sP_A,sP_B,sQ_A,sQ_Ar,sQ_B,sQ_Br,sRi,sRo,sS,test1,test2,turn1,turn2
-22972,-32966,-280,-531,-588,-504,-475,-263,-189,-300,-389,-397,36336,21654,-347,-732,-561,-6693,-3831,-396,-731,-666,-235,-532,-455,-131,-44,-700,-763,-699,-759,-538,-146,-142,-696
0.4873582878176723,0.5434473352484258,-1.0,-1.0,-1.0,-1.0,-1.0,-1.0,-1.0,-1.0,-1.0,-1.0,0.7684282781739683,0.15594233188434378,-1.0,-1.0,-1.0,0.45171486829226903,0.1329175128398724,-1.0,-1.0,-1.0,-1.0,-1.0,-1.0,-1.0,-1.0,-1.0,-1.0,-1.0,-1.0,-1.0,-1.0,-1.0,-1.0
