bad_A,bad_B,disc1,disc2,fI,fO_A,fO_B,fP_A,fP_B,fRi,fRo,fS,good_A,good_B,no_disc,pick,put,redo_A,redo_B,sI,sO_A,sO_B,sP_A,sP_B,sQ_A,sQ_Ar,sQ_B,sQ_Br,sRi,sRo,sS,test1,test2,turn1,turn2
-28676,-33995,-483,-364,-527,-362,-68,-161,-68,-27,-642,-241,36510,34116,-163,-785,-234,-4357,-5973,-345,-619,-204,-582,-304,-243,-429,-194,-271,-83,-569,-141,-574,-302,-654,-468
0.7819607352075707,0.7128407898323624,-1.0,-1.0,-1.0,-1.0,-1.0,-1.0,-1.0,-1.0,-1.0,-1.0,0.31361670666312236,0.28698439257421016,-1.0,-1.0,-1.0,0.14628511187270155,0.7049834332548021,-1.0,-1.0,-1.0,-1.0,-1.0,-1.0,-1.0,-1.0,-1.0,-1.0,-1.0,-1.0,-1.0,-1.0,-1.0,-1.0
