bad_A,bad_B,disc1,disc2,fI,fO_A,fO_B,fP_A,fP_B,fRi,fRo,fS,good_A,good_B,no_disc,pick,put,redo_A,redo_B,sI,sO_A,sO_B,sP_A,sP_B,sQ_A,sQ_Ar,sQ_B,sQ_Br,sRi,sRo,sS,test1,test2,turn1,turn2
-32635,-26911,-528,-149,-190,-221,-239,-462,-79,-245,-664,-393,35691,24869,-124,-274,-40,-1242,-2500,-358,-609,-162,-127,-100,-125,-624,-222,-547,-317,-697,-322,-279,-180,-659,-542
0.6415954526781167,0.5551393889654944,-1.0,-1.0,-1.0,-1.0,-1.0,-1.0,-1.0,-1.0,-1.0,-1.0,0.41879815942991494,0.4998725735999078,-1.0,-1.0,-1.0,0.7390673092119112,0.6095561111765739,-1.0,-1.0,-1.0,-1.0,-1.0,-1.0,-1.0,-1.0,-1.0,-1.0,-1.0,-1.0,-1.0,-1.0,-1.0,-1.0
