bad_A,bad_B,disc1,disc2,fI,fO_A,fO_B,fP_A,fP_B,fRi,fRo,fS,good_A,good_B,no_disc,pick,put,redo_A,redo_B,sI,sO_A,sO_B,sP_A,sP_B,sQ_A,sQ_Ar,sQ_B,sQ_Br,sRi,sRo,sS,test1,test2,turn1,turn2
-37368,-26840,-425,-540,-279,-204,-567,-728,-726,-320,-126,-730,39115,25585,-452,-687,-310,-5825,-7171,-560,-40,-260,-243,-622,-241,-369,-276,-588,-88,-32,-762,-713,-136,-37,-565
0.2299933881388445,0.4113311690126037,-1.0,-1.0,-1.0,-1.0,-1.0,-1.0,-1.0,-1.0,-1.0,-1.0,0.37098585828202935,0.4808793948625424,-1.0,-1.0,-1.0,0.43188870958447667,0.34666219223905825,-1.0,-1.0,-1.0,-1.0,-1.0,-1.0,-1.0,-1.0,-1.0,-1.0,-1.0,-1.0,-1.0,-1.0,-1.0,-1.0
