bad_A,bad_B,disc1,disc2,fI,fO_A,fO_B,fP_A,fP_B,fRi,fRo,fS,good_A,good_B,no_disc,pick,put,redo_A,redo_B,sI,sO_A,sO_B,sP_A,sP_B,sQ_A,sQ_Ar,sQ_B,sQ_Br,sRi,sRo,sS,test1,test2,turn1,turn2
-38239,-39676,-725,-301,-53,-530,-212,-446,-517,-242,-768,-374,22960,27944,-707,-377,-685,-6421,-3370,-722,-141,-202,-265,-341,-516,-350,-337,-667,-682,-756,-53,-438,-250,-322,-218
0.1490415901502237,0.5412022425970556,-1.0,-1.0,-1.0,-1.0,-1.0,-1.0,-1.0,-1.0,-1.0,-1.0,0.27870859383479163,0.22370989926568008,-1.0,-1.0,-1.0,0.7328653387102729,0.15861460120378315,-1.0,-1.0,-1.0,-1.0,-1.0,-1.0,-1.0,-1.0,-1.0,-1.0,-1.0,-1.0,-1.0,-1.0,-1.0,-1.0
