bad_A,bad_B,disc1,disc2,fI,fO_A,fO_B,fP_A,fP_B,fRi,fRo,fS,good_A,good_B,no_disc,pick,put,redo_A,redo_B,sI,sO_A,sO_B,sP_A,sP_B,sQ_A,sQ_Ar,sQ_B,sQ_Br,sRi,sRo,sS,test1,test2,turn1,turn2
-27013,-20704,-43,-442,-776,-156,-172,-180,-571,-545,-206,-712,38078,20979,-573,-355,-108,-8238,-5740,-152,-626,-728,-489,-239,-572,-130,-78,-221,-485,-413,-398,-776,-16,-276,-682
0.5737174706744929,0.6082861964647391,-1.0,-1.0,-1.0,-1.0,-1.0,-1.0,-1.0,-1.0,-1.0,-1.0,0.3781686372880054,0.3803558204771357,-1.0,-1.0,-1.0,0.20413041667868825,0.3801375142004594,-1.0,-1.0,-1.0,-1.0,-1.0,-1.0,-1.0,-1.0,-1.0,-1.0,-1.0,-1.0,-1.0,-1.0,-1.0,-1.0
