bad_A,bad_B,disc1,disc2,fI,fO_A,fO_B,fP_A,fP_B,fRi,fRo,fS,good_A,good_B,no_disc,pick,put,redo_A,redo_B,sI,sO_A,sO_B,sP_A,sP_B,sQ_A,sQ_Ar,sQ_B,sQ_Br,sRi,sRo,sS,test1,test2,turn1,turn2
-38256,-39672,-88,-363,-764,-373,-26,-748,-394,-748,-559,-548,30092,25433,-623,-212,-74,-5733,-7271,-762,-716,-682,-338,-774,-103,-59,-641,-429,-178,-188,-160,-379,-687,-118,-732
0.6781747768819624,0.1687403796985624,-1.0,-1.0,-1.0,-1.0,-1.0,-1.0,-1.0,-1.0,-1.0,-1.0,0.8774438670090626,0.26604766847273487,-1.0,-1.0,-1.0,0.1347599688277722,0.5651910046488997,-1.0,-1.0,-1.0,-1.0,-1.0,-1.0,-1.0,-1.0,-1.0,-1.0,-1.0,-1.0,-1.0,-1.0,-1.0,-1.0
