bad_A,bad_B,disc1,disc2,fI,fO_A,fO_B,fP_A,fP_B,fRi,fRo,fS,good_A,good_B,no_disc,pick,put,redo_A,redo_B,sI,sO_A,sO_B,sP_A,sP_B,sQ_A,sQ_Ar,sQ_B,sQ_Br,sRi,sRo,sS,test1,test2,turn1,turn2
-39801,-26480,-783,-288,-726,-528,-649,-371,-462,-497,-534,-131,27966,22751,-752,-648,-279,-1530,-4465,-480,-568,-577,-384,-449,-446,-175,-623,-394,-646,-646,-383,-191,-440,-639,-587
0.3378764399075683,0.7453038993150548,-1.0,-1.0,-1.0,-1.0,-1.0,-1.0,-1.0,-1.0,-1.0,-1.0,0.2490412684239119,0.5330516582460667,-1.0,-1.0,-1.0,0.6663727491434914,0.7128467753573463,-1.0,-1.0,-1.0,-1.0,-1.0,-1.0,-1.0,-1.0,-1.0,-1.0,-1.0,-1.0,-1.0,-1.0,-1.0,-1.0
