bad_A,bad_B,fI,fO_A,fO_B,fP_A,fp_B,fRi,fRo,fS,good_A,good_B,redo_A,redo_B,sI,sO_A,sO_B,sP_A,sP_B,sQ_A,sQ_Ar,sQ_B,sQ_Br,sRi,sRo,sS
-27489,-33882,-149,-701,-588,-89,-117,-258,-275,-516,23111,35329,-3828,-2932,-330,-476,-639,-546,-380,-191,-759,-376,-468,-140,-74,-611
0.2561370226858702,0.6243952444938373,-1.0,-1.0,-1.0,-1.0,-1.0,-1.0,-1.0,-1.0,0.5504581168354286,0.5212395556565084,0.23429216529058616,0.3858679527302947,-1.0,-1.0,-1.0,-1.0,-1.0,-1.0,-1.0,-1.0,-1.0,-1.0,-1.0,-1.0
