bad_A,bad_B,fI,fO_A,fO_B,fP_A,fp_B,fRi,fRo,fS,good_A,good_B,redo_A,redo_B,sI,sO_A,sO_B,sP_A,sP_B,sQ_A,sQ_Ar,sQ_B,sQ_Br,sRi,sRo,sS
-22220,-23680,-289,-620,-737,-210,-794,-32,-186,-95,21009,34897,-5505,-8339,-242,-26,-751,-36,-212,-532,-392,-552,-436,-124,-44,-64
0.12358814333434634,0.5905430760139246,-1.0,-1.0,-1.0,-1.0,-1.0,-1.0,-1.0,-1.0,0.3610976310135994,0.6311799958863604,0.45938923808246446,0.3560810486856929,-1.0,-1.0,-1.0,-1.0,-1.0,-1.0,-1.0,-1.0,-1.0,-1.0,-1.0,-1.0
