bad_A,bad_B,fI,fO_A,fO_B,fP_A,fp_B,fRi,fRo,fS,good_A,good_B,redo_A,redo_B,sI,sO_A,sO_B,sP_A,sP_B,sQ_A,sQ_Ar,sQ_B,sQ_Br,sRi,sRo,sS
-26297,-38440,-424,-113,-30,-600,-673,-419,-315,-385,36413,34200,-8202,-1236,-319,-726,-45,-546,-113,-128,-335,-475,-293,-589,-30,-320
0.850959683786915,0.7943049258086243,-1.0,-1.0,-1.0,-1.0,-1.0,-1.0,-1.0,-1.0,0.8812614853161789,0.36605288646776246,0.7624677135457651,0.3332704822153726,-1.0,-1.0,-1.0,-1.0,-1.0,-1.0,-1.0,-1.0,-1.0,-1.0,-1.0,-1.0
