bad_A,bad_B,fI,fO_A,fO_B,fP_A,fp_B,fRi,fRo,fS,good_A,good_B,redo_A,redo_B,sI,sO_A,sO_B,sP_A,sP_B,sQ_A,sQ_Ar,sQ_B,sQ_Br,sRi,sRo,sS
-25119,-31580,-407,-444,-198,-460,-145,-16,-582,-196,24202,37034,-6611,-1973,-285,-470,-653,-644,-27,-69,-640,-755,-497,-600,-781,-479
0.28410691201750093,0.8593942669063057,-1.0,-1.0,-1.0,-1.0,-1.0,-1.0,-1.0,-1.0,0.874403635545139,0.7711991259186184,0.4963261196928953,0.6987792515493113,-1.0,-1.0,-1.0,-1.0,-1.0,-1.0,-1.0,-1.0,-1.0,-1.0,-1.0,-1.0
