bad_A,bad_B,fI,fO_A,fO_B,fP_A,fp_B,fRi,fRo,fS,good_A,good_B,redo_A,redo_B,sI,sO_A,sO_B,sP_A,sP_B,sQ_A,sQ_Ar,sQ_B,sQ_Br,sRi,sRo,sS
-34587,-23890,-99,-169,-569,-61,-638,-583,-103,-385,26378,34891,-7720,-4685,-498,-104,-466,-342,-85,-792,-374,-447,-433,-391,-651,-775
0.6706267873372741,0.4614831943895167,-1.0,-1.0,-1.0,-1.0,-1.0,-1.0,-1.0,-1.0,0.5764802973988641,0.743051735160439,0.29071009172833967,0.3051020742792778,-1.0,-1.0,-1.0,-1.0,-1.0,-1.0,-1.0,-1.0,-1.0,-1.0,-1.0,-1.0
