bad_A,bad_B,disc1,disc2,fI,fO_A,fO_B,fP_A,fP_B,fRi,fRo,fS,good_A,good_B,no_disc,pick,put,redo_A,redo_B,sI,sO_A,sO_B,sP_A,sP_B,sQ_A,sQ_Ar,sQ_B,sQ_Br,sRi,sRo,sS,test1,test2,turn1,turn2
-38393,-29400,-99,-114,-335,-366,-633,-455,-389,-311,-222,-147,36081,35325,-103,-753,-337,-2733,-7453,-398,-756,-649,-632,-98,-495,-178,-527,-385,-103,-143,-58,-392,-485,-62,-767
0.8762899733289293,0.46142324176281935,-1.0,-1.0,-1.0,-1.0,-1.0,-1.0,-1.0,-1.0,-1.0,-1.0,0.3423097236375952,0.5787053185732836,-1.0,-1.0,-1.0,0.43610701299929844,0.3228194405560852,-1.0,-1.0,-1.0,-1.0,-1.0,-1.0,-1.0,-1.0,-1.0,-1.0,-1.0,-1.0,-1.0,-1.0,-1.0,-1.0
