bad_A,bad_B,disc1,disc2,fI,fO_A,fO_B,fP_A,fP_B,fRi,fRo,fS,good_A,good_B,no_disc,pick,put,redo_A,redo_B,sI,sO_A,sO_B,sP_A,sP_B,sQ_A,sQ_Ar,sQ_B,sQ_Br,sRi,sRo,sS,test1,test2,turn1,turn2
-24285,-38383,-377,-266,-246,-648,-81,-208,-68,-628,-665,-571,28746,30832,-764,-397,-82,-8924,-3704,-94,-16,-102,-637,-372,-300,-398,-188,-94,-24,-14,-459,-119,-356,-472,-289
0.5907216243419453,0.49222087167897477,-1.0,-1.0,-1.0,-1.0,-1.0,-1.0,-1.0,-1.0,-1.0,-1.0,0.12460389604375016,0.5358897207247203,-1.0,-1.0,-1.0,0.1349578973953837,0.5203113080541003,-1.0,-1.0,-1.0,-1.0,-1.0,-1.0,-1.0,-1.0,-1.0,-1.0,-1.0,-1.0,-1.0,-1.0,-1.0,-1.0
