bad_A,bad_B,disc1,disc2,fI,fO_A,fO_B,fP_A,fP_B,fRi,fRo,fS,good_A,good_B,no_disc,pick,put,redo_A,redo_B,sI,sO_A,sO_B,sP_A,sP_B,sQ_A,sQ_Ar,sQ_B,sQ_Br,sRi,sRo,sS,test1,test2,turn1,turn2
-28148,-26547,-303,-112,-664,-457,-750,-498,-516,-486,-81,-706,26431,38851,-438,-663,-171,-2778,-3174,-98,-670,-107,-592,-188,-606,-404,-334,-270,-403,-245,-428,-292,-330,-788,-438
0.5796902607497006,0.6410518341253842,-1.0,-1.0,-1.0,-1.0,-1.0,-1.0,-1.0,-1.0,-1.0,-1.0,0.23331599254216986,0.24192074076323397,-1.0,-1.0,-1.0,0.2492502926291862,0.7583182878605912,-1.0,-1.0,-1.0,-1.0,-1.0,-1.0,-1.0,-1.0,-1.0,-1.0,-1.0,-1.0,-1.0,-1.0,-1.0,-1.0
