bad_A,bad_B,disc1,disc2,fI,fO_A,fO_B,fP_A,fP_B,fRi,fRo,fS,good_A,good_B,no_disc,pick,put,redo_A,redo_B,sI,sO_A,sO_B,sP_A,sP_B,sQ_A,sQ_Ar,sQ_B,sQ_Br,sRi,sRo,sS,test1,test2,turn1,turn2
-33308,-25843,-603,-521,-709,-479,-381,-56,-164,-787,-411,-402,33141,31150,-103,-572,-13,-5603,-2393,-165,-481,-541,-617,-309,-668,-680,-189,-796,-359,-397,-443,-559,-396,-456,-556
0.5484151070002355,0.7264158671431021,-1.0,-1.0,-1.0,-1.0,-1.0,-1.0,-1.0,-1.0,-1.0,-1.0,0.736507189827685,0.10934368421654438,-1.0,-1.0,-1.0,0.7425101295893431,0.17031328460635012,-1.0,-1.0,-1.0,-1.0,-1.0,-1.0,-1.0,-1.0,-1.0,-1.0,-1.0,-1.0,-1.0,-1.0,-1.0,-1.0
