bad_A,bad_B,disc1,disc2,fI,fO_A,fO_B,fP_A,fP_B,fRi,fRo,fS,good_A,good_B,no_disc,pick,put,redo_A,redo_B,sI,sO_A,sO_B,sP_A,sP_B,sQ_A,sQ_Ar,sQ_B,sQ_Br,sRi,sRo,sS,test1,test2,turn1,turn2
-29769,-36834,-699,-739,-196,-216,-754,-732,-668,-435,-287,-567,20151,38869,-729,-135,-391,-5624,-5225,-157,-646,-623,-567,-598,-533,-312,-313,-763,-180,-295,-142,-504,-248,-663,-21
0.7495990511993409,0.3182719891981203,-1.0,-1.0,-1.0,-1.0,-1.0,-1.0,-1.0,-1.0,-1.0,-1.0,0.3168690064474027,0.33958514977292276,-1.0,-1.0,-1.0,0.639844206080816,0.25808003474354524,-1.0,-1.0,-1.0,-1.0,-1.0,-1.0,-1.0,-1.0,-1.0,-1.0,-1.0,-1.0,-1.0,-1.0,-1.0,-1.0
