bad_A,bad_B,disc1,disc2,fI,fO_A,fO_B,fP_A,fP_B,fRi,fRo,fS,good_A,good_B,no_disc,pick,put,redo_A,redo_B,sI,sO_A,sO_B,sP_A,sP_B,sQ_A,sQ_Ar,sQ_B,sQ_Br,sRi,sRo,sS,test1,test2,turn1,turn2
-25916,-32761,-438,-667,-666,-224,-304,-340,-33,-701,-370,-363,29474,35171,-369,-721,-80,-5303,-6374,-596,-673,-419,-185,-708,-402,-289,-777,-50,-195,-281,-696,-451,-90,-318,-41
0.10760141992144634,0.44973339018923586,-1.0,-1.0,-1.0,-1.0,-1.0,-1.0,-1.0,-1.0,-1.0,-1.0,0.7461614080982684,0.6227531474507895,-1.0,-1.0,-1.0,0.4490859721644135,0.7691391957581509,-1.0,-1.0,-1.0,-1.0,-1.0,-1.0,-1.0,-1.0,-1.0,-1.0,-1.0,-1.0,-1.0,-1.0,-1.0,-1.0
