bad_A,bad_B,disc1,disc2,fI,fO_A,fO_B,fP_A,fP_B,fRi,fRo,fS,good_A,good_B,no_disc,pick,put,redo_A,redo_B,sI,sO_A,sO_B,sP_A,sP_B,sQ_A,sQ_Ar,sQ_B,sQ_Br,sRi,sRo,sS,test1,test2,turn1,turn2
-21290,-30906,-479,-290,-192,-442,-502,-660,-658,-555,-93,-622,28583,31809,-350,-444,-690,-2708,-5025,-651,-447,-592,-490,-148,-754,-522,-550,-140,-653,-315,-369,-770,-305,-626,-672
0.8915383873060322,0.28473943570857496,-1.0,-1.0,-1.0,-1.0,-1.0,-1.0,-1.0,-1.0,-1.0,-1.0,0.5477372946720432,0.24040921467671855,-1.0,-1.0,-1.0,0.5695561357950719,0.6328406342848746,-1.0,-1.0,-1.0,-1.0,-1.0,-1.0,-1.0,-1.0,-1.0,-1.0,-1.0,-1.0,-1.0,-1.0,-1.0,-1.0
