bad_A,bad_B,disc1,disc2,fI,fO_A,fO_B,fP_A,fP_B,fRi,fRo,fS,good_A,good_B,no_disc,pick,put,redo_A,redo_B,sI,sO_A,sO_B,sP_A,sP_B,sQ_A,sQ_Ar,sQ_B,sQ_Br,sRi,sRo,sS,test1,test2,turn1,turn2
-37947,-35413,-519,-209,-89,-83,-336,-386,-184,-384,-483,-499,26734,25460,-263,-754,-588,-5143,-8145,-678,-390,-546,-456,-420,-321,-624,-603,-40,-115,-499,-620,-720,-318,-370,-54
0.3849435197799105,0.5451717573921537,-1.0,-1.0,-1.0,-1.0,-1.0,-1.0,-1.0,-1.0,-1.0,-1.0,0.2280676433410525,0.21070103966516102,-1.0,-1.0,-1.0,0.7768171340520212,0.801393384087812,-1.0,-1.0,-1.0,-1.0,-1.0,-1.0,-1.0,-1.0,-1.0,-1.0,-1.0,-1.0,-1.0,-1.0,-1.0,-1.0
