bad_A,bad_B,disc1,disc2,fI,fO_A,fO_B,fP_A,fP_B,fRi,fRo,fS,good_A,good_B,no_disc,pick,put,redo_A,redo_B,sI,sO_A,sO_B,sP_A,sP_B,sQ_A,sQ_Ar,sQ_B,sQ_Br,sRi,sRo,sS,test1,test2,turn1,turn2
-24450,-34067,-27,-164,-481,-492,-351,-779,-473,-438,-489,-110,29410,29112,-433,-166,-786,-3591,-2824,-697,-321,-20,-767,-210,-25,-118,-783,-739,-181,-473,-544,-752,-656,-340,-769
0.5344518169739614,0.2520490462048821,-1.0,-1.0,-1.0,-1.0,-1.0,-1.0,-1.0,-1.0,-1.0,-1.0,0.40366527884664294,0.33061310595519516,-1.0,-1.0,-1.0,0.5956557356636342,0.4406454742247461,-1.0,-1.0,-1.0,-1.0,-1.0,-1.0,-1.0,-1.0,-1.0,-1.0,-1.0,-1.0,-1.0,-1.0,-1.0,-1.0
