bad_A,bad_B,disc1,disc2,fI,fO_A,fO_B,fP_A,fP_B,fRi,fRo,fS,good_A,good_B,no_disc,pick,put,redo_A,redo_B,sI,sO_A,sO_B,sP_A,sP_B,sQ_A,sQ_Ar,sQ_B,sQ_Br,sRi,sRo,sS,test1,test2,turn1,turn2
-28495,-27335,-556,-28,-589,-89,-280,-504,-353,-172,-214,-155,22877,21088,-508,-629,-366,-1693,-7818,-523,-351,-263,-598,-723,-185,-255,-204,-703,-74,-743,-182,-656,-283,-455,-639
0.11711132230334442,0.8603914159227851,-1.0,-1.0,-1.0,-1.0,-1.0,-1.0,-1.0,-1.0,-1.0,-1.0,0.4146295683619412,0.7457027478751308,-1.0,-1.0,-1.0,0.8066635309583102,0.5547960636668131,-1.0,-1.0,-1.0,-1.0,-1.0,-1.0,-1.0,-1.0,-1.0,-1.0,-1.0,-1.0,-1.0,-1.0,-1.0,-1.0
