bad_A,bad_B,disc1,disc2,fI,fO_A,fO_B,fP_A,fP_B,fRi,fRo,fS,good_A,good_B,no_disc,pick,put,redo_A,redo_B,sI,sO_A,sO_B,sP_A,sP_B,sQ_A,sQ_Ar,sQ_B,sQ_Br,sRi,sRo,sS,test1,test2,turn1,turn2
-35553,-31411,-564,-227,-441,-444,-428,-428,-150,-142,-765,-634,20485,20493,-360,-221,-609,-5493,-1621,-498,-93,-661,-783,-557,-765,-757,-146,-31,-588,-507,-776,-404,-70,-100,-632
0.47317782462997415,0.8956351619334778,-1.0,-1.0,-1.0,-1.0,-1.0,-1.0,-1.0,-1.0,-1.0,-1.0,0.23390604236626197,0.4822367831232047,-1.0,-1.0,-1.0,0.7351159455710911,0.8676170073315657,-1.0,-1.0,-1.0,-1.0,-1.0,-1.0,-1.0,-1.0,-1.0,-1.0,-1.0,-1.0,-1.0,-1.0,-1.0,-1.0
