bad_A,bad_B,disc1,disc2,fI,fO_A,fO_B,fP_A,fP_B,fRi,fRo,fS,good_A,good_B,no_disc,pick,put,redo_A,redo_B,sI,sO_A,sO_B,sP_A,sP_B,sQ_A,sQ_Ar,sQ_B,sQ_Br,sRi,sRo,sS,test1,test2,turn1,turn2
-34255,-21644,-297,-550,-82,-76,-651,-157,-624,-662,-459,-689,35540,35339,-189,-470,-102,-4158,-8423,-560,-658,-723,-322,-263,-475,-745,-373,-70,-479,-147,-521,-395,-725,-410,-121
0.5560121096545113,0.522019277198939,-1.0,-1.0,-1.0,-1.0,-1.0,-1.0,-1.0,-1.0,-1.0,-1.0,0.6772819695384935,0.18398455529274527,-1.0,-1.0,-1.0,0.33107256577279265,0.5316429585023345,-1.0,-1.0,-1.0,-1.0,-1.0,-1.0,-1.0,-1.0,-1.0,-1.0,-1.0,-1.0,-1.0,-1.0,-1.0,-1.0
