bad_A,bad_B,disc1,disc2,fI,fO_A,fO_B,fP_A,fP_B,fRi,fRo,fS,good_A,good_B,no_disc,pick,put,redo_A,redo_B,sI,sO_A,sO_B,sP_A,sP_B,sQ_A,sQ_Ar,sQ_B,sQ_Br,sRi,sRo,sS,test1,test2,turn1,turn2
-30315,-30126,-252,-484,-515,-335,-348,-149,-786,-338,-512,-37,22265,29169,-153,-14,-612,-3370,-4767,-778,-506,-399,-783,-522,-438,-587,-415,-775,-768,-484,-360,-751,-542,-735,-35
0.6167507252739843,0.772099301523122,-1.0,-1.0,-1.0,-1.0,-1.0,-1.0,-1.0,-1.0,-1.0,-1.0,0.5004468517233811,0.5873829754437759,-1.0,-1.0,-1.0,0.25172390573954245,0.8568390806328279,-1.0,-1.0,-1.0,-1.0,-1.0,-1.0,-1.0,-1.0,-1.0,-1.0,-1.0,-1.0,-1.0,-1.0,-1.0,-1.0
