bad_A,bad_B,disc1,disc2,fI,fO_A,fO_B,fP_A,fP_B,fRi,fRo,fS,good_A,good_B,no_disc,pick,put,redo_A,redo_B,sI,sO_A,sO_B,sP_A,sP_B,sQ_A,sQ_Ar,sQ_B,sQ_Br,sRi,sRo,sS,test1,test2,turn1,turn2
-29245,-34658,-668,-748,-627,-76,-135,-568,-702,-551,-388,-338,30650,23728,-613,-92,-107,-3662,-2272,-657,-647,-46,-762,-497,-734,-635,-442,-90,-647,-371,-339,-427,-367,-10,-480
0.8722406500126216,0.6493738439885669,-1.0,-1.0,-1.0,-1.0,-1.0,-1.0,-1.0,-1.0,-1.0,-1.0,0.2507508800071634,0.8086967110121646,-1.0,-1.0,-1.0,0.5441000785505592,0.7162449162631963,-1.0,-1.0,-1.0,-1.0,-1.0,-1.0,-1.0,-1.0,-1.0,-1.0,-1.0,-1.0,-1.0,-1.0,-1.0,-1.0
