bad_A,bad_B,disc1,disc2,fI,fO_A,fO_B,fP_A,fP_B,fRi,fRo,fS,good_A,good_B,no_disc,pick,put,redo_A,redo_B,sI,sO_A,sO_B,sP_A,sP_B,sQ_A,sQ_Ar,sQ_B,sQ_Br,sRi,sRo,sS,test1,test2,turn1,turn2
-23927,-33944,-616,-448,-179,-111,-166,-453,-595,-487,-345,-466,37078,29652,-490,-305,-227,-4655,-1266,-600,-418,-155,-765,-211,-293,-161,-563,-338,-534,-98,-521,-363,-254,-327,-547
0.31507718812623353,0.1114265007037366,-1.0,-1.0,-1.0,-1.0,-1.0,-1.0,-1.0,-1.0,-1.0,-1.0,0.843630753213878,0.14313989649316367,-1.0,-1.0,-1.0,0.2974084964937247,0.8233453340923872,-1.0,-1.0,-1.0,-1.0,-1.0,-1.0,-1.0,-1.0,-1.0,-1.0,-1.0,-1.0,-1.0,-1.0,-1.0,-1.0
