bad_A,bad_B,disc1,disc2,fI,fO_A,fO_B,fP_A,fP_B,fRi,fRo,fS,good_A,good_B,no_disc,pick,put,redo_A,redo_B,sI,sO_A,sO_B,sP_A,sP_B,sQ_A,sQ_Ar,sQ_B,sQ_Br,sRi,sRo,sS,test1,test2,turn1,turn2
-34614,-38579,-708,-119,-691,-544,-579,-120,-162,-595,-486,-774,29035,20928,-643,-756,-49,-7161,-3565,-359,-616,-713,-411,-685,-541,-478,-513,-783,-51,-322,-772,-644,-191,-572,-577
0.748320880232966,0.6311754857928512,-1.0,-1.0,-1.0,-1.0,-1.0,-1.0,-1.0,-1.0,-1.0,-1.0,0.676961489870136,0.3674959523512843,-1.0,-1.0,-1.0,0.8614596837058252,0.37794588461920675,-1.0,-1.0,-1.0,-1.0,-1.0,-1.0,-1.0,-1.0,-1.0,-1.0,-1.0,-1.0,-1.0,-1.0,-1.0,-1.0
