bad_A,bad_B,disc1,disc2,fI,fO_A,fO_B,fP_A,fP_B,fRi,fRo,fS,good_A,good_B,no_disc,pick,put,redo_A,redo_B,sI,sO_A,sO_B,sP_A,sP_B,sQ_A,sQ_Ar,sQ_B,sQ_Br,sRi,sRo,sS,test1,test2,turn1,turn2
-23616,-24487,-463,-394,-45,-29,-596,-582,-282,-583,-97,-172,37026,39797,-96,-595,-46,-3550,-2904,-59,-710,-623,-126,-49,-620,-330,-553,-749,-462,-529,-353,-714,-422,-123,-446
0.4373044395685003,0.7819126336011458,-1.0,-1.0,-1.0,-1.0,-1.0,-1.0,-1.0,-1.0,-1.0,-1.0,0.16059994290749646,0.8239276370580823,-1.0,-1.0,-1.0,0.25658522621399915,0.5681026252517819,-1.0,-1.0,-1.0,-1.0,-1.0,-1.0,-1.0,-1.0,-1.0,-1.0,-1.0,-1.0,-1.0,-1.0,-1.0,-1.0
