bad_A,bad_B,disc1,disc2,fI,fO_A,fO_B,fP_A,fP_B,fRi,fRo,fS,good_A,good_B,no_disc,pick,put,redo_A,redo_B,sI,sO_A,sO_B,sP_A,sP_B,sQ_A,sQ_Ar,sQ_B,sQ_Br,sRi,sRo,sS,test1,test2,turn1,turn2
-33948,-37541,-264,-303,-66,-695,-563,-157,-716,-134,-228,-224,23039,24670,-293,-19,-204,-6373,-4762,-555,-345,-458,-669,-409,-602,-604,-330,-526,-546,-368,-272,-570,-658,-515,-222
0.5718739356843456,0.4744122239586762,-1.0,-1.0,-1.0,-1.0,-1.0,-1.0,-1.0,-1.0,-1.0,-1.0,0.38426469665892116,0.8336924259109042,-1.0,-1.0,-1.0,0.6526924456467335,0.6813973179368349,-1.0,-1.0,-1.0,-1.0,-1.0,-1.0,-1.0,-1.0,-1.0,-1.0,-1.0,-1.0,-1.0,-1.0,-1.0,-1.0
