bad_A,bad_B,disc1,disc2,fI,fO_A,fO_B,fP_A,fP_B,fRi,fRo,fS,good_A,good_B,no_disc,pick,put,redo_A,redo_B,sI,sO_A,sO_B,sP_A,sP_B,sQ_A,sQ_Ar,sQ_B,sQ_Br,sRi,sRo,sS,test1,test2,turn1,turn2
-31592,-29592,-634,-786,-501,-585,-237,-627,-726,-150,-120,-417,32957,23913,-641,-668,-496,-7107,-5643,-514,-415,-650,-250,-655,-92,-466,-259,-292,-34,-107,-512,-84,-315,-620,-197
0.4982292838788003,0.8036648639926937,-1.0,-1.0,-1.0,-1.0,-1.0,-1.0,-1.0,-1.0,-1.0,-1.0,0.47836245884265693,0.7030976309612907,-1.0,-1.0,-1.0,0.7932693806841763,0.5628471207467841,-1.0,-1.0,-1.0,-1.0,-1.0,-1.0,-1.0,-1.0,-1.0,-1.0,-1.0,-1.0,-1.0,-1.0,-1.0,-1.0
