bad_A,bad_B,disc1,disc2,fI,fO_A,fO_B,fP_A,fP_B,fRi,fRo,fS,good_A,good_B,no_disc,pick,put,redo_A,redo_B,sI,sO_A,sO_B,sP_A,sP_B,sQ_A,sQ_Ar,sQ_B,sQ_Br,sRi,sRo,sS,test1,test2,turn1,turn2
-38766,-39720,-142,-353,-362,-283,-155,-147,-557,-529,-41,-405,20341,30584,-499,-263,-501,-5734,-2480,-650,-88,-165,-280,-181,-305,-610,-148,-698,-262,-236,-111,-400,-189,-482,-329
0.37897109988308775,0.18286394152535035,-1.0,-1.0,-1.0,-1.0,-1.0,-1.0,-1.0,-1.0,-1.0,-1.0,0.8694096263674601,0.3058559063133598,-1.0,-1.0,-1.0,0.24737715840314653,0.39354416638569667,-1.0,-1.0,-1.0,-1.0,-1.0,-1.0,-1.0,-1.0,-1.0,-1.0,-1.0,-1.0,-1.0,-1.0,-1.0,-1.0
