bad_A,bad_B,disc1,disc2,fI,fO_A,fO_B,fP_A,fP_B,fRi,fRo,fS,good_A,good_B,no_disc,pick,put,redo_A,redo_B,sI,sO_A,sO_B,sP_A,sP_B,sQ_A,sQ_Ar,sQ_B,sQ_Br,sRi,sRo,sS,test1,test2,turn1,turn2
-38002,-34693,-771,-405,-114,-509,-516,-55,-742,-255,-312,-120,21210,38724,-222,-763,-110,-5880,-5523,-106,-548,-466,-567,-287,-746,-770,-584,-700,-573,-783,-740,-636,-98,-182,-720
0.34024010526568116,0.37892578706974556,-1.0,-1.0,-1.0,-1.0,-1.0,-1.0,-1.0,-1.0,-1.0,-1.0,0.5519816426325829,0.30509490499896774,-1.0,-1.0,-1.0,0.2574336039178736,0.2817994840739604,-1.0,-1.0,-1.0,-1.0,-1.0,-1.0,-1.0,-1.0,-1.0,-1.0,-1.0,-1.0,-1.0,-1.0,-1.0,-1.0
