bad_A,bad_B,disc1,disc2,fI,fO_A,fO_B,fP_A,fP_B,fRi,fRo,fS,good_A,good_B,no_disc,pick,put,redo_A,redo_B,sI,sO_A,sO_B,sP_A,sP_B,sQ_A,sQ_Ar,sQ_B,sQ_Br,sRi,sRo,sS,test1,test2,turn1,turn2
-35681,-32461,-114,-357,-143,-510,-211,-619,-296,-561,-40,-19,26165,32791,-527,-620,-587,-2191,-8940,-40,-383,-558,-148,-204,-204,-52,-19,-743,-290,-112,-598,-324,-201,-619,-487
0.23159047714698852,0.5675917542612402,-1.0,-1.0,-1.0,-1.0,-1.0,-1.0,-1.0,-1.0,-1.0,-1.0,0.6770243280879041,0.7977140436945155,-1.0,-1.0,-1.0,0.8407520178983271,0.5908569927419365,-1.0,-1.0,-1.0,-1.0,-1.0,-1.0,-1.0,-1.0,-1.0,-1.0,-1.0,-1.0,-1.0,-1.0,-1.0,-1.0
