bad_A,bad_B,disc1,disc2,fI,fO_A,fO_B,fP_A,fP_B,fRi,fRo,fS,good_A,good_B,no_disc,pick,put,redo_A,redo_B,sI,sO_A,sO_B,sP_A,sP_B,sQ_A,sQ_Ar,sQ_B,sQ_Br,sRi,sRo,sS,test1,test2,turn1,turn2
-23301,-31437,-461,-591,-651,-527,-259,-501,-145,-446,-650,-656,24996,28460,-108,-228,-287,-3941,-7091,-749,-524,-38,-410,-673,-134,-419,-496,-252,-11,-522,-294,-475,-75,-504,-661
0.5981958175590044,0.20098466976732185,-1.0,-1.0,-1.0,-1.0,-1.0,-1.0,-1.0,-1.0,-1.0,-1.0,0.5237829613751006,0.14566974965876034,-1.0,-1.0,-1.0,0.2659429162502793,0.2717805656978326,-1.0,-1.0,-1.0,-1.0,-1.0,-1.0,-1.0,-1.0,-1.0,-1.0,-1.0,-1.0,-1.0,-1.0,-1.0,-1.0
