bad_A,bad_B,disc1,disc2,fI,fO_A,fO_B,fP_A,fP_B,fRi,fRo,fS,good_A,good_B,no_disc,pick,put,redo_A,redo_B,sI,sO_A,sO_B,sP_A,sP_B,sQ_A,sQ_Ar,sQ_B,sQ_Br,sRi,sRo,sS,test1,test2,turn1,turn2
-34207,-35935,-639,-739,-420,-649,-498,-176,-97,-151,-303,-170,25188,23346,-114,-439,-479,-3966,-4628,-15,-274,-252,-505,-786,-489,-489,-352,-77,-653,-619,-571,-581,-768,-212,-746
0.5487573539957794,0.13987539024296183,-1.0,-1.0,-1.0,-1.0,-1.0,-1.0,-1.0,-1.0,-1.0,-1.0,0.450564684177972,0.10824534483331752,-1.0,-1.0,-1.0,0.7145682169690906,0.5107349856767763,-1.0,-1.0,-1.0,-1.0,-1.0,-1.0,-1.0,-1.0,-1.0,-1.0,-1.0,-1.0,-1.0,-1.0,-1.0,-1.0
