bad_A,bad_B,disc1,disc2,fI,fO_A,fO_B,fP_A,fP_B,fRi,fRo,fS,good_A,good_B,no_disc,pick,put,redo_A,redo_B,sI,sO_A,sO_B,sP_A,sP_B,sQ_A,sQ_Ar,sQ_B,sQ_Br,sRi,sRo,sS,test1,test2,turn1,turn2
-21467,-37189,-463,-314,-491,-545,-155,-82,-388,-16,-515,-219,28812,26573,-539,-304,-706,-7846,-7354,-465,-319,-196,-542,-388,-770,-80,-737,-205,-540,-755,-508,-117,-407,-185,-141
0.5016797554391763,0.8244671184676474,-1.0,-1.0,-1.0,-1.0,-1.0,-1.0,-1.0,-1.0,-1.0,-1.0,0.4153040999809551,0.11681850578251735,-1.0,-1.0,-1.0,0.2715792032221047,0.5406653815113741,-1.0,-1.0,-1.0,-1.0,-1.0,-1.0,-1.0,-1.0,-1.0,-1.0,-1.0,-1.0,-1.0,-1.0,-1.0,-1.0
