bad_A,bad_B,disc1,disc2,fI,fO_A,fO_B,fP_A,fP_B,fRi,fRo,fS,good_A,good_B,no_disc,pick,put,redo_A,redo_B,sI,sO_A,sO_B,sP_A,sP_B,sQ_A,sQ_Ar,sQ_B,sQ_Br,sRi,sRo,sS,test1,test2,turn1,turn2
-33339,-32946,-715,-142,-760,-601,-524,-54,-157,-13,-444,-232,34731,37529,-620,-473,-99,-2764,-2983,-340,-319,-714,-502,-61,-318,-391,-658,-12,-509,-99,-156,-329,-90,-300,-642
0.6707543240016924,0.5979236538120541,-1.0,-1.0,-1.0,-1.0,-1.0,-1.0,-1.0,-1.0,-1.0,-1.0,0.553516114120969,0.36719190146451586,-1.0,-1.0,-1.0,0.5008100941302438,0.890051072713978,-1.0,-1.0,-1.0,-1.0,-1.0,-1.0,-1.0,-1.0,-1.0,-1.0,-1.0,-1.0,-1.0,-1.0,-1.0,-1.0
