bad_A,bad_B,disc1,disc2,fI,fO_A,fO_B,fP_A,fP_B,fRi,fRo,fS,good_A,good_B,no_disc,pick,put,redo_A,redo_B,sI,sO_A,sO_B,sP_A,sP_B,sQ_A,sQ_Ar,sQ_B,sQ_Br,sRi,sRo,sS,test1,test2,turn1,turn2
-28731,-31680,-711,-253,-49,-608,-213,-371,-669,-502,-733,-11,32326,32315,-241,-291,-372,-2895,-2156,-401,-517,-457,-553,-770,-411,-584,-626,-738,-439,-800,-375,-300,-772,-247,-682
0.4829481750775819,0.311955794180076,-1.0,-1.0,-1.0,-1.0,-1.0,-1.0,-1.0,-1.0,-1.0,-1.0,0.4165793596536169,0.8419076082915976,-1.0,-1.0,-1.0,0.731966431516236,0.12012871794104392,-1.0,-1.0,-1.0,-1.0,-1.0,-1.0,-1.0,-1.0,-1.0,-1.0,-1.0,-1.0,-1.0,-1.0,-1.0,-1.0
