bad_A,bad_B,disc1,disc2,fI,fO_A,fO_B,fP_A,fP_B,fRi,fRo,fS,good_A,good_B,no_disc,pick,put,redo_A,redo_B,sI,sO_A,sO_B,sP_A,sP_B,sQ_A,sQ_Ar,sQ_B,sQ_Br,sRi,sRo,sS,test1,test2,turn1,turn2
-39888,-26983,-480,-529,-172,-537,-594,-641,-641,-545,-215,-580,22467,25724,-313,-327,-335,-3201,-4603,-369,-675,-215,-261,-473,-473,-600,-636,-583,-129,-706,-233,-729,-134,-558,-265
0.2648630238679681,0.5015197484563854,-1.0,-1.0,-1.0,-1.0,-1.0,-1.0,-1.0,-1.0,-1.0,-1.0,0.5372347520603946,0.6270409621944077,-1.0,-1.0,-1.0,0.4832826980088015,0.6524857100907286,-1.0,-1.0,-1.0,-1.0,-1.0,-1.0,-1.0,-1.0,-1.0,-1.0,-1.0,-1.0,-1.0,-1.0,-1.0,-1.0
