bad_A,bad_B,disc1,disc2,fI,fO_A,fO_B,fP_A,fP_B,fRi,fRo,fS,good_A,good_B,no_disc,pick,put,redo_A,redo_B,sI,sO_A,sO_B,sP_A,sP_B,sQ_A,sQ_Ar,sQ_B,sQ_Br,sRi,sRo,sS,test1,test2,turn1,turn2
-29177,-28670,-37,-69,-148,-111,-434,-375,-226,-266,-591,-481,31442,29984,-532,-196,-574,-3529,-3521,-704,-463,-748,-759,-540,-34,-436,-163,-660,-686,-379,-106,-745,-271,-380,-31
0.5286930643672548,0.13036361253953885,-1.0,-1.0,-1.0,-1.0,-1.0,-1.0,-1.0,-1.0,-1.0,-1.0,0.5308505156650208,0.31528992974006653,-1.0,-1.0,-1.0,0.23415951710034807,0.8084437505790646,-1.0,-1.0,-1.0,-1.0,-1.0,-1.0,-1.0,-1.0,-1.0,-1.0,-1.0,-1.0,-1.0,-1.0,-1.0,-1.0
