bad_A,bad_B,disc1,disc2,fI,fO_A,fO_B,fP_A,fP_B,fRi,fRo,fS,good_A,good_B,no_disc,pick,put,redo_A,redo_B,sI,sO_A,sO_B,sP_A,sP_B,sQ_A,sQ_Ar,sQ_B,sQ_Br,sRi,sRo,sS,test1,test2,turn1,turn2
-26992,-26633,-254,-507,-187,-779,-494,-49,-350,-467,-104,-513,26136,21459,-409,-410,-618,-5115,-4943,-779,-120,-407,-771,-163,-602,-726,-54,-194,-312,-404,-178,-758,-254,-134,-416
0.24184809183901754,0.6035245914874972,-1.0,-1.0,-1.0,-1.0,-1.0,-1.0,-1.0,-1.0,-1.0,-1.0,0.20897722646793193,0.7605309186154642,-1.0,-1.0,-1.0,0.7804962216549303,0.5223868116162137,-1.0,-1.0,-1.0,-1.0,-1.0,-1.0,-1.0,-1.0,-1.0,-1.0,-1.0,-1.0,-1.0,-1.0,-1.0,-1.0
