bad_A,bad_B,disc1,disc2,fI,fO_A,fO_B,fP_A,fP_B,fRi,fRo,fS,good_A,good_B,no_disc,pick,put,redo_A,redo_B,sI,sO_A,sO_B,sP_A,sP_B,sQ_A,sQ_Ar,sQ_B,sQ_Br,sRi,sRo,sS,test1,test2,turn1,turn2
-33923,-39085,-127,-427,-377,-372,-168,-617,-478,-268,-486,-627,30766,30622,-592,-208,-29,-7676,-1538,-264,-349,-712,-299,-718,-642,-573,-768,-508,-543,-125,-747,-779,-638,-274,-423
0.2993654948776219,0.6644428241805274,-1.0,-1.0,-1.0,-1.0,-1.0,-1.0,-1.0,-1.0,-1.0,-1.0,0.7820672151352609,0.23331965002749167,-1.0,-1.0,-1.0,0.3676287584542103,0.8616441528058508,-1.0,-1.0,-1.0,-1.0,-1.0,-1.0,-1.0,-1.0,-1.0,-1.0,-1.0,-1.0,-1.0,-1.0,-1.0,-1.0
