bad_A,bad_B,disc1,disc2,fI,fO_A,fO_B,fP_A,fP_B,fRi,fRo,fS,good_A,good_B,no_disc,pick,put,redo_A,redo_B,sI,sO_A,sO_B,sP_A,sP_B,sQ_A,sQ_Ar,sQ_B,sQ_Br,sRi,sRo,sS,test1,test2,turn1,turn2
-28240,-34266,-442,-159,-419,-256,-568,-447,-204,-546,-590,-743,25079,35759,-96,-384,-146,-6720,-1740,-349,-82,-763,-571,-663,-159,-50,-238,-157,-262,-212,-502,-42,-669,-377,-521
0.2708984000275077,0.5506003286181638,-1.0,-1.0,-1.0,-1.0,-1.0,-1.0,-1.0,-1.0,-1.0,-1.0,0.4271044342202829,0.23790504498027332,-1.0,-1.0,-1.0,0.17640091946673042,0.6929050507499427,-1.0,-1.0,-1.0,-1.0,-1.0,-1.0,-1.0,-1.0,-1.0,-1.0,-1.0,-1.0,-1.0,-1.0,-1.0,-1.0
