bad_A,bad_B,disc1,disc2,fI,fO_A,fO_B,fP_A,fP_B,fRi,fRo,fS,good_A,good_B,no_disc,pick,put,redo_A,redo_B,sI,sO_A,sO_B,sP_A,sP_B,sQ_A,sQ_Ar,sQ_B,sQ_Br,sRi,sRo,sS,test1,test2,turn1,turn2
-32715,-33009,-122,-682,-747,-439,-405,-664,-154,-525,-282,-151,20388,30664,-275,-796,-405,-1598,-6098,-759,-492,-599,-798,-533,-609,-504,-490,-362,-613,-618,-15,-788,-652,-513,-348
0.20696520487822517,0.1996216094592974,-1.0,-1.0,-1.0,-1.0,-1.0,-1.0,-1.0,-1.0,-1.0,-1.0,0.3511613638413702,0.8572147061809238,-1.0,-1.0,-1.0,0.38795619965795936,0.1985167281286093,-1.0,-1.0,-1.0,-1.0,-1.0,-1.0,-1.0,-1.0,-1.0,-1.0,-1.0,-1.0,-1.0,-1.0,-1.0,-1.0
