bad_A,bad_B,disc1,disc2,fI,fO_A,fO_B,fP_A,fP_B,fRi,fRo,fS,good_A,good_B,no_disc,pick,put,redo_A,redo_B,sI,sO_A,sO_B,sP_A,sP_B,sQ_A,sQ_Ar,sQ_B,sQ_Br,sRi,sRo,sS,test1,test2,turn1,turn2
-36998,-37398,-300,-560,-82,-797,-509,-13,-717,-278,-634,-364,30123,25731,-733,-478,-630,-1605,-6905,-349,-716,-555,-494,-744,-767,-455,-290,-358,-217,-240,-501,-446,-598,-751,-500
0.8999536956970225,0.8196511527456586,-1.0,-1.0,-1.0,-1.0,-1.0,-1.0,-1.0,-1.0,-1.0,-1.0,0.1830982002095418,0.8772287393675959,-1.0,-1.0,-1.0,0.5272175446873874,0.23502253059059186,-1.0,-1.0,-1.0,-1.0,-1.0,-1.0,-1.0,-1.0,-1.0,-1.0,-1.0,-1.0,-1.0,-1.0,-1.0,-1.0
