bad_A,bad_B,disc1,disc2,fI,fO_A,fO_B,fP_A,fP_B,fRi,fRo,fS,good_A,good_B,no_disc,pick,put,redo_A,redo_B,sI,sO_A,sO_B,sP_A,sP_B,sQ_A,sQ_Ar,sQ_B,sQ_Br,sRi,sRo,sS,test1,test2,turn1,turn2
-23642,-20982,-280,-330,-261,-398,-17,-638,-13,-698,-496,-726,25778,22464,-765,-256,-606,-8650,-6106,-98,-729,-378,-701,-50,-765,-42,-611,-754,-586,-499,-117,-522,-215,-493,-582
0.6814434741594565,0.6421934163715278,-1.0,-1.0,-1.0,-1.0,-1.0,-1.0,-1.0,-1.0,-1.0,-1.0,0.6282669297367391,0.4450862667572485,-1.0,-1.0,-1.0,0.33836526256034094,0.8518174686529231,-1.0,-1.0,-1.0,-1.0,-1.0,-1.0,-1.0,-1.0,-1.0,-1.0,-1.0,-1.0,-1.0,-1.0,-1.0,-1.0
