bad_A,bad_B,disc1,disc2,fI,fO_A,fO_B,fP_A,fP_B,fRi,fRo,fS,good_A,good_B,no_disc,pick,put,redo_A,redo_B,sI,sO_A,sO_B,sP_A,sP_B,sQ_A,sQ_Ar,sQ_B,sQ_Br,sRi,sRo,sS,test1,test2,turn1,turn2
-29530,-35481,-112,-647,-112,-775,-518,-673,-108,-42,-681,-757,21541,31627,-265,-502,-342,-4741,-2956,-335,-608,-305,-489,-80,-97,-249,-211,-698,-79,-20,-677,-59,-389,-207,-771
0.7908608750702316,0.8888699588323207,-1.0,-1.0,-1.0,-1.0,-1.0,-1.0,-1.0,-1.0,-1.0,-1.0,0.7716370096292459,0.6064680672838639,-1.0,-1.0,-1.0,0.10784533701660007,0.45196817669059586,-1.0,-1.0,-1.0,-1.0,-1.0,-1.0,-1.0,-1.0,-1.0,-1.0,-1.0,-1.0,-1.0,-1.0,-1.0,-1.0
