bad_A,bad_B,disc1,disc2,fI,fO_A,fO_B,fP_A,fP_B,fRi,fRo,fS,good_A,good_B,no_disc,pick,put,redo_A,redo_B,sI,sO_A,sO_B,sP_A,sP_B,sQ_A,sQ_Ar,sQ_B,sQ_Br,sRi,sRo,sS,test1,test2,turn1,turn2
-21539,-26255,-722,-514,-45,-789,-250,-68,-404,-797,-725,-98,35326,25699,-262,-149,-206,-6783,-7115,-327,-111,-526,-690,-745,-480,-438,-768,-727,-444,-302,-179,-189,-434,-301,-62
0.7633080872492738,0.5634103598889244,-1.0,-1.0,-1.0,-1.0,-1.0,-1.0,-1.0,-1.0,-1.0,-1.0,0.7741824166092511,0.33302861635944253,-1.0,-1.0,-1.0,0.8627000938467496,0.15705219754300215,-1.0,-1.0,-1.0,-1.0,-1.0,-1.0,-1.0,-1.0,-1.0,-1.0,-1.0,-1.0,-1.0,-1.0,-1.0,-1.0
