bad_A,bad_B,disc1,disc2,fI,fO_A,fO_B,fP_A,fP_B,fRi,fRo,fS,good_A,good_B,no_disc,pick,put,redo_A,redo_B,sI,sO_A,sO_B,sP_A,sP_B,sQ_A,sQ_Ar,sQ_B,sQ_Br,sRi,sRo,sS,test1,test2,turn1,turn2
-32761,-28951,-438,-33,-205,-87,-477,-327,-365,-61,-369,-404,24489,26618,-778,-166,-367,-1211,-1349,-270,-486,-416,-578,-589,-254,-352,-293,-518,-151,-747,-400,-659,-340,-620,-777
0.8274108065115886,0.38503556455786614,-1.0,-1.0,-1.0,-1.0,-1.0,-1.0,-1.0,-1.0,-1.0,-1.0,0.5876587828978177,0.769355574481539,-1.0,-1.0,-1.0,0.7577358564883626,0.38727428816884035,-1.0,-1.0,-1.0,-1.0,-1.0,-1.0,-1.0,-1.0,-1.0,-1.0,-1.0,-1.0,-1.0,-1.0,-1.0,-1.0
