bad_A,bad_B,disc1,disc2,fI,fO_A,fO_B,fP_A,fP_B,fRi,fRo,fS,good_A,good_B,no_disc,pick,put,redo_A,redo_B,sI,sO_A,sO_B,sP_A,sP_B,sQ_A,sQ_Ar,sQ_B,sQ_Br,sRi,sRo,sS,test1,test2,turn1,turn2
-25247,-20584,-515,-498,-543,-355,-631,-115,-674,-406,-757,-208,20958,21256,-232,-413,-66,-7598,-6683,-281,-652,-569,-637,-482,-400,-103,-692,-320,-412,-676,-442,-487,-282,-686,-616
0.6034401972430239,0.3216181315940355,-1.0,-1.0,-1.0,-1.0,-1.0,-1.0,-1.0,-1.0,-1.0,-1.0,0.22663558055400587,0.638916460164408,-1.0,-1.0,-1.0,0.8564181731687555,0.5926138824149141,-1.0,-1.0,-1.0,-1.0,-1.0,-1.0,-1.0,-1.0,-1.0,-1.0,-1.0,-1.0,-1.0,-1.0,-1.0,-1.0
