bad_A,bad_B,disc1,disc2,fI,fO_A,fO_B,fP_A,fP_B,fRi,fRo,fS,good_A,good_B,no_disc,pick,put,redo_A,redo_B,sI,sO_A,sO_B,sP_A,sP_B,sQ_A,sQ_Ar,sQ_B,sQ_Br,sRi,sRo,sS,test1,test2,turn1,turn2
-22027,-28362,-194,-72,-34,-651,-784,-364,-722,-385,-360,-60,36431,36881,-122,-521,-551,-7391,-2589,-291,-651,-250,-215,-315,-784,-186,-396,-67,-182,-648,-371,-421,-401,-730,-393
0.8589779558292058,0.14581880298799083,-1.0,-1.0,-1.0,-1.0,-1.0,-1.0,-1.0,-1.0,-1.0,-1.0,0.28850406267938955,0.23441038853221824,-1.0,-1.0,-1.0,0.17768179980739998,0.2091494158669984,-1.0,-1.0,-1.0,-1.0,-1.0,-1.0,-1.0,-1.0,-1.0,-1.0,-1.0,-1.0,-1.0,-1.0,-1.0,-1.0
