bad_A,bad_B,disc1,disc2,fI,fO_A,fO_B,fP_A,fP_B,fRi,fRo,fS,good_A,good_B,no_disc,pick,put,redo_A,redo_B,sI,sO_A,sO_B,sP_A,sP_B,sQ_A,sQ_Ar,sQ_B,sQ_Br,sRi,sRo,sS,test1,test2,turn1,turn2
-30594,-28219,-779,-312,-69,-22,-32,-333,-65,-228,-322,-452,25097,23160,-154,-540,-68,-6610,-5395,-257,-780,-27,-536,-519,-624,-274,-670,-94,-149,-647,-638,-10,-518,-764,-736
0.8750477392101849,0.16631137139026342,-1.0,-1.0,-1.0,-1.0,-1.0,-1.0,-1.0,-1.0,-1.0,-1.0,0.27134774646862403,0.32717571265725676,-1.0,-1.0,-1.0,0.6454554496618354,0.2038039632634499,-1.0,-1.0,-1.0,-1.0,-1.0,-1.0,-1.0,-1.0,-1.0,-1.0,-1.0,-1.0,-1.0,-1.0,-1.0,-1.0
