bad_A,bad_B,disc1,disc2,fI,fO_A,fO_B,fP_A,fP_B,fRi,fRo,fS,good_A,good_B,no_disc,pick,put,redo_A,redo_B,sI,sO_A,sO_B,sP_A,sP_B,sQ_A,sQ_Ar,sQ_B,sQ_Br,sRi,sRo,sS,test1,test2,turn1,turn2
-21023,-24808,-770,-431,-685,-199,-797,-774,-109,-305,-146,-255,23139,37260,-672,-104,-277,-6988,-3536,-774,-189,-266,-619,-798,-536,-262,-183,-48,-730,-552,-777,-324,-172,-99,-349
0.7157423057728547,0.4056086014647986,-1.0,-1.0,-1.0,-1.0,-1.0,-1.0,-1.0,-1.0,-1.0,-1.0,0.17367891243699524,0.14326970749555556,-1.0,-1.0,-1.0,0.34310834148108127,0.2255090404498483,-1.0,-1.0,-1.0,-1.0,-1.0,-1.0,-1.0,-1.0,-1.0,-1.0,-1.0,-1.0,-1.0,-1.0,-1.0,-1.0
