bad_A,bad_B,disc1,disc2,fI,fO_A,fO_B,fP_A,fP_B,fRi,fRo,fS,good_A,good_B,no_disc,pick,put,redo_A,redo_B,sI,sO_A,sO_B,sP_A,sP_B,sQ_A,sQ_Ar,sQ_B,sQ_Br,sRi,sRo,sS,test1,test2,turn1,turn2
-36136,-26479,-100,-263,-63,-554,-518,-137,-656,-437,-171,-163,21662,31125,-640,-503,-215,-3809,-8079,-525,-304,-577,-267,-205,-280,-774,-15,-738,-294,-377,-612,-406,-425,-202,-720
0.40098342539917653,0.7906740902795653,-1.0,-1.0,-1.0,-1.0,-1.0,-1.0,-1.0,-1.0,-1.0,-1.0,0.16453524365118588,0.2391830835375738,-1.0,-1.0,-1.0,0.8701944347241011,0.40170321675205034,-1.0,-1.0,-1.0,-1.0,-1.0,-1.0,-1.0,-1.0,-1.0,-1.0,-1.0,-1.0,-1.0,-1.0,-1.0,-1.0
