bad_A,bad_B,disc1,disc2,fI,fO_A,fO_B,fP_A,fP_B,fRi,fRo,fS,good_A,good_B,no_disc,pick,put,redo_A,redo_B,sI,sO_A,sO_B,sP_A,sP_B,sQ_A,sQ_Ar,sQ_B,sQ_Br,sRi,sRo,sS,test1,test2,turn1,turn2
-39102,-39282,-109,-768,-19,-614,-483,-533,-696,-706,-373,-64,35351,30755,-702,-337,-155,-8260,-4653,-23,-295,-10,-747,-241,-604,-315,-469,-127,-454,-124,-351,-481,-233,-203,-469
0.20132193168749765,0.5195965865119494,-1.0,-1.0,-1.0,-1.0,-1.0,-1.0,-1.0,-1.0,-1.0,-1.0,0.27228280831252133,0.7216845613103869,-1.0,-1.0,-1.0,0.7207494905651802,0.1704716178482742,-1.0,-1.0,-1.0,-1.0,-1.0,-1.0,-1.0,-1.0,-1.0,-1.0,-1.0,-1.0,-1.0,-1.0,-1.0,-1.0
