bad_A,bad_B,disc1,disc2,fI,fO_A,fO_B,fP_A,fP_B,fRi,fRo,fS,good_A,good_B,no_disc,pick,put,redo_A,redo_B,sI,sO_A,sO_B,sP_A,sP_B,sQ_A,sQ_Ar,sQ_B,sQ_Br,sRi,sRo,sS,test1,test2,turn1,turn2
-33370,-39541,-555,-265,-247,-187,-21,-158,-719,-654,-343,-365,22310,33805,-640,-411,-780,-7342,-2690,-321,-382,-222,-642,-585,-18,-247,-498,-35,-408,-501,-269,-582,-714,-724,-192
0.38374410787180435,0.15325266489702508,-1.0,-1.0,-1.0,-1.0,-1.0,-1.0,-1.0,-1.0,-1.0,-1.0,0.3264351462566768,0.45672288111349724,-1.0,-1.0,-1.0,0.8242749487784033,0.7774898257891086,-1.0,-1.0,-1.0,-1.0,-1.0,-1.0,-1.0,-1.0,-1.0,-1.0,-1.0,-1.0,-1.0,-1.0,-1.0,-1.0
