bad_A,bad_B,disc1,disc2,fI,fO_A,fO_B,fP_A,fP_B,fRi,fRo,fS,good_A,good_B,no_disc,pick,put,redo_A,redo_B,sI,sO_A,sO_B,sP_A,sP_B,sQ_A,sQ_Ar,sQ_B,sQ_Br,sRi,sRo,sS,test1,test2,turn1,turn2
-37020,-22752,-187,-737,-768,-270,-579,-323,-760,-539,-361,-732,38164,27910,-149,-717,-551,-8770,-5467,-499,-580,-360,-257,-778,-398,-19,-495,-579,-224,-362,-785,-670,-365,-514,-397
0.3459801626189234,0.3425358138139319,-1.0,-1.0,-1.0,-1.0,-1.0,-1.0,-1.0,-1.0,-1.0,-1.0,0.5190738460420999,0.2846430786467714,-1.0,-1.0,-1.0,0.5917272703154756,0.588381710903954,-1.0,-1.0,-1.0,-1.0,-1.0,-1.0,-1.0,-1.0,-1.0,-1.0,-1.0,-1.0,-1.0,-1.0,-1.0,-1.0
