bad_A,bad_B,disc1,disc2,fI,fO_A,fO_B,fP_A,fP_B,fRi,fRo,fS,good_A,good_B,no_disc,pick,put,redo_A,redo_B,sI,sO_A,sO_B,sP_A,sP_B,sQ_A,sQ_Ar,sQ_B,sQ_Br,sRi,sRo,sS,test1,test2,turn1,turn2
-24405,-20209,-155,-472,-514,-715,-783,-40,-654,-610,-220,-704,39545,26159,-426,-317,-65,-2572,-4625,-70,-216,-566,-330,-388,-711,-209,-174,-25,-192,-170,-587,-12,-219,-279,-642
0.6255286527411907,0.7808955385364271,-1.0,-1.0,-1.0,-1.0,-1.0,-1.0,-1.0,-1.0,-1.0,-1.0,0.37070528858331675,0.2413783311693224,-1.0,-1.0,-1.0,0.4274780841693613,0.5711836434579592,-1.0,-1.0,-1.0,-1.0,-1.0,-1.0,-1.0,-1.0,-1.0,-1.0,-1.0,-1.0,-1.0,-1.0,-1.0,-1.0
