bad_A,bad_B,disc1,disc2,fI,fO_A,fO_B,fP_A,fP_B,fRi,fRo,fS,good_A,good_B,no_disc,pick,put,redo_A,redo_B,sI,sO_A,sO_B,sP_A,sP_B,sQ_A,sQ_Ar,sQ_B,sQ_Br,sRi,sRo,sS,test1,test2,turn1,turn2
-33742,-28531,-642,-679,-432,-189,-161,-619,-203,-213,-536,-734,20979,32328,-292,-668,-736,-5498,-7076,-167,-647,-403,-501,-772,-157,-607,-474,-681,-406,-485,-66,-94,-103,-622,-41
0.586578532525742,0.4728121294866918,-1.0,-1.0,-1.0,-1.0,-1.0,-1.0,-1.0,-1.0,-1.0,-1.0,0.3577139777274433,0.6911893203043522,-1.0,-1.0,-1.0,0.16984067806073283,0.7777669817527713,-1.0,-1.0,-1.0,-1.0,-1.0,-1.0,-1.0,-1.0,-1.0,-1.0,-1.0,-1.0,-1.0,-1.0,-1.0,-1.0
