bad_A,bad_B,disc1,disc2,fI,fO_A,fO_B,fP_A,fP_B,fRi,fRo,fS,good_A,good_B,no_disc,pick,put,redo_A,redo_B,sI,sO_A,sO_B,sP_A,sP_B,sQ_A,sQ_Ar,sQ_B,sQ_Br,sRi,sRo,sS,test1,test2,turn1,turn2
-39890,-21242,-345,-284,-184,-452,-237,-463,-124,-799,-364,-639,24092,33955,-554,-234,-55,-7755,-2095,-293,-703,-488,-112,-99,-130,-44,-221,-281,-50,-287,-557,-236,-459,-413,-169
0.3126324776862809,0.26145811088480575,-1.0,-1.0,-1.0,-1.0,-1.0,-1.0,-1.0,-1.0,-1.0,-1.0,0.1108776434363505,0.10601851470347841,-1.0,-1.0,-1.0,0.4544842660216867,0.12668528959381764,-1.0,-1.0,-1.0,-1.0,-1.0,-1.0,-1.0,-1.0,-1.0,-1.0,-1.0,-1.0,-1.0,-1.0,-1.0,-1.0
