bad_A,bad_B,disc1,disc2,fI,fO_A,fO_B,fP_A,fP_B,fRi,fRo,fS,good_A,good_B,no_disc,pick,put,redo_A,redo_B,sI,sO_A,sO_B,sP_A,sP_B,sQ_A,sQ_Ar,sQ_B,sQ_Br,sRi,sRo,sS,test1,test2,turn1,turn2
-30514,-23503,-272,-215,-125,-175,-696,-699,-711,-465,-507,-626,29174,36061,-367,-12,-266,-7833,-8858,-765,-644,-298,-757,-57,-114,-644,-112,-395,-795,-742,-132,-133,-215,-431,-594
0.5719725408592313,0.5594295647097474,-1.0,-1.0,-1.0,-1.0,-1.0,-1.0,-1.0,-1.0,-1.0,-1.0,0.8102637660039972,0.36531333150051937,-1.0,-1.0,-1.0,0.5707669020827767,0.5762834075879443,-1.0,-1.0,-1.0,-1.0,-1.0,-1.0,-1.0,-1.0,-1.0,-1.0,-1.0,-1.0,-1.0,-1.0,-1.0,-1.0
