bad_A,bad_B,disc1,disc2,fI,fO_A,fO_B,fP_A,fP_B,fRi,fRo,fS,good_A,good_B,no_disc,pick,put,redo_A,redo_B,sI,sO_A,sO_B,sP_A,sP_B,sQ_A,sQ_Ar,sQ_B,sQ_Br,sRi,sRo,sS,test1,test2,turn1,turn2
-37300,-39415,-371,-213,-95,-215,-235,-25,-452,-545,-280,-407,24931,37011,-83,-39,-132,-4345,-6421,-117,-38,-686,-192,-263,-759,-66,-353,-493,-45,-499,-666,-498,-557,-422,-434
0.37750849842994716,0.22771163355718216,-1.0,-1.0,-1.0,-1.0,-1.0,-1.0,-1.0,-1.0,-1.0,-1.0,0.6652974481662043,0.41985232329374145,-1.0,-1.0,-1.0,0.28412485573168295,0.40680598544558577,-1.0,-1.0,-1.0,-1.0,-1.0,-1.0,-1.0,-1.0,-1.0,-1.0,-1.0,-1.0,-1.0,-1.0,-1.0,-1.0
