bad_A,bad_B,disc1,disc2,fI,fO_A,fO_B,fP_A,fP_B,fRi,fRo,fS,good_A,good_B,no_disc,pick,put,redo_A,redo_B,sI,sO_A,sO_B,sP_A,sP_B,sQ_A,sQ_Ar,sQ_B,sQ_Br,sRi,sRo,sS,test1,test2,turn1,turn2
-29618,-35196,-669,-192,-794,-487,-236,-755,-466,-232,-609,-440,21040,26198,-618,-26,-529,-7906,-5167,-315,-473,-637,-491,-129,-404,-257,-186,-79,-695,-696,-44,-555,-158,-608,-80
0.2902657296080541,0.6298503004326252,-1.0,-1.0,-1.0,-1.0,-1.0,-1.0,-1.0,-1.0,-1.0,-1.0,0.20490929225615695,0.2607413389780218,-1.0,-1.0,-1.0,0.6216270837181567,0.3751181121373218,-1.0,-1.0,-1.0,-1.0,-1.0,-1.0,-1.0,-1.0,-1.0,-1.0,-1.0,-1.0,-1.0,-1.0,-1.0,-1.0
