bad_A,bad_B,disc1,disc2,fI,fO_A,fO_B,fP_A,fP_B,fRi,fRo,fS,good_A,good_B,no_disc,pick,put,redo_A,redo_B,sI,sO_A,sO_B,sP_A,sP_B,sQ_A,sQ_Ar,sQ_B,sQ_Br,sRi,sRo,sS,test1,test2,turn1,turn2
-33632,-29235,-592,-233,-423,-31,-186,-711,-536,-536,-72,-276,21886,32860,-799,-62,-160,-3464,-4649,-99,-516,-792,-172,-116,-637,-124,-473,-177,-689,-478,-581,-271,-122,-145,-147
0.18914546089987327,0.1617701379953198,-1.0,-1.0,-1.0,-1.0,-1.0,-1.0,-1.0,-1.0,-1.0,-1.0,0.7605859385195468,0.5563802480455119,-1.0,-1.0,-1.0,0.6196226764708019,0.2926082840775437,-1.0,-1.0,-1.0,-1.0,-1.0,-1.0,-1.0,-1.0,-1.0,-1.0,-1.0,-1.0,-1.0,-1.0,-1.0,-1.0
