bad_A,bad_B,disc1,disc2,fI,fO_A,fO_B,fP_A,fP_B,fRi,fRo,fS,good_A,good_B,no_disc,pick,put,redo_A,redo_B,sI,sO_A,sO_B,sP_A,sP_B,sQ_A,sQ_Ar,sQ_B,sQ_Br,sRi,sRo,sS,test1,test2,turn1,turn2
-32641,-26613,-276,-399,-91,-450,-182,-270,-60,-492,-376,-430,24079,38073,-82,-289,-316,-3841,-2719,-259,-189,-433,-254,-201,-650,-265,-268,-25,-77,-531,-399,-306,-337,-186,-56
0.37475565527701526,0.797727617946692,-1.0,-1.0,-1.0,-1.0,-1.0,-1.0,-1.0,-1.0,-1.0,-1.0,0.8150950105078704,0.17773265254259307,-1.0,-1.0,-1.0,0.5874717847092166,0.5466429578025425,-1.0,-1.0,-1.0,-1.0,-1.0,-1.0,-1.0,-1.0,-1.0,-1.0,-1.0,-1.0,-1.0,-1.0,-1.0,-1.0
