bad_A,bad_B,disc1,disc2,fI,fO_A,fO_B,fP_A,fP_B,fRi,fRo,fS,good_A,good_B,no_disc,pick,put,redo_A,redo_B,sI,sO_A,sO_B,sP_A,sP_B,sQ_A,sQ_Ar,sQ_B,sQ_Br,sRi,sRo,sS,test1,test2,turn1,turn2
-23968,-32823,-34,-296,-288,-98,-698,-88,-472,-501,-60,-298,39180,37390,-95,-326,-304,-3267,-1916,-476,-302,-557,-403,-477,-667,-239,-71,-526,-744,-638,-679,-562,-252,-207,-438
0.5873446686385356,0.36862811439403564,-1.0,-1.0,-1.0,-1.0,-1.0,-1.0,-1.0,-1.0,-1.0,-1.0,0.474445324751278,0.7681358275881164,-1.0,-1.0,-1.0,0.5707569290961145,0.6066482682943951,-1.0,-1.0,-1.0,-1.0,-1.0,-1.0,-1.0,-1.0,-1.0,-1.0,-1.0,-1.0,-1.0,-1.0,-1.0,-1.0
