bad_A,bad_B,disc1,disc2,fI,fO_A,fO_B,fP_A,fP_B,fRi,fRo,fS,good_A,good_B,no_disc,pick,put,redo_A,redo_B,sI,sO_A,sO_B,sP_A,sP_B,sQ_A,sQ_Ar,sQ_B,sQ_Br,sRi,sRo,sS,test1,test2,turn1,turn2
-21981,-31192,-225,-666,-491,-347,-661,-346,-686,-168,-554,-724,29290,30997,-699,-307,-118,-8934,-4229,-281,-14,-450,-110,-90,-229,-512,-55,-450,-439,-28,-96,-736,-180,-407,-474
0.6690872980968766,0.49548682319878223,-1.0,-1.0,-1.0,-1.0,-1.0,-1.0,-1.0,-1.0,-1.0,-1.0,0.4808106624404894,0.33963980318202514,-1.0,-1.0,-1.0,0.23647979743606282,0.358209655467857,-1.0,-1.0,-1.0,-1.0,-1.0,-1.0,-1.0,-1.0,-1.0,-1.0,-1.0,-1.0,-1.0,-1.0,-1.0,-1.0
