bad_A,bad_B,disc1,disc2,fI,fO_A,fO_B,fP_A,fP_B,fRi,fRo,fS,good_A,good_B,no_disc,pick,put,redo_A,redo_B,sI,sO_A,sO_B,sP_A,sP_B,sQ_A,sQ_Ar,sQ_B,sQ_Br,sRi,sRo,sS,test1,test2,turn1,turn2
-27429,-21812,-117,-403,-362,-74,-132,-188,-775,-64,-785,-88,39855,32359,-164,-236,-485,-8929,-5127,-734,-334,-162,-529,-653,-703,-77,-131,-434,-161,-469,-23,-625,-680,-45,-688
0.8865218118385244,0.55137635924318,-1.0,-1.0,-1.0,-1.0,-1.0,-1.0,-1.0,-1.0,-1.0,-1.0,0.40564620680187224,0.7802843691615532,-1.0,-1.0,-1.0,0.7816180319272149,0.30365897450918367,-1.0,-1.0,-1.0,-1.0,-1.0,-1.0,-1.0,-1.0,-1.0,-1.0,-1.0,-1.0,-1.0,-1.0,-1.0,-1.0
