bad_A,bad_B,disc1,disc2,fI,fO_A,fO_B,fP_A,fP_B,fRi,fRo,fS,good_A,good_B,no_disc,pick,put,redo_A,redo_B,sI,sO_A,sO_B,sP_A,sP_B,sQ_A,sQ_Ar,sQ_B,sQ_Br,sRi,sRo,sS,test1,test2,turn1,turn2
-28648,-21742,-176,-637,-178,-580,-306,-518,-728,-68,-566,-257,23988,21018,-599,-448,-600,-1556,-4189,-439,-677,-631,-352,-722,-135,-167,-679,-109,-201,-24,-724,-255,-447,-732,-393
0.5677669465515518,0.19517862678731301,-1.0,-1.0,-1.0,-1.0,-1.0,-1.0,-1.0,-1.0,-1.0,-1.0,0.19852229187815038,0.16390146282090523,-1.0,-1.0,-1.0,0.1883467187068371,0.558302884257471,-1.0,-1.0,-1.0,-1.0,-1.0,-1.0,-1.0,-1.0,-1.0,-1.0,-1.0,-1.0,-1.0,-1.0,-1.0,-1.0
