bad_A,bad_B,disc1,disc2,fI,fO_A,fO_B,fP_A,fP_B,fRi,fRo,fS,good_A,good_B,no_disc,pick,put,redo_A,redo_B,sI,sO_A,sO_B,sP_A,sP_B,sQ_A,sQ_Ar,sQ_B,sQ_Br,sRi,sRo,sS,test1,test2,turn1,turn2
-27977,-32549,-139,-125,-563,-550,-662,-506,-308,-99,-620,-427,25480,35841,-575,-289,-399,-2179,-7446,-38,-745,-743,-518,-520,-358,-63,-399,-516,-207,-144,-516,-720,-638,-565,-521
0.6470387500373308,0.2922474953635825,-1.0,-1.0,-1.0,-1.0,-1.0,-1.0,-1.0,-1.0,-1.0,-1.0,0.12861994044710237,0.17993170385298482,-1.0,-1.0,-1.0,0.8393855971944504,0.7233798183601656,-1.0,-1.0,-1.0,-1.0,-1.0,-1.0,-1.0,-1.0,-1.0,-1.0,-1.0,-1.0,-1.0,-1.0,-1.0,-1.0
