bad_A,bad_B,disc1,disc2,fI,fO_A,fO_B,fP_A,fP_B,fRi,fRo,fS,good_A,good_B,no_disc,pick,put,redo_A,redo_B,sI,sO_A,sO_B,sP_A,sP_B,sQ_A,sQ_Ar,sQ_B,sQ_Br,sRi,sRo,sS,test1,test2,turn1,turn2
-24753,-39781,-90,-530,-499,-380,-516,-446,-271,-744,-37,-99,39956,33512,-273,-476,-249,-5229,-1221,-113,-384,-273,-23,-615,-154,-577,-678,-520,-738,-724,-263,-209,-220,-196,-227
0.6609163668935604,0.14224066694746798,-1.0,-1.0,-1.0,-1.0,-1.0,-1.0,-1.0,-1.0,-1.0,-1.0,0.4827839055664621,0.7383919192481068,-1.0,-1.0,-1.0,0.4833028993090961,0.767909456569299,-1.0,-1.0,-1.0,-1.0,-1.0,-1.0,-1.0,-1.0,-1.0,-1.0,-1.0,-1.0,-1.0,-1.0,-1.0,-1.0
