bad_A,bad_B,disc1,disc2,fI,fO_A,fO_B,fP_A,fP_B,fRi,fRo,fS,good_A,good_B,no_disc,pick,put,redo_A,redo_B,sI,sO_A,sO_B,sP_A,sP_B,sQ_A,sQ_Ar,sQ_B,sQ_Br,sRi,sRo,sS,test1,test2,turn1,turn2
-25985,-30275,-385,-770,-93,-334,-749,-220,-445,-761,-84,-544,34588,23065,-777,-114,-436,-7470,-3830,-383,-278,-215,-768,-300,-146,-794,-709,-457,-579,-363,-291,-513,-172,-625,-93
0.442048190133293,0.2755569774110854,-1.0,-1.0,-1.0,-1.0,-1.0,-1.0,-1.0,-1.0,-1.0,-1.0,0.5576452215301386,0.5098028171738985,-1.0,-1.0,-1.0,0.11870591259190483,0.5628502852989662,-1.0,-1.0,-1.0,-1.0,-1.0,-1.0,-1.0,-1.0,-1.0,-1.0,-1.0,-1.0,-1.0,-1.0,-1.0,-1.0
