bad_A,bad_B,disc1,disc2,fI,fO_A,fO_B,fP_A,fP_B,fRi,fRo,fS,good_A,good_B,no_disc,pick,put,redo_A,redo_B,sI,sO_A,sO_B,sP_A,sP_B,sQ_A,sQ_Ar,sQ_B,sQ_Br,sRi,sRo,sS,test1,test2,turn1,turn2
-24038,-31527,-758,-644,-267,-129,-738,-108,-727,-550,-395,-234,33728,30026,-753,-706,-454,-7598,-8659,-399,-399,-542,-212,-753,-198,-800,-411,-220,-408,-776,-487,-354,-101,-546,-780
0.41350018637877284,0.14058062737434165,-1.0,-1.0,-1.0,-1.0,-1.0,-1.0,-1.0,-1.0,-1.0,-1.0,0.8003282920335266,0.46631402646825526,-1.0,-1.0,-1.0,0.24689015921800445,0.5910751910063928,-1.0,-1.0,-1.0,-1.0,-1.0,-1.0,-1.0,-1.0,-1.0,-1.0,-1.0,-1.0,-1.0,-1.0,-1.0,-1.0
