bad_A,bad_B,disc1,disc2,fI,fO_A,fO_B,fP_A,fP_B,fRi,fRo,fS,good_A,good_B,no_disc,pick,put,redo_A,redo_B,sI,sO_A,sO_B,sP_A,sP_B,sQ_A,sQ_Ar,sQ_B,sQ_Br,sRi,sRo,sS,test1,test2,turn1,turn2
-27965,-27132,-702,-338,-334,-250,-312,-326,-65,-624,-41,-371,34988,38081,-592,-613,-628,-8203,-3369,-140,-690,-571,-760,-747,-64,-139,-98,-132,-547,-705,-332,-23,-799,-427,-78
0.11481887514396788,0.8336277801588603,-1.0,-1.0,-1.0,-1.0,-1.0,-1.0,-1.0,-1.0,-1.0,-1.0,0.5090400586631681,0.5736605940968217,-1.0,-1.0,-1.0,0.24864985625348437,0.4639035110733145,-1.0,-1.0,-1.0,-1.0,-1.0,-1.0,-1.0,-1.0,-1.0,-1.0,-1.0,-1.0,-1.0,-1.0,-1.0,-1.0
