bad_A,bad_B,disc1,disc2,fI,fO_A,fO_B,fP_A,fP_B,fRi,fRo,fS,good_A,good_B,no_disc,pick,put,redo_A,redo_B,sI,sO_A,sO_B,sP_A,sP_B,sQ_A,sQ_Ar,sQ_B,sQ_Br,sRi,sRo,sS,test1,test2,turn1,turn2
-28028,-33786,-283,-205,-788,-724,-478,-456,-679,-501,-300,-397,29944,25318,-638,-718,-334,-5173,-8763,-258,-380,-189,-57,-564,-787,-615,-711,-508,-533,-336,-210,-381,-683,-546,-143
0.41593387644909774,0.8718811950616988,-1.0,-1.0,-1.0,-1.0,-1.0,-1.0,-1.0,-1.0,-1.0,-1.0,0.7468087998937414,0.3524612337867008,-1.0,-1.0,-1.0,0.2638166869664993,0.19477238158391535,-1.0,-1.0,-1.0,-1.0,-1.0,-1.0,-1.0,-1.0,-1.0,-1.0,-1.0,-1.0,-1.0,-1.0,-1.0,-1.0
