bad_A,bad_B,disc1,disc2,fI,fO_A,fO_B,fP_A,fP_B,fRi,fRo,fS,good_A,good_B,no_disc,pick,put,redo_A,redo_B,sI,sO_A,sO_B,sP_A,sP_B,sQ_A,sQ_Ar,sQ_B,sQ_Br,sRi,sRo,sS,test1,test2,turn1,turn2
-20321,-38600,-453,-396,-541,-618,-772,-246,-742,-603,-25,-241,23027,24686,-575,-386,-394,-3494,-1455,-167,-53,-669,-641,-518,-240,-785,-631,-37,-19,-210,-212,-696,-719,-482,-339
0.418755230683005,0.15400417904674876,-1.0,-1.0,-1.0,-1.0,-1.0,-1.0,-1.0,-1.0,-1.0,-1.0,0.5615573111318994,0.14444398510050852,-1.0,-1.0,-1.0,0.8192640909843022,0.15464458598567232,-1.0,-1.0,-1.0,-1.0,-1.0,-1.0,-1.0,-1.0,-1.0,-1.0,-1.0,-1.0,-1.0,-1.0,-1.0,-1.0
