bad_A,bad_B,disc1,disc2,fI,fO_A,fO_B,fP_A,fP_B,fRi,fRo,fS,good_A,good_B,no_disc,pick,put,redo_A,redo_B,sI,sO_A,sO_B,sP_A,sP_B,sQ_A,sQ_Ar,sQ_B,sQ_Br,sRi,sRo,sS,test1,test2,turn1,turn2
-35344,-37544,-471,-54,-535,-306,-374,-27,-229,-529,-316,-532,22160,27496,-680,-740,-614,-2128,-1777,-652,-268,-197,-729,-591,-64,-393,-497,-98,-91,-754,-560,-48,-458,-160,-45
0.6766994790827205,0.5687632925564369,-1.0,-1.0,-1.0,-1.0,-1.0,-1.0,-1.0,-1.0,-1.0,-1.0,0.6543823307428605,0.5686057235142716,-1.0,-1.0,-1.0,0.21725985564250935,0.5532961762015329,-1.0,-1.0,-1.0,-1.0,-1.0,-1.0,-1.0,-1.0,-1.0,-1.0,-1.0,-1.0,-1.0,-1.0,-1.0,-1.0
