bad_A,bad_B,disc1,disc2,fI,fO_A,fO_B,fP_A,fP_B,fRi,fRo,fS,good_A,good_B,no_disc,pick,put,redo_A,redo_B,sI,sO_A,sO_B,sP_A,sP_B,sQ_A,sQ_Ar,sQ_B,sQ_Br,sRi,sRo,sS,test1,test2,turn1,turn2
-25136,-30849,-481,-556,-369,-494,-126,-607,-799,-277,-589,-604,27566,39261,-199,-352,-394,-6219,-6197,-620,-322,-351,-542,-95,-661,-232,-525,-521,-590,-26,-469,-15,-636,-402,-527
0.8178574709330503,0.3493077208041968,-1.0,-1.0,-1.0,-1.0,-1.0,-1.0,-1.0,-1.0,-1.0,-1.0,0.8336265822591229,0.6350044957590231,-1.0,-1.0,-1.0,0.7569536881759266,0.8967125048605943,-1.0,-1.0,-1.0,-1.0,-1.0,-1.0,-1.0,-1.0,-1.0,-1.0,-1.0,-1.0,-1.0,-1.0,-1.0,-1.0
