bad_A,bad_B,disc1,disc2,fI,fO_A,fO_B,fP_A,fP_B,fRi,fRo,fS,good_A,good_B,no_disc,pick,put,redo_A,redo_B,sI,sO_A,sO_B,sP_A,sP_B,sQ_A,sQ_Ar,sQ_B,sQ_Br,sRi,sRo,sS,test1,test2,turn1,turn2
-28383,-38485,-373,-784,-733,-620,-735,-221,-419,-492,-666,-186,24511,30210,-706,-208,-673,-7229,-3595,-561,-211,-673,-283,-748,-642,-350,-230,-221,-19,-231,-591,-647,-567,-663,-756
0.14277345761266202,0.6178077448596733,-1.0,-1.0,-1.0,-1.0,-1.0,-1.0,-1.0,-1.0,-1.0,-1.0,0.4248588441979887,0.6057500794982206,-1.0,-1.0,-1.0,0.3562928575759683,0.10109254740216818,-1.0,-1.0,-1.0,-1.0,-1.0,-1.0,-1.0,-1.0,-1.0,-1.0,-1.0,-1.0,-1.0,-1.0,-1.0,-1.0
