bad_A,bad_B,disc1,disc2,fI,fO_A,fO_B,fP_A,fP_B,fRi,fRo,fS,good_A,good_B,no_disc,pick,put,redo_A,redo_B,sI,sO_A,sO_B,sP_A,sP_B,sQ_A,sQ_Ar,sQ_B,sQ_Br,sRi,sRo,sS,test1,test2,turn1,turn2
-39584,-31992,-474,-179,-411,-237,-589,-131,-99,-543,-24,-165,38408,32002,-339,-794,-129,-4029,-8603,-723,-220,-185,-555,-661,-673,-44,-14,-599,-239,-344,-345,-121,-86,-457,-491
0.7414003788552879,0.45191092887471307,-1.0,-1.0,-1.0,-1.0,-1.0,-1.0,-1.0,-1.0,-1.0,-1.0,0.4968008144848105,0.8701574997244721,-1.0,-1.0,-1.0,0.1114956624749274,0.5797434301679649,-1.0,-1.0,-1.0,-1.0,-1.0,-1.0,-1.0,-1.0,-1.0,-1.0,-1.0,-1.0,-1.0,-1.0,-1.0,-1.0
