bad_A,bad_B,disc1,disc2,fI,fO_A,fO_B,fP_A,fP_B,fRi,fRo,fS,good_A,good_B,no_disc,pick,put,redo_A,redo_B,sI,sO_A,sO_B,sP_A,sP_B,sQ_A,sQ_Ar,sQ_B,sQ_Br,sRi,sRo,sS,test1,test2,turn1,turn2
-37104,-21504,-238,-158,-797,-788,-675,-666,-220,-96,-799,-312,25851,39103,-230,-158,-632,-5106,-2687,-468,-563,-749,-272,-389,-386,-144,-276,-375,-402,-131,-766,-189,-728,-351,-144
0.7619811630985571,0.4884999867499792,-1.0,-1.0,-1.0,-1.0,-1.0,-1.0,-1.0,-1.0,-1.0,-1.0,0.5161654750298836,0.27425162061174185,-1.0,-1.0,-1.0,0.6367009454810126,0.7656618798963025,-1.0,-1.0,-1.0,-1.0,-1.0,-1.0,-1.0,-1.0,-1.0,-1.0,-1.0,-1.0,-1.0,-1.0,-1.0,-1.0
