bad_A,bad_B,disc1,disc2,fI,fO_A,fO_B,fP_A,fP_B,fRi,fRo,fS,good_A,good_B,no_disc,pick,put,redo_A,redo_B,sI,sO_A,sO_B,sP_A,sP_B,sQ_A,sQ_Ar,sQ_B,sQ_Br,sRi,sRo,sS,test1,test2,turn1,turn2
-26273,-24600,-160,-668,-776,-154,-287,-409,-636,-529,-683,-589,30222,31677,-154,-221,-292,-8501,-1887,-182,-511,-384,-497,-10,-288,-393,-340,-538,-78,-60,-381,-744,-565,-414,-797
0.49428926772662785,0.7607109400082084,-1.0,-1.0,-1.0,-1.0,-1.0,-1.0,-1.0,-1.0,-1.0,-1.0,0.21285911294704915,0.14652751024848723,-1.0,-1.0,-1.0,0.6270752494198568,0.291242978835467,-1.0,-1.0,-1.0,-1.0,-1.0,-1.0,-1.0,-1.0,-1.0,-1.0,-1.0,-1.0,-1.0,-1.0,-1.0,-1.0
