bad_A,bad_B,disc1,disc2,fI,fO_A,fO_B,fP_A,fP_B,fRi,fRo,fS,good_A,good_B,no_disc,pick,put,redo_A,redo_B,sI,sO_A,sO_B,sP_A,sP_B,sQ_A,sQ_Ar,sQ_B,sQ_Br,sRi,sRo,sS,test1,test2,turn1,turn2
-35605,-27355,-777,-253,-173,-104,-108,-352,-91,-338,-312,-192,23450,39402,-741,-167,-457,-6689,-4647,-513,-549,-660,-554,-250,-136,-220,-745,-781,-613,-406,-336,-200,-326,-608,-147
0.19180844998439045,0.7034968398061433,-1.0,-1.0,-1.0,-1.0,-1.0,-1.0,-1.0,-1.0,-1.0,-1.0,0.5449040013983232,0.8996460927515999,-1.0,-1.0,-1.0,0.32988949409508034,0.5328629589767083,-1.0,-1.0,-1.0,-1.0,-1.0,-1.0,-1.0,-1.0,-1.0,-1.0,-1.0,-1.0,-1.0,-1.0,-1.0,-1.0
