bad_A,bad_B,disc1,disc2,fI,fO_A,fO_B,fP_A,fP_B,fRi,fRo,fS,good_A,good_B,no_disc,pick,put,redo_A,redo_B,sI,sO_A,sO_B,sP_A,sP_B,sQ_A,sQ_Ar,sQ_B,sQ_Br,sRi,sRo,sS,test1,test2,turn1,turn2
-28752,-28333,-708,-400,-573,-561,-716,-515,-349,-285,-479,-585,24133,23592,-289,-419,-430,-4028,-3273,-460,-461,-362,-49,-76,-125,-366,-656,-340,-628,-83,-500,-231,-386,-770,-594
0.46350217013993433,0.4507662190773618,-1.0,-1.0,-1.0,-1.0,-1.0,-1.0,-1.0,-1.0,-1.0,-1.0,0.6653095373444617,0.4906844113394312,-1.0,-1.0,-1.0,0.15866837697289543,0.7635143967723192,-1.0,-1.0,-1.0,-1.0,-1.0,-1.0,-1.0,-1.0,-1.0,-1.0,-1.0,-1.0,-1.0,-1.0,-1.0,-1.0
