bad_A,bad_B,disc1,disc2,fI,fO_A,fO_B,fP_A,fP_B,fRi,fRo,fS,good_A,good_B,no_disc,pick,put,redo_A,redo_B,sI,sO_A,sO_B,sP_A,sP_B,sQ_A,sQ_Ar,sQ_B,sQ_Br,sRi,sRo,sS,test1,test2,turn1,turn2
-38606,-32462,-279,-660,-691,-121,-517,-204,-381,-156,-523,-800,37011,20507,-770,-672,-294,-1403,-4397,-59,-25,-549,-709,-611,-650,-274,-389,-363,-70,-459,-211,-213,-229,-670,-535
0.3807850675402339,0.5908680158624602,-1.0,-1.0,-1.0,-1.0,-1.0,-1.0,-1.0,-1.0,-1.0,-1.0,0.23118273973160486,0.3995450376495985,-1.0,-1.0,-1.0,0.5516891600097223,0.4727356327779848,-1.0,-1.0,-1.0,-1.0,-1.0,-1.0,-1.0,-1.0,-1.0,-1.0,-1.0,-1.0,-1.0,-1.0,-1.0,-1.0
