bad_A,bad_B,disc1,disc2,fI,fO_A,fO_B,fP_A,fP_B,fRi,fRo,fS,good_A,good_B,no_disc,pick,put,redo_A,redo_B,sI,sO_A,sO_B,sP_A,sP_B,sQ_A,sQ_Ar,sQ_B,sQ_Br,sRi,sRo,sS,test1,test2,turn1,turn2
-33772,-38933,-336,-643,-69,-650,-794,-534,-540,-661,-762,-154,22762,26332,-255,-733,-739,-1921,-4479,-609,-321,-368,-721,-41,-239,-148,-81,-67,-356,-755,-141,-607,-669,-602,-526
0.3894769142276735,0.3669419347694409,-1.0,-1.0,-1.0,-1.0,-1.0,-1.0,-1.0,-1.0,-1.0,-1.0,0.1962552650169739,0.4162803768190656,-1.0,-1.0,-1.0,0.6793961014170647,0.4904994368771427,-1.0,-1.0,-1.0,-1.0,-1.0,-1.0,-1.0,-1.0,-1.0,-1.0,-1.0,-1.0,-1.0,-1.0,-1.0,-1.0
