bad_A,bad_B,disc1,disc2,fI,fO_A,fO_B,fP_A,fP_B,fRi,fRo,fS,good_A,good_B,no_disc,pick,put,redo_A,redo_B,sI,sO_A,sO_B,sP_A,sP_B,sQ_A,sQ_Ar,sQ_B,sQ_Br,sRi,sRo,sS,test1,test2,turn1,turn2
-23459,-27961,-429,-629,-654,-635,-125,-249,-565,-361,-697,-153,35782,35536,-128,-673,-189,-5210,-3167,-53,-679,-568,-470,-160,-706,-570,-532,-76,-197,-542,-563,-587,-748,-275,-407
0.13039123537146385,0.19975505665448046,-1.0,-1.0,-1.0,-1.0,-1.0,-1.0,-1.0,-1.0,-1.0,-1.0,0.39497420622337076,0.7270755638829741,-1.0,-1.0,-1.0,0.4329919457097926,0.4063462599303098,-1.0,-1.0,-1.0,-1.0,-1.0,-1.0,-1.0,-1.0,-1.0,-1.0,-1.0,-1.0,-1.0,-1.0,-1.0,-1.0
