bad_A,bad_B,disc1,disc2,fI,fO_A,fO_B,fP_A,fP_B,fRi,fRo,fS,good_A,good_B,no_disc,pick,put,redo_A,redo_B,sI,sO_A,sO_B,sP_A,sP_B,sQ_A,sQ_Ar,sQ_B,sQ_Br,sRi,sRo,sS,test1,test2,turn1,turn2
-31542,-30295,-782,-492,-346,-256,-413,-628,-186,-110,-790,-691,35565,21497,-663,-636,-213,-1772,-7135,-648,-395,-543,-250,-628,-57,-709,-412,-483,-360,-29,-23,-56,-296,-67,-548
0.8999820829282636,0.46691364432636273,-1.0,-1.0,-1.0,-1.0,-1.0,-1.0,-1.0,-1.0,-1.0,-1.0,0.27107764184452166,0.7822570695599081,-1.0,-1.0,-1.0,0.3464341476010822,0.748053771769427,-1.0,-1.0,-1.0,-1.0,-1.0,-1.0,-1.0,-1.0,-1.0,-1.0,-1.0,-1.0,-1.0,-1.0,-1.0,-1.0
