bad_A,bad_B,disc1,disc2,fI,fO_A,fO_B,fP_A,fP_B,fRi,fRo,fS,good_A,good_B,no_disc,pick,put,redo_A,redo_B,sI,sO_A,sO_B,sP_A,sP_B,sQ_A,sQ_Ar,sQ_B,sQ_Br,sRi,sRo,sS,test1,test2,turn1,turn2
-26447,-33775,-152,-694,-418,-219,-12,-111,-215,-441,-568,-49,23745,30901,-772,-474,-341,-1885,-3014,-332,-435,-505,-392,-489,-450,-552,-708,-106,-48,-307,-548,-18,-565,-621,-558
0.7286288892787947,0.7155020599335856,-1.0,-1.0,-1.0,-1.0,-1.0,-1.0,-1.0,-1.0,-1.0,-1.0,0.7734880854746188,0.17520609366931952,-1.0,-1.0,-1.0,0.3233904759022826,0.1759227453870106,-1.0,-1.0,-1.0,-1.0,-1.0,-1.0,-1.0,-1.0,-1.0,-1.0,-1.0,-1.0,-1.0,-1.0,-1.0,-1.0
