bad_A,bad_B,disc1,disc2,fI,fO_A,fO_B,fP_A,fP_B,fRi,fRo,fS,good_A,good_B,no_disc,pick,put,redo_A,redo_B,sI,sO_A,sO_B,sP_A,sP_B,sQ_A,sQ_Ar,sQ_B,sQ_Br,sRi,sRo,sS,test1,test2,turn1,turn2
-23832,-32877,-544,-358,-535,-38,-408,-337,-756,-365,-86,-638,26160,33178,-279,-662,-714,-2794,-8117,-774,-564,-739,-556,-707,-506,-310,-505,-214,-436,-74,-629,-353,-297,-781,-458
0.49202279775308544,0.42832155581073994,-1.0,-1.0,-1.0,-1.0,-1.0,-1.0,-1.0,-1.0,-1.0,-1.0,0.20861942178920564,0.8787857408686882,-1.0,-1.0,-1.0,0.27808546227995457,0.4528186636486462,-1.0,-1.0,-1.0,-1.0,-1.0,-1.0,-1.0,-1.0,-1.0,-1.0,-1.0,-1.0,-1.0,-1.0,-1.0,-1.0
