bad_A,bad_B,disc1,disc2,fI,fO_A,fO_B,fP_A,fP_B,fRi,fRo,fS,good_A,good_B,no_disc,pick,put,redo_A,redo_B,sI,sO_A,sO_B,sP_A,sP_B,sQ_A,sQ_Ar,sQ_B,sQ_Br,sRi,sRo,sS,test1,test2,turn1,turn2
-31486,-39235,-364,-317,-437,-717,-643,-542,-763,-104,-163,-49,28024,32152,-649,-553,-716,-5871,-7951,-377,-465,-349,-468,-563,-766,-366,-182,-739,-316,-430,-347,-99,-566,-356,-436
0.8783698770299617,0.46389345878357213,-1.0,-1.0,-1.0,-1.0,-1.0,-1.0,-1.0,-1.0,-1.0,-1.0,0.6836018717886597,0.5923632274019018,-1.0,-1.0,-1.0,0.23569316431783288,0.8545065338373898,-1.0,-1.0,-1.0,-1.0,-1.0,-1.0,-1.0,-1.0,-1.0,-1.0,-1.0,-1.0,-1.0,-1.0,-1.0,-1.0
