bad_A,bad_B,disc1,disc2,fI,fO_A,fO_B,fP_A,fP_B,fRi,fRo,fS,good_A,good_B,no_disc,pick,put,redo_A,redo_B,sI,sO_A,sO_B,sP_A,sP_B,sQ_A,sQ_Ar,sQ_B,sQ_Br,sRi,sRo,sS,test1,test2,turn1,turn2
-36062,-34719,-684,-92,-625,-752,-37,-786,-515,-434,-656,-438,35136,30835,-352,-637,-212,-7908,-1325,-453,-450,-344,-236,-611,-584,-768,-43,-683,-521,-209,-20,-118,-583,-551,-41
0.6779319416357732,0.15926488754946544,-1.0,-1.0,-1.0,-1.0,-1.0,-1.0,-1.0,-1.0,-1.0,-1.0,0.7604027881453589,0.13546471806683594,-1.0,-1.0,-1.0,0.6579252273697398,0.13952097084919457,-1.0,-1.0,-1.0,-1.0,-1.0,-1.0,-1.0,-1.0,-1.0,-1.0,-1.0,-1.0,-1.0,-1.0,-1.0,-1.0
