bad_A,bad_B,disc1,disc2,fI,fO_A,fO_B,fP_A,fP_B,fRi,fRo,fS,good_A,good_B,no_disc,pick,put,redo_A,redo_B,sI,sO_A,sO_B,sP_A,sP_B,sQ_A,sQ_Ar,sQ_B,sQ_Br,sRi,sRo,sS,test1,test2,turn1,turn2
-38285,-26645,-242,-380,-250,-206,-302,-143,-145,-13,-448,-297,23223,25266,-443,-195,-338,-1865,-4921,-384,-562,-388,-403,-487,-789,-661,-297,-551,-377,-784,-229,-285,-643,-789,-530
0.8428574789537314,0.6783719683167939,-1.0,-1.0,-1.0,-1.0,-1.0,-1.0,-1.0,-1.0,-1.0,-1.0,0.8021747790718187,0.5187755497942944,-1.0,-1.0,-1.0,0.6575738599330214,0.6092439793871579,-1.0,-1.0,-1.0,-1.0,-1.0,-1.0,-1.0,-1.0,-1.0,-1.0,-1.0,-1.0,-1.0,-1.0,-1.0,-1.0
