bad_A,bad_B,disc1,disc2,fI,fO_A,fO_B,fP_A,fP_B,fRi,fRo,fS,good_A,good_B,no_disc,pick,put,redo_A,redo_B,sI,sO_A,sO_B,sP_A,sP_B,sQ_A,sQ_Ar,sQ_B,sQ_Br,sRi,sRo,sS,test1,test2,turn1,turn2
-33397,-22814,-242,-427,-654,-238,-799,-707,-135,-683,-196,-69,38236,22905,-648,-155,-121,-1021,-5791,-640,-495,-116,-274,-178,-415,-230,-16,-508,-338,-413,-78,-31,-522,-22,-146
0.33864713230654353,0.7633272250295849,-1.0,-1.0,-1.0,-1.0,-1.0,-1.0,-1.0,-1.0,-1.0,-1.0,0.7117946312119549,0.3489055979540455,-1.0,-1.0,-1.0,0.7325084690048527,0.7959045289295718,-1.0,-1.0,-1.0,-1.0,-1.0,-1.0,-1.0,-1.0,-1.0,-1.0,-1.0,-1.0,-1.0,-1.0,-1.0,-1.0
