{"initial_reset_timestamp": 4186.620137739, "timestamps": [4191.33552983, 4191.387957256, 4191.408673016, 4191.432371393, 4191.457661307, 4191.478205408, 4191.498723276, 4192.160260497, 4192.212896826, 4192.233541047], "episode_lengths": [20, 20, 20, 20, 20, 20, 20, 20, 20, 20], "episode_rewards": [-2.2650869330798757, -2.4696935695741575, -2.7331192230311, -2.5131748385480033, -4.208178934521856, -3.1110928384121523, -2.3058813774507154, -2.613560843799497, -2.813802198521445, -2.276247178501218], "episode_types": ["t", "t", "t", "t", "t", "t", "t", "t", "t", "t", "t"]}