{"initial_reset_timestamp": 4693.661409665, "timestamps": [4729.442320867, 4731.256104998, 4732.961729978, 4734.598390901, 4736.248736069, 4737.950435893, 4739.554400456, 4774.155413479, 4775.588468383, 4777.126242617], "episode_lengths": [1000, 1000, 1000, 1000, 1000, 1000, 1000, 1000, 1000, 1000], "episode_rewards": [84.79380964237615, 81.60217050206687, 80.80909931341215, 83.05992548387738, 87.28814006710847, 79.36532533934549, 85.7058761295043, 181.77457852470224, 182.01957293055756, 69.23543809291093], "episode_types": ["t", "t", "t", "t", "t", "t", "t", "t", "t", "t", "t"]}