bad_A,bad_B,disc1,disc2,fI,fO_A,fO_B,fP_A,fP_B,fRi,fRo,fS,good_A,good_B,no_disc,pick,put,redo_A,redo_B,sI,sO_A,sO_B,sP_A,sP_B,sQ_A,sQ_Ar,sQ_B,sQ_Br,sRi,sRo,sS,test1,test2,turn1,turn2
-27693,-29315,-428,-360,-302,-586,-492,-19,-331,-296,-638,-93,20222,31380,-763,-117,-44,-1952,-6330,-714,-555,-154,-460,-133,-268,-173,-677,-266,-267,-138,-72,-617,-148,-591,-612
0.8681412689553872,0.36480304875137015,-1.0,-1.0,-1.0,-1.0,-1.0,-1.0,-1.0,-1.0,-1.0,-1.0,0.6039897595764561,0.8219711102622641,-1.0,-1.0,-1.0,0.44736727269708143,0.7988732354349175,-1.0,-1.0,-1.0,-1.0,-1.0,-1.0,-1.0,-1.0,-1.0,-1.0,-1.0,-1.0,-1.0,-1.0,-1.0,-1.0
