bad_A,bad_B,disc1,disc2,fI,fO_A,fO_B,fP_A,fP_B,fRi,fRo,fS,good_A,good_B,no_disc,pick,put,redo_A,redo_B,sI,sO_A,sO_B,sP_A,sP_B,sQ_A,sQ_Ar,sQ_B,sQ_Br,sRi,sRo,sS,test1,test2,turn1,turn2
-20742,-26234,-296,-463,-398,-541,-497,-193,-676,-400,-441,-42,30504,35576,-700,-476,-648,-5498,-4807,-304,-556,-109,-488,-53,-641,-783,-385,-400,-500,-332,-516,-684,-138,-453,-357
0.86527812755003,0.122188400641034,-1.0,-1.0,-1.0,-1.0,-1.0,-1.0,-1.0,-1.0,-1.0,-1.0,0.789633339204614,0.15524137417761663,-1.0,-1.0,-1.0,0.6095783446574206,0.4404437576618445,-1.0,-1.0,-1.0,-1.0,-1.0,-1.0,-1.0,-1.0,-1.0,-1.0,-1.0,-1.0,-1.0,-1.0,-1.0,-1.0
