bad_A,bad_B,disc1,disc2,fI,fO_A,fO_B,fP_A,fP_B,fRi,fRo,fS,good_A,good_B,no_disc,pick,put,redo_A,redo_B,sI,sO_A,sO_B,sP_A,sP_B,sQ_A,sQ_Ar,sQ_B,sQ_Br,sRi,sRo,sS,test1,test2,turn1,turn2
-36928,-24498,-688,-441,-325,-701,-188,-440,-662,-721,-309,-657,21126,38621,-385,-353,-303,-1772,-5455,-704,-692,-402,-580,-677,-753,-22,-659,-345,-658,-680,-25,-671,-741,-382,-280
0.47320073400150975,0.2169521376298672,-1.0,-1.0,-1.0,-1.0,-1.0,-1.0,-1.0,-1.0,-1.0,-1.0,0.8332886496952473,0.2723453021262177,-1.0,-1.0,-1.0,0.15432726007355246,0.564651353531709,-1.0,-1.0,-1.0,-1.0,-1.0,-1.0,-1.0,-1.0,-1.0,-1.0,-1.0,-1.0,-1.0,-1.0,-1.0,-1.0
