bad_A,bad_B,disc1,disc2,fI,fO_A,fO_B,fP_A,fP_B,fRi,fRo,fS,good_A,good_B,no_disc,pick,put,redo_A,redo_B,sI,sO_A,sO_B,sP_A,sP_B,sQ_A,sQ_Ar,sQ_B,sQ_Br,sRi,sRo,sS,test1,test2,turn1,turn2
-24651,-20248,-491,-370,-472,-130,-657,-750,-724,-35,-74,-548,31200,21720,-580,-756,-267,-3905,-5260,-246,-667,-451,-605,-276,-468,-376,-103,-639,-417,-239,-495,-733,-748,-404,-270
0.38705166766429466,0.5825124817363135,-1.0,-1.0,-1.0,-1.0,-1.0,-1.0,-1.0,-1.0,-1.0,-1.0,0.6674802272020626,0.516627739447607,-1.0,-1.0,-1.0,0.7124988186260688,0.7483617789057598,-1.0,-1.0,-1.0,-1.0,-1.0,-1.0,-1.0,-1.0,-1.0,-1.0,-1.0,-1.0,-1.0,-1.0,-1.0,-1.0
