bad_A,bad_B,disc1,disc2,fI,fO_A,fO_B,fP_A,fP_B,fRi,fRo,fS,good_A,good_B,no_disc,pick,put,redo_A,redo_B,sI,sO_A,sO_B,sP_A,sP_B,sQ_A,sQ_Ar,sQ_B,sQ_Br,sRi,sRo,sS,test1,test2,turn1,turn2
-37004,-27177,-374,-529,-589,-21,-206,-558,-125,-78,-399,-605,33462,39654,-232,-740,-707,-5227,-3214,-652,-740,-560,-535,-634,-435,-175,-407,-553,-87,-635,-404,-755,-271,-631,-772
0.18710746776669912,0.7692719607709808,-1.0,-1.0,-1.0,-1.0,-1.0,-1.0,-1.0,-1.0,-1.0,-1.0,0.10019786318951214,0.7747612887452794,-1.0,-1.0,-1.0,0.8178115650873606,0.5021648648920629,-1.0,-1.0,-1.0,-1.0,-1.0,-1.0,-1.0,-1.0,-1.0,-1.0,-1.0,-1.0,-1.0,-1.0,-1.0,-1.0
