bad_A,bad_B,disc1,disc2,fI,fO_A,fO_B,fP_A,fP_B,fRi,fRo,fS,good_A,good_B,no_disc,pick,put,redo_A,redo_B,sI,sO_A,sO_B,sP_A,sP_B,sQ_A,sQ_Ar,sQ_B,sQ_Br,sRi,sRo,sS,test1,test2,turn1,turn2
-21635,-30465,-621,-101,-402,-287,-284,-82,-760,-736,-104,-10,35924,39527,-50,-342,-696,-8584,-8588,-460,-609,-702,-233,-301,-673,-733,-787,-463,-783,-483,-539,-114,-430,-695,-566
0.5716836821605568,0.5299299738128961,-1.0,-1.0,-1.0,-1.0,-1.0,-1.0,-1.0,-1.0,-1.0,-1.0,0.23094308965671173,0.35799924038945397,-1.0,-1.0,-1.0,0.485357644904472,0.5590095061495297,-1.0,-1.0,-1.0,-1.0,-1.0,-1.0,-1.0,-1.0,-1.0,-1.0,-1.0,-1.0,-1.0,-1.0,-1.0,-1.0
