bad_A,bad_B,disc1,disc2,fI,fO_A,fO_B,fP_A,fP_B,fRi,fRo,fS,good_A,good_B,no_disc,pick,put,redo_A,redo_B,sI,sO_A,sO_B,sP_A,sP_B,sQ_A,sQ_Ar,sQ_B,sQ_Br,sRi,sRo,sS,test1,test2,turn1,turn2
-27212,-35955,-362,-746,-606,-96,-614,-212,-124,-25,-153,-214,39017,38286,-343,-450,-301,-7738,-2907,-314,-742,-59,-284,-522,-408,-53,-664,-710,-155,-324,-600,-409,-259,-715,-698
0.8545695946847065,0.49983425943042115,-1.0,-1.0,-1.0,-1.0,-1.0,-1.0,-1.0,-1.0,-1.0,-1.0,0.26270497169408336,0.14038904839086977,-1.0,-1.0,-1.0,0.7538587891808135,0.2039616931379741,-1.0,-1.0,-1.0,-1.0,-1.0,-1.0,-1.0,-1.0,-1.0,-1.0,-1.0,-1.0,-1.0,-1.0,-1.0,-1.0
