bad_A,bad_B,disc1,disc2,fI,fO_A,fO_B,fP_A,fP_B,fRi,fRo,fS,good_A,good_B,no_disc,pick,put,redo_A,redo_B,sI,sO_A,sO_B,sP_A,sP_B,sQ_A,sQ_Ar,sQ_B,sQ_Br,sRi,sRo,sS,test1,test2,turn1,turn2
-26773,-22583,-657,-248,-108,-203,-94,-296,-231,-81,-713,-721,21717,28829,-170,-129,-652,-8032,-7166,-167,-600,-105,-280,-714,-578,-489,-299,-688,-451,-772,-40,-353,-659,-167,-252
0.2817581863739794,0.8271686564579696,-1.0,-1.0,-1.0,-1.0,-1.0,-1.0,-1.0,-1.0,-1.0,-1.0,0.8853428420400582,0.7257583073406487,-1.0,-1.0,-1.0,0.24234251971773954,0.512235824093313,-1.0,-1.0,-1.0,-1.0,-1.0,-1.0,-1.0,-1.0,-1.0,-1.0,-1.0,-1.0,-1.0,-1.0,-1.0,-1.0
