bad_A,bad_B,disc1,disc2,fI,fO_A,fO_B,fP_A,fP_B,fRi,fRo,fS,good_A,good_B,no_disc,pick,put,redo_A,redo_B,sI,sO_A,sO_B,sP_A,sP_B,sQ_A,sQ_Ar,sQ_B,sQ_Br,sRi,sRo,sS,test1,test2,turn1,turn2
-31747,-30797,-456,-150,-70,-214,-399,-745,-304,-602,-71,-217,22702,34368,-57,-684,-371,-3754,-3886,-293,-328,-583,-659,-385,-469,-689,-513,-762,-416,-225,-202,-428,-738,-299,-168
0.6335714281417026,0.8150759687806539,-1.0,-1.0,-1.0,-1.0,-1.0,-1.0,-1.0,-1.0,-1.0,-1.0,0.8610637809587057,0.6733550150001936,-1.0,-1.0,-1.0,0.28021615229519403,0.35431558615881753,-1.0,-1.0,-1.0,-1.0,-1.0,-1.0,-1.0,-1.0,-1.0,-1.0,-1.0,-1.0,-1.0,-1.0,-1.0,-1.0
