bad_A,bad_B,disc1,disc2,fI,fO_A,fO_B,fP_A,fP_B,fRi,fRo,fS,good_A,good_B,no_disc,pick,put,redo_A,redo_B,sI,sO_A,sO_B,sP_A,sP_B,sQ_A,sQ_Ar,sQ_B,sQ_Br,sRi,sRo,sS,test1,test2,turn1,turn2
-30659,-27161,-497,-160,-251,-728,-607,-494,-505,-758,-198,-76,33480,34328,-455,-613,-299,-2212,-5876,-292,-269,-264,-181,-178,-258,-353,-209,-516,-175,-370,-489,-657,-705,-258,-650
0.5057138593826939,0.17161710621075787,-1.0,-1.0,-1.0,-1.0,-1.0,-1.0,-1.0,-1.0,-1.0,-1.0,0.10197660224296384,0.6881192964768368,-1.0,-1.0,-1.0,0.4389152486554071,0.40688604942207895,-1.0,-1.0,-1.0,-1.0,-1.0,-1.0,-1.0,-1.0,-1.0,-1.0,-1.0,-1.0,-1.0,-1.0,-1.0,-1.0
