bad_A,bad_B,disc1,disc2,fI,fO_A,fO_B,fP_A,fP_B,fRi,fRo,fS,good_A,good_B,no_disc,pick,put,redo_A,redo_B,sI,sO_A,sO_B,sP_A,sP_B,sQ_A,sQ_Ar,sQ_B,sQ_Br,sRi,sRo,sS,test1,test2,turn1,turn2
-21010,-25910,-461,-28,-680,-592,-702,-327,-780,-56,-356,-292,23441,33013,-332,-749,-787,-7319,-7244,-77,-462,-201,-672,-89,-343,-448,-396,-370,-374,-676,-750,-727,-141,-370,-475
0.3179859760765289,0.6546469127660155,-1.0,-1.0,-1.0,-1.0,-1.0,-1.0,-1.0,-1.0,-1.0,-1.0,0.7502016214223766,0.1875011960766967,-1.0,-1.0,-1.0,0.514988545842313,0.4608282491251443,-1.0,-1.0,-1.0,-1.0,-1.0,-1.0,-1.0,-1.0,-1.0,-1.0,-1.0,-1.0,-1.0,-1.0,-1.0,-1.0
