bad_A,bad_B,disc1,disc2,fI,fO_A,fO_B,fP_A,fP_B,fRi,fRo,fS,good_A,good_B,no_disc,pick,put,redo_A,redo_B,sI,sO_A,sO_B,sP_A,sP_B,sQ_A,sQ_Ar,sQ_B,sQ_Br,sRi,sRo,sS,test1,test2,turn1,turn2
-29666,-37585,-372,-631,-468,-320,-641,-144,-361,-632,-397,-157,23747,28875,-598,-181,-724,-6282,-1546,-35,-463,-526,-122,-678,-621,-131,-42,-793,-527,-744,-702,-107,-284,-198,-790
0.38337827943309744,0.40962798760682784,-1.0,-1.0,-1.0,-1.0,-1.0,-1.0,-1.0,-1.0,-1.0,-1.0,0.10106497025779984,0.5590508011930364,-1.0,-1.0,-1.0,0.5016141996836301,0.5366106980635589,-1.0,-1.0,-1.0,-1.0,-1.0,-1.0,-1.0,-1.0,-1.0,-1.0,-1.0,-1.0,-1.0,-1.0,-1.0,-1.0
