bad_A,bad_B,disc1,disc2,fI,fO_A,fO_B,fP_A,fP_B,fRi,fRo,fS,good_A,good_B,no_disc,pick,put,redo_A,redo_B,sI,sO_A,sO_B,sP_A,sP_B,sQ_A,sQ_Ar,sQ_B,sQ_Br,sRi,sRo,sS,test1,test2,turn1,turn2
-27565,-39357,-763,-190,-385,-484,-752,-181,-13,-10,-141,-295,28521,35999,-259,-106,-470,-1359,-6253,-314,-434,-787,-630,-621,-325,-195,-784,-712,-776,-594,-360,-649,-471,-30,-228
0.6705576315595665,0.5769817492248194,-1.0,-1.0,-1.0,-1.0,-1.0,-1.0,-1.0,-1.0,-1.0,-1.0,0.8715202988138407,0.6005683610860744,-1.0,-1.0,-1.0,0.45574461543279876,0.12985794945304685,-1.0,-1.0,-1.0,-1.0,-1.0,-1.0,-1.0,-1.0,-1.0,-1.0,-1.0,-1.0,-1.0,-1.0,-1.0,-1.0
