bad_A,bad_B,disc1,disc2,fI,fO_A,fO_B,fP_A,fP_B,fRi,fRo,fS,good_A,good_B,no_disc,pick,put,redo_A,redo_B,sI,sO_A,sO_B,sP_A,sP_B,sQ_A,sQ_Ar,sQ_B,sQ_Br,sRi,sRo,sS,test1,test2,turn1,turn2
-26658,-26583,-608,-243,-197,-55,-424,-102,-24,-149,-618,-37,33542,33453,-696,-592,-595,-8919,-5493,-746,-585,-41,-537,-566,-799,-326,-455,-768,-47,-747,-259,-588,-518,-540,-31
0.8347121186966289,0.17997620952023158,-1.0,-1.0,-1.0,-1.0,-1.0,-1.0,-1.0,-1.0,-1.0,-1.0,0.4379287182997319,0.752473827746668,-1.0,-1.0,-1.0,0.7666297348532587,0.2946891378965575,-1.0,-1.0,-1.0,-1.0,-1.0,-1.0,-1.0,-1.0,-1.0,-1.0,-1.0,-1.0,-1.0,-1.0,-1.0,-1.0
