bad_A,bad_B,disc1,disc2,fI,fO_A,fO_B,fP_A,fP_B,fRi,fRo,fS,good_A,good_B,no_disc,pick,put,redo_A,redo_B,sI,sO_A,sO_B,sP_A,sP_B,sQ_A,sQ_Ar,sQ_B,sQ_Br,sRi,sRo,sS,test1,test2,turn1,turn2
-30200,-35148,-653,-362,-436,-68,-29,-137,-61,-283,-600,-244,38618,34328,-458,-606,-505,-4076,-1935,-205,-273,-578,-648,-502,-357,-263,-133,-617,-190,-231,-211,-517,-302,-234,-174
0.6830554459153552,0.34574068622526766,-1.0,-1.0,-1.0,-1.0,-1.0,-1.0,-1.0,-1.0,-1.0,-1.0,0.5588864339015602,0.3252837596257879,-1.0,-1.0,-1.0,0.5796366322641341,0.46032627304539353,-1.0,-1.0,-1.0,-1.0,-1.0,-1.0,-1.0,-1.0,-1.0,-1.0,-1.0,-1.0,-1.0,-1.0,-1.0,-1.0
