bad_A,bad_B,disc1,disc2,fI,fO_A,fO_B,fP_A,fP_B,fRi,fRo,fS,good_A,good_B,no_disc,pick,put,redo_A,redo_B,sI,sO_A,sO_B,sP_A,sP_B,sQ_A,sQ_Ar,sQ_B,sQ_Br,sRi,sRo,sS,test1,test2,turn1,turn2
-30852,-38786,-140,-340,-271,-463,-305,-178,-635,-38,-493,-81,22854,35174,-658,-124,-348,-2812,-8011,-487,-691,-616,-721,-614,-388,-23,-448,-693,-459,-122,-234,-108,-757,-177,-393
0.318704879689214,0.46443208511043443,-1.0,-1.0,-1.0,-1.0,-1.0,-1.0,-1.0,-1.0,-1.0,-1.0,0.5364911978477256,0.8006112680791507,-1.0,-1.0,-1.0,0.13510602167143812,0.45444795411210825,-1.0,-1.0,-1.0,-1.0,-1.0,-1.0,-1.0,-1.0,-1.0,-1.0,-1.0,-1.0,-1.0,-1.0,-1.0,-1.0
