bad_A,bad_B,disc1,disc2,fI,fO_A,fO_B,fP_A,fP_B,fRi,fRo,fS,good_A,good_B,no_disc,pick,put,redo_A,redo_B,sI,sO_A,sO_B,sP_A,sP_B,sQ_A,sQ_Ar,sQ_B,sQ_Br,sRi,sRo,sS,test1,test2,turn1,turn2
-35353,-36701,-471,-535,-355,-741,-694,-414,-216,-358,-455,-86,32301,23463,-120,-646,-782,-8175,-2006,-358,-717,-83,-374,-486,-58,-266,-767,-63,-603,-168,-548,-197,-418,-687,-411
0.4105268992650637,0.2893574291907671,-1.0,-1.0,-1.0,-1.0,-1.0,-1.0,-1.0,-1.0,-1.0,-1.0,0.12012029362760615,0.7909396933123832,-1.0,-1.0,-1.0,0.4512169317612631,0.35365141466586747,-1.0,-1.0,-1.0,-1.0,-1.0,-1.0,-1.0,-1.0,-1.0,-1.0,-1.0,-1.0,-1.0,-1.0,-1.0,-1.0
