bad_A,bad_B,disc1,disc2,fI,fO_A,fO_B,fP_A,fP_B,fRi,fRo,fS,good_A,good_B,no_disc,pick,put,redo_A,redo_B,sI,sO_A,sO_B,sP_A,sP_B,sQ_A,sQ_Ar,sQ_B,sQ_Br,sRi,sRo,sS,test1,test2,turn1,turn2
-22623,-28777,-325,-195,-258,-729,-724,-134,-158,-374,-469,-727,32939,38437,-550,-719,-216,-3617,-1506,-190,-779,-545,-392,-34,-339,-699,-609,-710,-771,-708,-193,-325,-676,-379,-56
0.280826650629879,0.300129243738684,-1.0,-1.0,-1.0,-1.0,-1.0,-1.0,-1.0,-1.0,-1.0,-1.0,0.8732237833683983,0.31749061745375584,-1.0,-1.0,-1.0,0.3461188756554061,0.5471231090954624,-1.0,-1.0,-1.0,-1.0,-1.0,-1.0,-1.0,-1.0,-1.0,-1.0,-1.0,-1.0,-1.0,-1.0,-1.0,-1.0
