bad_A,bad_B,disc1,disc2,fI,fO_A,fO_B,fP_A,fP_B,fRi,fRo,fS,good_A,good_B,no_disc,pick,put,redo_A,redo_B,sI,sO_A,sO_B,sP_A,sP_B,sQ_A,sQ_Ar,sQ_B,sQ_Br,sRi,sRo,sS,test1,test2,turn1,turn2
-24668,-39585,-458,-51,-468,-226,-551,-271,-358,-460,-591,-24,21169,29245,-221,-584,-714,-2972,-4707,-777,-330,-547,-746,-321,-183,-620,-51,-709,-264,-743,-723,-213,-683,-128,-421
0.14464132315713885,0.3375542093743852,-1.0,-1.0,-1.0,-1.0,-1.0,-1.0,-1.0,-1.0,-1.0,-1.0,0.2653073798823765,0.4611144316209477,-1.0,-1.0,-1.0,0.8449905289414564,0.17953632976902734,-1.0,-1.0,-1.0,-1.0,-1.0,-1.0,-1.0,-1.0,-1.0,-1.0,-1.0,-1.0,-1.0,-1.0,-1.0,-1.0
