bad_A,bad_B,disc1,disc2,fI,fO_A,fO_B,fP_A,fP_B,fRi,fRo,fS,good_A,good_B,no_disc,pick,put,redo_A,redo_B,sI,sO_A,sO_B,sP_A,sP_B,sQ_A,sQ_Ar,sQ_B,sQ_Br,sRi,sRo,sS,test1,test2,turn1,turn2
-21582,-26642,-81,-480,-36,-95,-571,-586,-310,-665,-271,-442,20296,23391,-179,-536,-331,-6236,-3764,-113,-334,-405,-355,-652,-175,-106,-646,-146,-745,-209,-739,-381,-526,-146,-452
0.47972306319864655,0.11783696887701725,-1.0,-1.0,-1.0,-1.0,-1.0,-1.0,-1.0,-1.0,-1.0,-1.0,0.7331783074264543,0.3744937387301509,-1.0,-1.0,-1.0,0.568176172077198,0.27764692687646503,-1.0,-1.0,-1.0,-1.0,-1.0,-1.0,-1.0,-1.0,-1.0,-1.0,-1.0,-1.0,-1.0,-1.0,-1.0,-1.0
