bad_A,bad_B,disc1,disc2,fI,fO_A,fO_B,fP_A,fP_B,fRi,fRo,fS,good_A,good_B,no_disc,pick,put,redo_A,redo_B,sI,sO_A,sO_B,sP_A,sP_B,sQ_A,sQ_Ar,sQ_B,sQ_Br,sRi,sRo,sS,test1,test2,turn1,turn2
-37676,-34516,-627,-535,-105,-445,-273,-152,-153,-512,-240,-189,24218,38038,-637,-680,-635,-5500,-8851,-133,-113,-609,-31,-392,-609,-115,-237,-217,-450,-413,-404,-160,-51,-638,-797
0.23908441785387213,0.5237764579401618,-1.0,-1.0,-1.0,-1.0,-1.0,-1.0,-1.0,-1.0,-1.0,-1.0,0.8333206186958582,0.15273392882547576,-1.0,-1.0,-1.0,0.2810573688034348,0.48086511508066676,-1.0,-1.0,-1.0,-1.0,-1.0,-1.0,-1.0,-1.0,-1.0,-1.0,-1.0,-1.0,-1.0,-1.0,-1.0,-1.0
