bad_A,bad_B,disc1,disc2,fI,fO_A,fO_B,fP_A,fP_B,fRi,fRo,fS,good_A,good_B,no_disc,pick,put,redo_A,redo_B,sI,sO_A,sO_B,sP_A,sP_B,sQ_A,sQ_Ar,sQ_B,sQ_Br,sRi,sRo,sS,test1,test2,turn1,turn2
-31280,-31468,-740,-332,-480,-498,-285,-568,-720,-34,-80,-348,34507,39371,-604,-595,-103,-7672,-5669,-151,-55,-31,-56,-501,-463,-276,-342,-430,-139,-330,-690,-290,-691,-798,-388
0.13764739137027632,0.7305322446550523,-1.0,-1.0,-1.0,-1.0,-1.0,-1.0,-1.0,-1.0,-1.0,-1.0,0.4832613503416313,0.7710987620156314,-1.0,-1.0,-1.0,0.35818293195686646,0.47515621859958235,-1.0,-1.0,-1.0,-1.0,-1.0,-1.0,-1.0,-1.0,-1.0,-1.0,-1.0,-1.0,-1.0,-1.0,-1.0,-1.0
