bad_A,bad_B,disc1,disc2,fI,fO_A,fO_B,fP_A,fP_B,fRi,fRo,fS,good_A,good_B,no_disc,pick,put,redo_A,redo_B,sI,sO_A,sO_B,sP_A,sP_B,sQ_A,sQ_Ar,sQ_B,sQ_Br,sRi,sRo,sS,test1,test2,turn1,turn2
-22874,-24385,-568,-43,-158,-386,-152,-647,-191,-174,-450,-648,34050,31630,-217,-102,-380,-5443,-3661,-585,-429,-416,-566,-34,-383,-130,-176,-729,-367,-738,-310,-793,-191,-267,-326
0.3755750438383184,0.8294915182316616,-1.0,-1.0,-1.0,-1.0,-1.0,-1.0,-1.0,-1.0,-1.0,-1.0,0.23807436379594515,0.7552185263324371,-1.0,-1.0,-1.0,0.7867969473987348,0.6822280022567,-1.0,-1.0,-1.0,-1.0,-1.0,-1.0,-1.0,-1.0,-1.0,-1.0,-1.0,-1.0,-1.0,-1.0,-1.0,-1.0
