bad_A,bad_B,disc1,disc2,fI,fO_A,fO_B,fP_A,fP_B,fRi,fRo,fS,good_A,good_B,no_disc,pick,put,redo_A,redo_B,sI,sO_A,sO_B,sP_A,sP_B,sQ_A,sQ_Ar,sQ_B,sQ_Br,sRi,sRo,sS,test1,test2,turn1,turn2
-32409,-24167,-237,-319,-553,-583,-456,-180,-634,-518,-41,-545,34764,28343,-266,-690,-684,-1217,-5001,-33,-435,-604,-792,-189,-274,-707,-68,-237,-144,-35,-191,-210,-766,-507,-138
0.6917535929357314,0.5402263607906859,-1.0,-1.0,-1.0,-1.0,-1.0,-1.0,-1.0,-1.0,-1.0,-1.0,0.23372936740599864,0.6193866732646703,-1.0,-1.0,-1.0,0.5022332308616259,0.6873164487617268,-1.0,-1.0,-1.0,-1.0,-1.0,-1.0,-1.0,-1.0,-1.0,-1.0,-1.0,-1.0,-1.0,-1.0,-1.0,-1.0
