bad_A,bad_B,disc1,disc2,fI,fO_A,fO_B,fP_A,fP_B,fRi,fRo,fS,good_A,good_B,no_disc,pick,put,redo_A,redo_B,sI,sO_A,sO_B,sP_A,sP_B,sQ_A,sQ_Ar,sQ_B,sQ_Br,sRi,sRo,sS,test1,test2,turn1,turn2
-31423,-24057,-694,-668,-381,-258,-422,-131,-32,-554,-584,-662,32689,29937,-232,-669,-512,-6031,-4981,-548,-401,-644,-156,-424,-114,-110,-323,-499,-98,-593,-614,-170,-95,-82,-484
0.5426157553892147,0.6260839732647048,-1.0,-1.0,-1.0,-1.0,-1.0,-1.0,-1.0,-1.0,-1.0,-1.0,0.3762923514751574,0.8099758052330815,-1.0,-1.0,-1.0,0.2720311754961693,0.8643332151346664,-1.0,-1.0,-1.0,-1.0,-1.0,-1.0,-1.0,-1.0,-1.0,-1.0,-1.0,-1.0,-1.0,-1.0,-1.0,-1.0
