bad_A,bad_B,disc1,disc2,fI,fO_A,fO_B,fP_A,fP_B,fRi,fRo,fS,good_A,good_B,no_disc,pick,put,redo_A,redo_B,sI,sO_A,sO_B,sP_A,sP_B,sQ_A,sQ_Ar,sQ_B,sQ_Br,sRi,sRo,sS,test1,test2,turn1,turn2
-25578,-35143,-44,-719,-402,-207,-101,-645,-711,-601,-729,-338,38249,22218,-163,-560,-560,-4453,-4830,-286,-728,-592,-422,-584,-384,-103,-71,-512,-490,-721,-49,-254,-98,-282,-141
0.8796127528297284,0.5035129792997183,-1.0,-1.0,-1.0,-1.0,-1.0,-1.0,-1.0,-1.0,-1.0,-1.0,0.3239705000276219,0.10497929756607771,-1.0,-1.0,-1.0,0.4618804434562579,0.7299342522980993,-1.0,-1.0,-1.0,-1.0,-1.0,-1.0,-1.0,-1.0,-1.0,-1.0,-1.0,-1.0,-1.0,-1.0,-1.0,-1.0
