bad_A,bad_B,disc1,disc2,fI,fO_A,fO_B,fP_A,fP_B,fRi,fRo,fS,good_A,good_B,no_disc,pick,put,redo_A,redo_B,sI,sO_A,sO_B,sP_A,sP_B,sQ_A,sQ_Ar,sQ_B,sQ_Br,sRi,sRo,sS,test1,test2,turn1,turn2
-30582,-32046,-139,-235,-394,-618,-461,-557,-534,-581,-569,-689,34622,37747,-422,-30,-657,-4295,-2963,-499,-177,-302,-460,-375,-407,-476,-378,-479,-460,-235,-309,-747,-544,-501,-229
0.7161495650579932,0.18452841161164324,-1.0,-1.0,-1.0,-1.0,-1.0,-1.0,-1.0,-1.0,-1.0,-1.0,0.6214499467035168,0.71533469219781,-1.0,-1.0,-1.0,0.5649321629726866,0.5035882273197752,-1.0,-1.0,-1.0,-1.0,-1.0,-1.0,-1.0,-1.0,-1.0,-1.0,-1.0,-1.0,-1.0,-1.0,-1.0,-1.0
