bad_A,bad_B,disc1,disc2,fI,fO_A,fO_B,fP_A,fP_B,fRi,fRo,fS,good_A,good_B,no_disc,pick,put,redo_A,redo_B,sI,sO_A,sO_B,sP_A,sP_B,sQ_A,sQ_Ar,sQ_B,sQ_Br,sRi,sRo,sS,test1,test2,turn1,turn2
-30472,-24290,-107,-681,-41,-361,-172,-787,-119,-168,-369,-772,38890,39821,-23,-48,-749,-8564,-4564,-158,-733,-482,-608,-302,-431,-179,-690,-795,-543,-695,-26,-778,-173,-722,-777
0.729813185856191,0.11549684141725605,-1.0,-1.0,-1.0,-1.0,-1.0,-1.0,-1.0,-1.0,-1.0,-1.0,0.584199660976154,0.5716101183252593,-1.0,-1.0,-1.0,0.810943853334691,0.3619582058175398,-1.0,-1.0,-1.0,-1.0,-1.0,-1.0,-1.0,-1.0,-1.0,-1.0,-1.0,-1.0,-1.0,-1.0,-1.0,-1.0
