bad_A,bad_B,disc1,disc2,fI,fO_A,fO_B,fP_A,fP_B,fRi,fRo,fS,good_A,good_B,no_disc,pick,put,redo_A,redo_B,sI,sO_A,sO_B,sP_A,sP_B,sQ_A,sQ_Ar,sQ_B,sQ_Br,sRi,sRo,sS,test1,test2,turn1,turn2
-27300,-28982,-705,-43,-265,-625,-280,-120,-238,-463,-93,-264,36875,22918,-218,-261,-600,-4626,-1959,-288,-601,-693,-665,-346,-40,-699,-571,-62,-132,-85,-728,-278,-175,-38,-313
0.6069021614205264,0.7148701469872728,-1.0,-1.0,-1.0,-1.0,-1.0,-1.0,-1.0,-1.0,-1.0,-1.0,0.5234931030678928,0.2369937919116457,-1.0,-1.0,-1.0,0.7257859466427287,0.49878223565326596,-1.0,-1.0,-1.0,-1.0,-1.0,-1.0,-1.0,-1.0,-1.0,-1.0,-1.0,-1.0,-1.0,-1.0,-1.0,-1.0
