bad_A,bad_B,disc1,disc2,fI,fO_A,fO_B,fP_A,fP_B,fRi,fRo,fS,good_A,good_B,no_disc,pick,put,redo_A,redo_B,sI,sO_A,sO_B,sP_A,sP_B,sQ_A,sQ_Ar,sQ_B,sQ_Br,sRi,sRo,sS,test1,test2,turn1,turn2
-31596,-27455,-400,-74,-92,-558,-553,-767,-726,-355,-287,-780,39244,34228,-151,-237,-322,-4742,-8828,-270,-448,-255,-349,-21,-532,-629,-663,-233,-739,-412,-311,-415,-301,-658,-274
0.7182324814333945,0.37741281110146074,-1.0,-1.0,-1.0,-1.0,-1.0,-1.0,-1.0,-1.0,-1.0,-1.0,0.2871163687303153,0.8840612377573096,-1.0,-1.0,-1.0,0.14457275633269814,0.2729688794037832,-1.0,-1.0,-1.0,-1.0,-1.0,-1.0,-1.0,-1.0,-1.0,-1.0,-1.0,-1.0,-1.0,-1.0,-1.0,-1.0
