bad_A,bad_B,disc1,disc2,fI,fO_A,fO_B,fP_A,fP_B,fRi,fRo,fS,good_A,good_B,no_disc,pick,put,redo_A,redo_B,sI,sO_A,sO_B,sP_A,sP_B,sQ_A,sQ_Ar,sQ_B,sQ_Br,sRi,sRo,sS,test1,test2,turn1,turn2
-26532,-39998,-594,-138,-329,-700,-320,-72,-713,-555,-138,-208,24829,38370,-741,-484,-798,-3500,-8247,-746,-196,-501,-273,-166,-346,-238,-200,-471,-526,-292,-178,-316,-611,-165,-29
0.8917304268535594,0.20864389960370833,-1.0,-1.0,-1.0,-1.0,-1.0,-1.0,-1.0,-1.0,-1.0,-1.0,0.5616331901831263,0.6700516538421473,-1.0,-1.0,-1.0,0.334352327444977,0.6759216365330281,-1.0,-1.0,-1.0,-1.0,-1.0,-1.0,-1.0,-1.0,-1.0,-1.0,-1.0,-1.0,-1.0,-1.0,-1.0,-1.0
