bad_A,bad_B,fI,fO_A,fO_B,fP_A,fp_B,fRi,fRo,fS,good_A,good_B,redo_A,redo_B,sI,sO_A,sO_B,sP_A,sP_B,sQ_A,sQ_Ar,sQ_B,sQ_Br,sRi,sRo,sS
-35532,-24532,-536,-374,-437,-32,-193,-787,-578,-128,38740,31874,-6152,-4324,-97,-492,-17,-532,-309,-656,-583,-560,-352,-668,-444,-800
0.2795180295601598,0.13582511574032266,-1.0,-1.0,-1.0,-1.0,-1.0,-1.0,-1.0,-1.0,0.8415953708080303,0.5339560963939792,0.4369861481553179,0.7093686705177967,-1.0,-1.0,-1.0,-1.0,-1.0,-1.0,-1.0,-1.0,-1.0,-1.0,-1.0,-1.0
