bad_A,bad_B,fI,fO_A,fO_B,fP_A,fp_B,fRi,fRo,fS,good_A,good_B,redo_A,redo_B,sI,sO_A,sO_B,sP_A,sP_B,sQ_A,sQ_Ar,sQ_B,sQ_Br,sRi,sRo,sS
-29053,-29709,-469,-80,-628,-480,-632,-459,-568,-407,25103,38511,-5896,-5237,-68,-294,-596,-684,-192,-581,-217,-739,-778,-147,-772,-525
0.16441335404662993,0.8928481571044626,-1.0,-1.0,-1.0,-1.0,-1.0,-1.0,-1.0,-1.0,0.24168170015547244,0.4362992751421607,0.6463473032079102,0.3660713133624185,-1.0,-1.0,-1.0,-1.0,-1.0,-1.0,-1.0,-1.0,-1.0,-1.0,-1.0,-1.0
