bad_A,bad_B,fI,fO_A,fO_B,fP_A,fp_B,fRi,fRo,fS,good_A,good_B,redo_A,redo_B,sI,sO_A,sO_B,sP_A,sP_B,sQ_A,sQ_Ar,sQ_B,sQ_Br,sRi,sRo,sS
-27329,-20517,-209,-387,-410,-676,-557,-502,-300,-559,33835,39425,-4881,-7333,-376,-677,-612,-372,-207,-215,-613,-675,-227,-590,-167,-208
0.8111573831594935,0.22791764266305325,-1.0,-1.0,-1.0,-1.0,-1.0,-1.0,-1.0,-1.0,0.8438614032860754,0.6576905894188506,0.3905500894287439,0.21120583868727139,-1.0,-1.0,-1.0,-1.0,-1.0,-1.0,-1.0,-1.0,-1.0,-1.0,-1.0,-1.0
