bad_A,bad_B,fI,fO_A,fO_B,fP_A,fp_B,fRi,fRo,fS,good_A,good_B,redo_A,redo_B,sI,sO_A,sO_B,sP_A,sP_B,sQ_A,sQ_Ar,sQ_B,sQ_Br,sRi,sRo,sS
-31190,-21420,-290,-247,-128,-682,-489,-406,-759,-383,30819,35224,-5784,-1640,-494,-765,-16,-722,-785,-723,-576,-530,-163,-51,-195,-711
0.19004007771062492,0.5085678118127628,-1.0,-1.0,-1.0,-1.0,-1.0,-1.0,-1.0,-1.0,0.44716037428880895,0.2527522930146131,0.10311499779233745,0.7780152987368891,-1.0,-1.0,-1.0,-1.0,-1.0,-1.0,-1.0,-1.0,-1.0,-1.0,-1.0,-1.0
