bad_A,bad_B,fI,fO_A,fO_B,fP_A,fp_B,fRi,fRo,fS,good_A,good_B,redo_A,redo_B,sI,sO_A,sO_B,sP_A,sP_B,sQ_A,sQ_Ar,sQ_B,sQ_Br,sRi,sRo,sS
-20301,-23970,-479,-332,-109,-264,-28,-120,-378,-781,21615,38688,-7689,-8432,-31,-517,-383,-16,-240,-594,-15,-289,-384,-140,-323,-31
0.24596113888045537,0.4116793280361516,-1.0,-1.0,-1.0,-1.0,-1.0,-1.0,-1.0,-1.0,0.44895606024767465,0.8980735302446943,0.2617961789124486,0.5860132336324623,-1.0,-1.0,-1.0,-1.0,-1.0,-1.0,-1.0,-1.0,-1.0,-1.0,-1.0,-1.0
