bad_A,bad_B,disc1,disc2,fI,fO_A,fO_B,fP_A,fP_B,fRi,fRo,fS,good_A,good_B,no_disc,pick,put,redo_A,redo_B,sI,sO_A,sO_B,sP_A,sP_B,sQ_A,sQ_Ar,sQ_B,sQ_Br,sRi,sRo,sS,test1,test2,turn1,turn2
-25983,-31070,-616,-739,-196,-728,-169,-189,-389,-300,-551,-195,22790,20376,-572,-651,-140,-7493,-4437,-183,-624,-37,-445,-277,-345,-653,-689,-54,-287,-185,-688,-345,-41,-329,-140
0.11949733543862334,0.4215170969794769,-1.0,-1.0,-1.0,-1.0,-1.0,-1.0,-1.0,-1.0,-1.0,-1.0,0.5572563803049326,0.6344699899865699,-1.0,-1.0,-1.0,0.5943876997172776,0.6263341762679718,-1.0,-1.0,-1.0,-1.0,-1.0,-1.0,-1.0,-1.0,-1.0,-1.0,-1.0,-1.0,-1.0,-1.0,-1.0,-1.0
