bad_A,bad_B,disc1,disc2,fI,fO_A,fO_B,fP_A,fP_B,fRi,fRo,fS,good_A,good_B,no_disc,pick,put,redo_A,redo_B,sI,sO_A,sO_B,sP_A,sP_B,sQ_A,sQ_Ar,sQ_B,sQ_Br,sRi,sRo,sS,test1,test2,turn1,turn2
-29664,-30074,-679,-204,-22,-447,-200,-352,-352,-207,-352,-665,23132,23545,-64,-676,-676,-1697,-8749,-140,-118,-84,-25,-165,-545,-193,-236,-690,-197,-502,-324,-122,-756,-267,-31
0.5228123465074981,0.895765235482214,-1.0,-1.0,-1.0,-1.0,-1.0,-1.0,-1.0,-1.0,-1.0,-1.0,0.6639162748956665,0.6133353013307862,-1.0,-1.0,-1.0,0.21895702609913237,0.7108870254125977,-1.0,-1.0,-1.0,-1.0,-1.0,-1.0,-1.0,-1.0,-1.0,-1.0,-1.0,-1.0,-1.0,-1.0,-1.0,-1.0
