bad_A,bad_B,disc1,disc2,fI,fO_A,fO_B,fP_A,fP_B,fRi,fRo,fS,good_A,good_B,no_disc,pick,put,redo_A,redo_B,sI,sO_A,sO_B,sP_A,sP_B,sQ_A,sQ_Ar,sQ_B,sQ_Br,sRi,sRo,sS,test1,test2,turn1,turn2
-38234,-20443,-750,-566,-109,-675,-702,-526,-124,-602,-243,-314,29037,39968,-96,-709,-51,-1949,-7851,-708,-346,-700,-639,-483,-703,-337,-152,-344,-220,-200,-411,-630,-203,-634,-48
0.20363826771446858,0.7392729654764674,-1.0,-1.0,-1.0,-1.0,-1.0,-1.0,-1.0,-1.0,-1.0,-1.0,0.817829726486152,0.6716460937569069,-1.0,-1.0,-1.0,0.15785401624318196,0.6867491364509208,-1.0,-1.0,-1.0,-1.0,-1.0,-1.0,-1.0,-1.0,-1.0,-1.0,-1.0,-1.0,-1.0,-1.0,-1.0,-1.0
