bad_A,bad_B,fI,fO_A,fO_B,fP_A,fp_B,fRi,fRo,fS,good_A,good_B,redo_A,redo_B,sI,sO_A,sO_B,sP_A,sP_B,sQ_A,sQ_Ar,sQ_B,sQ_Br,sRi,sRo,sS
-23503,-30933,-670,-633,-112,-719,-525,-117,-306,-700,35620,32386,-7544,-4568,-573,-513,-580,-636,-408,-218,-306,-705,-100,-567,-189,-12
0.8150904075555356,0.7906279911071844,-1.0,-1.0,-1.0,-1.0,-1.0,-1.0,-1.0,-1.0,0.5126543537333372,0.3144241473131687,0.707363558730261,0.863855373546771,-1.0,-1.0,-1.0,-1.0,-1.0,-1.0,-1.0,-1.0,-1.0,-1.0,-1.0,-1.0
