bad_A,bad_B,fI,fO_A,fO_B,fP_A,fp_B,fRi,fRo,fS,good_A,good_B,redo_A,redo_B,sI,sO_A,sO_B,sP_A,sP_B,sQ_A,sQ_Ar,sQ_B,sQ_Br,sRi,sRo,sS
-33984,-32181,-493,-503,-748,-368,-644,-727,-567,-713,20255,39963,-7932,-5224,-321,-608,-771,-649,-664,-189,-146,-755,-271,-396,-629,-112
0.6746487625567389,0.3301252815771226,-1.0,-1.0,-1.0,-1.0,-1.0,-1.0,-1.0,-1.0,0.5169893020571844,0.6766741027109765,0.27935672452072946,0.2629914294119027,-1.0,-1.0,-1.0,-1.0,-1.0,-1.0,-1.0,-1.0,-1.0,-1.0,-1.0,-1.0
