bad_A,bad_B,fI,fO_A,fO_B,fP_A,fp_B,fRi,fRo,fS,good_A,good_B,redo_A,redo_B,sI,sO_A,sO_B,sP_A,sP_B,sQ_A,sQ_Ar,sQ_B,sQ_Br,sRi,sRo,sS
-23102,-30759,-541,-88,-745,-684,-758,-295,-542,-351,35183,38153,-6200,-1387,-567,-621,-476,-351,-164,-750,-190,-557,-289,-499,-782,-370
0.6096216330594781,0.784832718323998,-1.0,-1.0,-1.0,-1.0,-1.0,-1.0,-1.0,-1.0,0.4154083244143253,0.2833274357649517,0.8748358616293108,0.5452050488974057,-1.0,-1.0,-1.0,-1.0,-1.0,-1.0,-1.0,-1.0,-1.0,-1.0,-1.0,-1.0
