bad_A,bad_B,fI,fO_A,fO_B,fP_A,fp_B,fRi,fRo,fS,good_A,good_B,redo_A,redo_B,sI,sO_A,sO_B,sP_A,sP_B,sQ_A,sQ_Ar,sQ_B,sQ_Br,sRi,sRo,sS
-33685,-31637,-404,-208,-704,-142,-91,-180,-402,-606,23877,23508,-2096,-6351,-177,-211,-484,-613,-404,-144,-108,-639,-719,-407,-604,-461
0.34037995463086435,0.27397653277721135,-1.0,-1.0,-1.0,-1.0,-1.0,-1.0,-1.0,-1.0,0.5913568375580119,0.17179122008347347,0.7326822437919084,0.1475107745531574,-1.0,-1.0,-1.0,-1.0,-1.0,-1.0,-1.0,-1.0,-1.0,-1.0,-1.0,-1.0
