bad_A,bad_B,fI,fO_A,fO_B,fP_A,fp_B,fRi,fRo,fS,good_A,good_B,redo_A,redo_B,sI,sO_A,sO_B,sP_A,sP_B,sQ_A,sQ_Ar,sQ_B,sQ_Br,sRi,sRo,sS
-30864,-35138,-711,-603,-332,-740,-717,-608,-482,-125,28322,26659,-1090,-2137,-608,-243,-116,-717,-639,-159,-551,-21,-766,-76,-708,-130
0.6710835924597146,0.6090814777981686,-1.0,-1.0,-1.0,-1.0,-1.0,-1.0,-1.0,-1.0,0.2542339357482078,0.6518976486767633,0.344866755708847,0.5355764750456686,-1.0,-1.0,-1.0,-1.0,-1.0,-1.0,-1.0,-1.0,-1.0,-1.0,-1.0,-1.0
