bad_A,bad_B,disc1,disc2,fI,fO_A,fO_B,fP_A,fP_B,fRi,fRo,fS,good_A,good_B,no_disc,pick,put,redo_A,redo_B,sI,sO_A,sO_B,sP_A,sP_B,sQ_A,sQ_Ar,sQ_B,sQ_Br,sRi,sRo,sS,test1,test2,turn1,turn2
-24048,-38321,-250,-102,-388,-43,-425,-280,-116,-573,-716,-106,20605,28818,-174,-712,-60,-7426,-5216,-381,-563,-661,-743,-624,-639,-38,-424,-312,-490,-698,-390,-420,-346,-182,-681
0.44693489862361824,0.2503098707273712,-1.0,-1.0,-1.0,-1.0,-1.0,-1.0,-1.0,-1.0,-1.0,-1.0,0.3394794161871187,0.5240202042168209,-1.0,-1.0,-1.0,0.28767178050876363,0.7489698409859622,-1.0,-1.0,-1.0,-1.0,-1.0,-1.0,-1.0,-1.0,-1.0,-1.0,-1.0,-1.0,-1.0,-1.0,-1.0,-1.0
