bad_A,bad_B,disc1,disc2,fI,fO_A,fO_B,fP_A,fP_B,fRi,fRo,fS,good_A,good_B,no_disc,pick,put,redo_A,redo_B,sI,sO_A,sO_B,sP_A,sP_B,sQ_A,sQ_Ar,sQ_B,sQ_Br,sRi,sRo,sS,test1,test2,turn1,turn2
-24005,-26189,-714,-181,-666,-674,-154,-666,-208,-26,-149,-178,24285,38009,-413,-642,-487,-2701,-8103,-487,-552,-304,-713,-49,-693,-671,-252,-790,-34,-162,-179,-32,-547,-294,-785
0.2776393545434973,0.2117608537236313,-1.0,-1.0,-1.0,-1.0,-1.0,-1.0,-1.0,-1.0,-1.0,-1.0,0.6914075109556921,0.7806309752402235,-1.0,-1.0,-1.0,0.7094780018834931,0.4698213558558666,-1.0,-1.0,-1.0,-1.0,-1.0,-1.0,-1.0,-1.0,-1.0,-1.0,-1.0,-1.0,-1.0,-1.0,-1.0,-1.0
