bad_A,bad_B,disc1,disc2,fI,fO_A,fO_B,fP_A,fP_B,fRi,fRo,fS,good_A,good_B,no_disc,pick,put,redo_A,redo_B,sI,sO_A,sO_B,sP_A,sP_B,sQ_A,sQ_Ar,sQ_B,sQ_Br,sRi,sRo,sS,test1,test2,turn1,turn2
-32092,-27053,-165,-523,-59,-796,-671,-147,-73,-129,-457,-637,22269,25909,-294,-244,-261,-5288,-5988,-782,-541,-741,-101,-212,-540,-170,-687,-304,-197,-224,-458,-190,-605,-406,-729
0.6643582570158693,0.5519417759934498,-1.0,-1.0,-1.0,-1.0,-1.0,-1.0,-1.0,-1.0,-1.0,-1.0,0.3451212583524712,0.8356643778698779,-1.0,-1.0,-1.0,0.6007860722860322,0.7500840782299284,-1.0,-1.0,-1.0,-1.0,-1.0,-1.0,-1.0,-1.0,-1.0,-1.0,-1.0,-1.0,-1.0,-1.0,-1.0,-1.0
