bad_A,bad_B,disc1,disc2,fI,fO_A,fO_B,fP_A,fP_B,fRi,fRo,fS,good_A,good_B,no_disc,pick,put,redo_A,redo_B,sI,sO_A,sO_B,sP_A,sP_B,sQ_A,sQ_Ar,sQ_B,sQ_Br,sRi,sRo,sS,test1,test2,turn1,turn2
-30063,-28602,-605,-278,-580,-765,-333,-561,-130,-97,-85,-169,22227,36142,-663,-377,-573,-8950,-4784,-245,-733,-542,-688,-613,-81,-281,-397,-398,-385,-589,-705,-786,-529,-689,-636
0.1414721540841641,0.17624978498171054,-1.0,-1.0,-1.0,-1.0,-1.0,-1.0,-1.0,-1.0,-1.0,-1.0,0.35271962791200406,0.3182315585543365,-1.0,-1.0,-1.0,0.47359809409725084,0.8003393971964481,-1.0,-1.0,-1.0,-1.0,-1.0,-1.0,-1.0,-1.0,-1.0,-1.0,-1.0,-1.0,-1.0,-1.0,-1.0,-1.0
