bad_A,bad_B,disc1,disc2,fI,fO_A,fO_B,fP_A,fP_B,fRi,fRo,fS,good_A,good_B,no_disc,pick,put,redo_A,redo_B,sI,sO_A,sO_B,sP_A,sP_B,sQ_A,sQ_Ar,sQ_B,sQ_Br,sRi,sRo,sS,test1,test2,turn1,turn2
-27971,-29818,-747,-773,-599,-364,-317,-432,-400,-706,-119,-88,22561,32693,-67,-664,-84,-8695,-6654,-233,-375,-335,-482,-153,-27,-171,-213,-438,-787,-270,-580,-49,-163,-327,-241
0.307480081650217,0.14499329967147245,-1.0,-1.0,-1.0,-1.0,-1.0,-1.0,-1.0,-1.0,-1.0,-1.0,0.39284079277433115,0.4037488138685793,-1.0,-1.0,-1.0,0.6902534365986326,0.6399715478820608,-1.0,-1.0,-1.0,-1.0,-1.0,-1.0,-1.0,-1.0,-1.0,-1.0,-1.0,-1.0,-1.0,-1.0,-1.0,-1.0
