bad_A,bad_B,disc1,disc2,fI,fO_A,fO_B,fP_A,fP_B,fRi,fRo,fS,good_A,good_B,no_disc,pick,put,redo_A,redo_B,sI,sO_A,sO_B,sP_A,sP_B,sQ_A,sQ_Ar,sQ_B,sQ_Br,sRi,sRo,sS,test1,test2,turn1,turn2
-24896,-20146,-641,-778,-46,-792,-660,-123,-743,-342,-784,-151,24952,31875,-740,-223,-217,-3494,-4699,-687,-568,-87,-648,-514,-173,-588,-505,-480,-499,-358,-620,-27,-158,-401,-42
0.8767772913028141,0.8625506499733769,-1.0,-1.0,-1.0,-1.0,-1.0,-1.0,-1.0,-1.0,-1.0,-1.0,0.17644335015062407,0.6662653159456379,-1.0,-1.0,-1.0,0.4214182503008661,0.860412109720348,-1.0,-1.0,-1.0,-1.0,-1.0,-1.0,-1.0,-1.0,-1.0,-1.0,-1.0,-1.0,-1.0,-1.0,-1.0,-1.0
