bad_A,bad_B,disc1,disc2,fI,fO_A,fO_B,fP_A,fP_B,fRi,fRo,fS,good_A,good_B,no_disc,pick,put,redo_A,redo_B,sI,sO_A,sO_B,sP_A,sP_B,sQ_A,sQ_Ar,sQ_B,sQ_Br,sRi,sRo,sS,test1,test2,turn1,turn2
-34964,-33772,-573,-783,-595,-291,-101,-245,-737,-781,-249,-512,32094,34389,-744,-684,-369,-8910,-5535,-370,-408,-586,-295,-106,-76,-122,-183,-358,-213,-477,-382,-565,-95,-461,-740
0.6311587492476776,0.5003761487168251,-1.0,-1.0,-1.0,-1.0,-1.0,-1.0,-1.0,-1.0,-1.0,-1.0,0.7480562291911268,0.5590340700893924,-1.0,-1.0,-1.0,0.7581627250489918,0.5213091463583297,-1.0,-1.0,-1.0,-1.0,-1.0,-1.0,-1.0,-1.0,-1.0,-1.0,-1.0,-1.0,-1.0,-1.0,-1.0,-1.0
