bad_A,bad_B,disc1,disc2,fI,fO_A,fO_B,fP_A,fP_B,fRi,fRo,fS,good_A,good_B,no_disc,pick,put,redo_A,redo_B,sI,sO_A,sO_B,sP_A,sP_B,sQ_A,sQ_Ar,sQ_B,sQ_Br,sRi,sRo,sS,test1,test2,turn1,turn2
-31044,-29849,-227,-729,-59,-262,-481,-534,-355,-319,-462,-471,30250,20185,-99,-637,-224,-3996,-6653,-274,-774,-614,-680,-238,-660,-110,-117,-512,-419,-724,-358,-442,-628,-596,-535
0.41537032419332964,0.3706677572393945,-1.0,-1.0,-1.0,-1.0,-1.0,-1.0,-1.0,-1.0,-1.0,-1.0,0.8748196446973743,0.5292570116777027,-1.0,-1.0,-1.0,0.6392889760598665,0.6111093754977198,-1.0,-1.0,-1.0,-1.0,-1.0,-1.0,-1.0,-1.0,-1.0,-1.0,-1.0,-1.0,-1.0,-1.0,-1.0,-1.0
