bad_A,bad_B,disc1,disc2,fI,fO_A,fO_B,fP_A,fP_B,fRi,fRo,fS,good_A,good_B,no_disc,pick,put,redo_A,redo_B,sI,sO_A,sO_B,sP_A,sP_B,sQ_A,sQ_Ar,sQ_B,sQ_Br,sRi,sRo,sS,test1,test2,turn1,turn2
-20644,-29894,-459,-46,-628,-463,-513,-99,-666,-541,-415,-784,28330,26554,-150,-79,-376,-1190,-3819,-750,-184,-519,-727,-214,-186,-27,-299,-645,-441,-720,-296,-783,-469,-292,-322
0.7002158087032122,0.3941096090809607,-1.0,-1.0,-1.0,-1.0,-1.0,-1.0,-1.0,-1.0,-1.0,-1.0,0.23837819901858684,0.1018459016944961,-1.0,-1.0,-1.0,0.7023955448451799,0.13847535179969067,-1.0,-1.0,-1.0,-1.0,-1.0,-1.0,-1.0,-1.0,-1.0,-1.0,-1.0,-1.0,-1.0,-1.0,-1.0,-1.0
