bad_A,bad_B,disc1,disc2,fI,fO_A,fO_B,fP_A,fP_B,fRi,fRo,fS,good_A,good_B,no_disc,pick,put,redo_A,redo_B,sI,sO_A,sO_B,sP_A,sP_B,sQ_A,sQ_Ar,sQ_B,sQ_Br,sRi,sRo,sS,test1,test2,turn1,turn2
-20720,-39551,-198,-138,-119,-422,-48,-228,-326,-221,-563,-292,24566,38882,-246,-496,-604,-7805,-2040,-181,-100,-473,-216,-65,-434,-314,-551,-72,-746,-457,-673,-781,-69,-65,-794
0.7794449024256495,0.6151252036402578,-1.0,-1.0,-1.0,-1.0,-1.0,-1.0,-1.0,-1.0,-1.0,-1.0,0.4397485581242364,0.6694506709295026,-1.0,-1.0,-1.0,0.19573218984098864,0.2437650170842657,-1.0,-1.0,-1.0,-1.0,-1.0,-1.0,-1.0,-1.0,-1.0,-1.0,-1.0,-1.0,-1.0,-1.0,-1.0,-1.0
