bad_A,bad_B,disc1,disc2,fI,fO_A,fO_B,fP_A,fP_B,fRi,fRo,fS,good_A,good_B,no_disc,pick,put,redo_A,redo_B,sI,sO_A,sO_B,sP_A,sP_B,sQ_A,sQ_Ar,sQ_B,sQ_Br,sRi,sRo,sS,test1,test2,turn1,turn2
-24708,-34946,-183,-320,-157,-71,-651,-475,-740,-591,-792,-175,30911,29698,-501,-524,-559,-2993,-5912,-314,-578,-585,-538,-238,-30,-176,-305,-566,-40,-600,-399,-165,-633,-586,-66
0.5667113451303746,0.28971739086700926,-1.0,-1.0,-1.0,-1.0,-1.0,-1.0,-1.0,-1.0,-1.0,-1.0,0.7540552967012568,0.11166961423052194,-1.0,-1.0,-1.0,0.5241597147060532,0.5598941361168039,-1.0,-1.0,-1.0,-1.0,-1.0,-1.0,-1.0,-1.0,-1.0,-1.0,-1.0,-1.0,-1.0,-1.0,-1.0,-1.0
