bad_A,bad_B,disc1,disc2,fI,fO_A,fO_B,fP_A,fP_B,fRi,fRo,fS,good_A,good_B,no_disc,pick,put,redo_A,redo_B,sI,sO_A,sO_B,sP_A,sP_B,sQ_A,sQ_Ar,sQ_B,sQ_Br,sRi,sRo,sS,test1,test2,turn1,turn2
-35121,-31806,-310,-109,-796,-162,-285,-444,-127,-150,-789,-647,30935,37130,-614,-120,-395,-6835,-6668,-96,-234,-404,-236,-37,-65,-673,-334,-627,-242,-677,-150,-639,-59,-487,-654
0.1887014991290249,0.8257513752300144,-1.0,-1.0,-1.0,-1.0,-1.0,-1.0,-1.0,-1.0,-1.0,-1.0,0.22517054685230714,0.26693917460972594,-1.0,-1.0,-1.0,0.6567480433153924,0.6841088633719987,-1.0,-1.0,-1.0,-1.0,-1.0,-1.0,-1.0,-1.0,-1.0,-1.0,-1.0,-1.0,-1.0,-1.0,-1.0,-1.0
