bad_A,bad_B,disc1,disc2,fI,fO_A,fO_B,fP_A,fP_B,fRi,fRo,fS,good_A,good_B,no_disc,pick,put,redo_A,redo_B,sI,sO_A,sO_B,sP_A,sP_B,sQ_A,sQ_Ar,sQ_B,sQ_Br,sRi,sRo,sS,test1,test2,turn1,turn2
-32223,-27928,-246,-659,-33,-773,-166,-609,-45,-270,-242,-760,32550,34896,-623,-284,-693,-7184,-3865,-789,-158,-430,-121,-124,-523,-545,-774,-318,-623,-659,-467,-189,-109,-495,-203
0.11409918745564154,0.30124633999528544,-1.0,-1.0,-1.0,-1.0,-1.0,-1.0,-1.0,-1.0,-1.0,-1.0,0.5513752352036606,0.6585491658713427,-1.0,-1.0,-1.0,0.35130526979362553,0.5954387014341573,-1.0,-1.0,-1.0,-1.0,-1.0,-1.0,-1.0,-1.0,-1.0,-1.0,-1.0,-1.0,-1.0,-1.0,-1.0,-1.0
