bad_A,bad_B,disc1,disc2,fI,fO_A,fO_B,fP_A,fP_B,fRi,fRo,fS,good_A,good_B,no_disc,pick,put,redo_A,redo_B,sI,sO_A,sO_B,sP_A,sP_B,sQ_A,sQ_Ar,sQ_B,sQ_Br,sRi,sRo,sS,test1,test2,turn1,turn2
-33877,-38965,-413,-20,-241,-160,-422,-742,-159,-506,-237,-738,39084,24057,-285,-72,-114,-1903,-3855,-513,-539,-341,-24,-640,-770,-209,-571,-259,-322,-98,-93,-670,-740,-538,-550
0.44461140124834153,0.2527145561712342,-1.0,-1.0,-1.0,-1.0,-1.0,-1.0,-1.0,-1.0,-1.0,-1.0,0.6874394186285073,0.4739494800999027,-1.0,-1.0,-1.0,0.7208597132938898,0.3569666190655656,-1.0,-1.0,-1.0,-1.0,-1.0,-1.0,-1.0,-1.0,-1.0,-1.0,-1.0,-1.0,-1.0,-1.0,-1.0,-1.0
