bad_A,bad_B,fI,fO_A,fO_B,fP_A,fp_B,fRi,fRo,fS,good_A,good_B,redo_A,redo_B,sI,sO_A,sO_B,sP_A,sP_B,sQ_A,sQ_Ar,sQ_B,sQ_Br,sRi,sRo,sS
-22181,-36912,-49,-750,-670,-681,-374,-136,-529,-794,30779,39065,-1202,-3267,-712,-115,-231,-764,-93,-125,-135,-436,-654,-49,-90,-714
0.7412609894974643,0.18479131794528358,-1.0,-1.0,-1.0,-1.0,-1.0,-1.0,-1.0,-1.0,0.8317090930397654,0.26251137089094545,0.8004056074235635,0.7891049758601657,-1.0,-1.0,-1.0,-1.0,-1.0,-1.0,-1.0,-1.0,-1.0,-1.0,-1.0,-1.0
