bad_A,bad_B,fI,fO_A,fO_B,fP_A,fp_B,fRi,fRo,fS,good_A,good_B,redo_A,redo_B,sI,sO_A,sO_B,sP_A,sP_B,sQ_A,sQ_Ar,sQ_B,sQ_Br,sRi,sRo,sS
-25802,-37200,-748,-673,-271,-331,-154,-568,-202,-37,37044,25083,-5366,-3571,-183,-270,-301,-782,-173,-634,-300,-60,-599,-671,-203,-162
0.16122171142399522,0.46314600225456315,-1.0,-1.0,-1.0,-1.0,-1.0,-1.0,-1.0,-1.0,0.8498507556957209,0.5204104149006273,0.6570204871674772,0.3263019733897419,-1.0,-1.0,-1.0,-1.0,-1.0,-1.0,-1.0,-1.0,-1.0,-1.0,-1.0,-1.0
