bad_A,bad_B,fI,fO_A,fO_B,fP_A,fp_B,fRi,fRo,fS,good_A,good_B,redo_A,redo_B,sI,sO_A,sO_B,sP_A,sP_B,sQ_A,sQ_Ar,sQ_B,sQ_Br,sRi,sRo,sS
-23313,-24941,-85,-657,-277,-76,-230,-678,-306,-187,35624,28206,-7923,-3876,-288,-248,-412,-340,-30,-112,-747,-678,-60,-766,-242,-554
0.3946978589133947,0.2602546537962005,-1.0,-1.0,-1.0,-1.0,-1.0,-1.0,-1.0,-1.0,0.26490385641857533,0.2666397159322893,0.8648270770841692,0.6644342036697328,-1.0,-1.0,-1.0,-1.0,-1.0,-1.0,-1.0,-1.0,-1.0,-1.0,-1.0,-1.0
