bad_A,bad_B,fI,fO_A,fO_B,fP_A,fp_B,fRi,fRo,fS,good_A,good_B,redo_A,redo_B,sI,sO_A,sO_B,sP_A,sP_B,sQ_A,sQ_Ar,sQ_B,sQ_Br,sRi,sRo,sS
-29028,-24986,-174,-551,-54,-497,-307,-440,-402,-136,25001,24668,-5895,-7361,-28,-375,-35,-43,-33,-253,-709,-432,-344,-440,-93,-472
0.10436941089371797,0.3484801948489311,-1.0,-1.0,-1.0,-1.0,-1.0,-1.0,-1.0,-1.0,0.3974654756671898,0.4117574041199169,0.7369013791894335,0.33794038063786785,-1.0,-1.0,-1.0,-1.0,-1.0,-1.0,-1.0,-1.0,-1.0,-1.0,-1.0,-1.0
