bad_A,bad_B,fI,fO_A,fO_B,fP_A,fp_B,fRi,fRo,fS,good_A,good_B,redo_A,redo_B,sI,sO_A,sO_B,sP_A,sP_B,sQ_A,sQ_Ar,sQ_B,sQ_Br,sRi,sRo,sS
-24445,-24717,-158,-448,-590,-139,-568,-94,-217,-683,28549,34332,-1829,-8688,-536,-451,-691,-697,-374,-555,-47,-436,-282,-699,-483,-357
0.287779127274269,0.7310392022962752,-1.0,-1.0,-1.0,-1.0,-1.0,-1.0,-1.0,-1.0,0.7022691492428408,0.6079466496182778,0.8678551530363819,0.1441171155784141,-1.0,-1.0,-1.0,-1.0,-1.0,-1.0,-1.0,-1.0,-1.0,-1.0,-1.0,-1.0
