bad_A,bad_B,disc1,disc2,fI,fO_A,fO_B,fP_A,fP_B,fRi,fRo,fS,good_A,good_B,no_disc,pick,put,redo_A,redo_B,sI,sO_A,sO_B,sP_A,sP_B,sQ_A,sQ_Ar,sQ_B,sQ_Br,sRi,sRo,sS,test1,test2,turn1,turn2
-35559,-20196,-82,-326,-714,-765,-502,-396,-236,-145,-789,-350,23836,38022,-747,-447,-251,-1575,-6591,-671,-687,-563,-216,-202,-166,-431,-191,-586,-451,-553,-780,-706,-311,-655,-77
0.8076940058448867,0.12054761663318923,-1.0,-1.0,-1.0,-1.0,-1.0,-1.0,-1.0,-1.0,-1.0,-1.0,0.5043967177370021,0.17881862715940128,-1.0,-1.0,-1.0,0.45862448838618186,0.34790186450586696,-1.0,-1.0,-1.0,-1.0,-1.0,-1.0,-1.0,-1.0,-1.0,-1.0,-1.0,-1.0,-1.0,-1.0,-1.0,-1.0
