bad_A,bad_B,disc1,disc2,fI,fO_A,fO_B,fP_A,fP_B,fRi,fRo,fS,good_A,good_B,no_disc,pick,put,redo_A,redo_B,sI,sO_A,sO_B,sP_A,sP_B,sQ_A,sQ_Ar,sQ_B,sQ_Br,sRi,sRo,sS,test1,test2,turn1,turn2
-34543,-34030,-780,-139,-80,-792,-301,-27,-462,-624,-224,-740,36247,36117,-710,-491,-457,-3123,-7164,-607,-493,-433,-571,-568,-626,-430,-52,-353,-244,-655,-518,-445,-334,-302,-362
0.3469279076836891,0.5908016318184498,-1.0,-1.0,-1.0,-1.0,-1.0,-1.0,-1.0,-1.0,-1.0,-1.0,0.8134899128650263,0.7335955257367968,-1.0,-1.0,-1.0,0.8140004928865158,0.812940902557362,-1.0,-1.0,-1.0,-1.0,-1.0,-1.0,-1.0,-1.0,-1.0,-1.0,-1.0,-1.0,-1.0,-1.0,-1.0,-1.0
