bad_A,bad_B,disc1,disc2,fI,fO_A,fO_B,fP_A,fP_B,fRi,fRo,fS,good_A,good_B,no_disc,pick,put,redo_A,redo_B,sI,sO_A,sO_B,sP_A,sP_B,sQ_A,sQ_Ar,sQ_B,sQ_Br,sRi,sRo,sS,test1,test2,turn1,turn2
-31976,-26517,-710,-437,-90,-64,-790,-427,-123,-33,-229,-753,25861,21933,-126,-155,-797,-3069,-3605,-172,-697,-154,-133,-755,-798,-462,-416,-197,-386,-53,-545,-459,-100,-274,-211
0.19457607855573997,0.8060232800686332,-1.0,-1.0,-1.0,-1.0,-1.0,-1.0,-1.0,-1.0,-1.0,-1.0,0.6422373763018536,0.2572087892437993,-1.0,-1.0,-1.0,0.18561282988841266,0.5007076577997264,-1.0,-1.0,-1.0,-1.0,-1.0,-1.0,-1.0,-1.0,-1.0,-1.0,-1.0,-1.0,-1.0,-1.0,-1.0,-1.0
