bad_A,bad_B,disc1,disc2,fI,fO_A,fO_B,fP_A,fP_B,fRi,fRo,fS,good_A,good_B,no_disc,pick,put,redo_A,redo_B,sI,sO_A,sO_B,sP_A,sP_B,sQ_A,sQ_Ar,sQ_B,sQ_Br,sRi,sRo,sS,test1,test2,turn1,turn2
-25996,-24305,-282,-644,-733,-151,-538,-197,-334,-634,-259,-349,26994,20273,-276,-648,-216,-8642,-6074,-795,-418,-434,-225,-458,-539,-129,-89,-74,-323,-139,-174,-339,-580,-65,-273
0.7571634526074603,0.8885009152149589,-1.0,-1.0,-1.0,-1.0,-1.0,-1.0,-1.0,-1.0,-1.0,-1.0,0.6825123265028511,0.38108440803491284,-1.0,-1.0,-1.0,0.5935190816921044,0.579672367941929,-1.0,-1.0,-1.0,-1.0,-1.0,-1.0,-1.0,-1.0,-1.0,-1.0,-1.0,-1.0,-1.0,-1.0,-1.0,-1.0
