bad_A,bad_B,disc1,disc2,fI,fO_A,fO_B,fP_A,fP_B,fRi,fRo,fS,good_A,good_B,no_disc,pick,put,redo_A,redo_B,sI,sO_A,sO_B,sP_A,sP_B,sQ_A,sQ_Ar,sQ_B,sQ_Br,sRi,sRo,sS,test1,test2,turn1,turn2
-24597,-25002,-112,-150,-532,-673,-149,-636,-111,-79,-400,-419,36465,22730,-694,-489,-44,-5173,-4227,-511,-741,-526,-482,-392,-153,-775,-502,-718,-53,-720,-700,-318,-605,-106,-585
0.868851415381374,0.3597883139320359,-1.0,-1.0,-1.0,-1.0,-1.0,-1.0,-1.0,-1.0,-1.0,-1.0,0.4171729904578517,0.7025748454692147,-1.0,-1.0,-1.0,0.8816585735981447,0.8453175894573935,-1.0,-1.0,-1.0,-1.0,-1.0,-1.0,-1.0,-1.0,-1.0,-1.0,-1.0,-1.0,-1.0,-1.0,-1.0,-1.0
