bad_A,bad_B,disc1,disc2,fI,fO_A,fO_B,fP_A,fP_B,fRi,fRo,fS,good_A,good_B,no_disc,pick,put,redo_A,redo_B,sI,sO_A,sO_B,sP_A,sP_B,sQ_A,sQ_Ar,sQ_B,sQ_Br,sRi,sRo,sS,test1,test2,turn1,turn2
-20817,-25978,-219,-723,-273,-185,-548,-355,-393,-615,-515,-578,35047,37859,-696,-117,-377,-5806,-7808,-298,-434,-25,-509,-460,-699,-614,-463,-444,-107,-615,-277,-383,-13,-669,-31
0.5539899323377516,0.3728759649972203,-1.0,-1.0,-1.0,-1.0,-1.0,-1.0,-1.0,-1.0,-1.0,-1.0,0.6973589338125564,0.4862087237437288,-1.0,-1.0,-1.0,0.18527452556860508,0.1456739440970794,-1.0,-1.0,-1.0,-1.0,-1.0,-1.0,-1.0,-1.0,-1.0,-1.0,-1.0,-1.0,-1.0,-1.0,-1.0,-1.0
