bad_A,bad_B,disc1,disc2,fI,fO_A,fO_B,fP_A,fP_B,fRi,fRo,fS,good_A,good_B,no_disc,pick,put,redo_A,redo_B,sI,sO_A,sO_B,sP_A,sP_B,sQ_A,sQ_Ar,sQ_B,sQ_Br,sRi,sRo,sS,test1,test2,turn1,turn2
-26428,-35269,-770,-461,-139,-609,-399,-406,-162,-168,-439,-392,39184,31984,-292,-157,-523,-2955,-1651,-368,-346,-187,-243,-308,-61,-431,-195,-65,-244,-278,-292,-349,-501,-239,-231
0.4550700203807432,0.7805966942649445,-1.0,-1.0,-1.0,-1.0,-1.0,-1.0,-1.0,-1.0,-1.0,-1.0,0.6138247850919469,0.3934631090355887,-1.0,-1.0,-1.0,0.3616502358389456,0.7072702883205578,-1.0,-1.0,-1.0,-1.0,-1.0,-1.0,-1.0,-1.0,-1.0,-1.0,-1.0,-1.0,-1.0,-1.0,-1.0,-1.0
