bad_A,bad_B,disc1,disc2,fI,fO_A,fO_B,fP_A,fP_B,fRi,fRo,fS,good_A,good_B,no_disc,pick,put,redo_A,redo_B,sI,sO_A,sO_B,sP_A,sP_B,sQ_A,sQ_Ar,sQ_B,sQ_Br,sRi,sRo,sS,test1,test2,turn1,turn2
-27306,-23319,-210,-406,-94,-402,-358,-718,-322,-68,-18,-668,35547,34747,-356,-244,-120,-5077,-7110,-406,-52,-149,-477,-426,-640,-229,-360,-527,-410,-150,-223,-518,-687,-117,-640
0.6981617234484179,0.4494884841398259,-1.0,-1.0,-1.0,-1.0,-1.0,-1.0,-1.0,-1.0,-1.0,-1.0,0.35406304421471413,0.12684387012993864,-1.0,-1.0,-1.0,0.7367205900829155,0.7296754551241817,-1.0,-1.0,-1.0,-1.0,-1.0,-1.0,-1.0,-1.0,-1.0,-1.0,-1.0,-1.0,-1.0,-1.0,-1.0,-1.0
