bad_A,bad_B,disc1,disc2,fI,fO_A,fO_B,fP_A,fP_B,fRi,fRo,fS,good_A,good_B,no_disc,pick,put,redo_A,redo_B,sI,sO_A,sO_B,sP_A,sP_B,sQ_A,sQ_Ar,sQ_B,sQ_Br,sRi,sRo,sS,test1,test2,turn1,turn2
-27072,-31019,-216,-98,-576,-67,-773,-778,-787,-101,-606,-173,31763,31158,-508,-593,-256,-6268,-1220,-336,-602,-490,-236,-255,-306,-204,-163,-454,-177,-629,-127,-393,-191,-33,-602
0.24889836177165015,0.10560456934808089,-1.0,-1.0,-1.0,-1.0,-1.0,-1.0,-1.0,-1.0,-1.0,-1.0,0.39193776274702785,0.5464867812995856,-1.0,-1.0,-1.0,0.2760199745138223,0.29728607795513584,-1.0,-1.0,-1.0,-1.0,-1.0,-1.0,-1.0,-1.0,-1.0,-1.0,-1.0,-1.0,-1.0,-1.0,-1.0,-1.0
