bad_A,bad_B,disc1,disc2,fI,fO_A,fO_B,fP_A,fP_B,fRi,fRo,fS,good_A,good_B,no_disc,pick,put,redo_A,redo_B,sI,sO_A,sO_B,sP_A,sP_B,sQ_A,sQ_Ar,sQ_B,sQ_Br,sRi,sRo,sS,test1,test2,turn1,turn2
-20437,-35642,-760,-272,-728,-212,-414,-516,-596,-411,-525,-718,35833,29171,-555,-434,-56,-2162,-2876,-453,-745,-399,-470,-334,-250,-369,-653,-376,-143,-73,-596,-464,-778,-193,-375
0.4942576787878715,0.15598947044454914,-1.0,-1.0,-1.0,-1.0,-1.0,-1.0,-1.0,-1.0,-1.0,-1.0,0.26212023545316376,0.2687764596572948,-1.0,-1.0,-1.0,0.631234548013347,0.13130626187507524,-1.0,-1.0,-1.0,-1.0,-1.0,-1.0,-1.0,-1.0,-1.0,-1.0,-1.0,-1.0,-1.0,-1.0,-1.0,-1.0
