bad_A,bad_B,disc1,disc2,fI,fO_A,fO_B,fP_A,fP_B,fRi,fRo,fS,good_A,good_B,no_disc,pick,put,redo_A,redo_B,sI,sO_A,sO_B,sP_A,sP_B,sQ_A,sQ_Ar,sQ_B,sQ_Br,sRi,sRo,sS,test1,test2,turn1,turn2
-29625,-23852,-600,-796,-777,-742,-38,-145,-630,-789,-233,-349,23702,29861,-349,-587,-394,-1816,-7139,-672,-301,-597,-512,-11,-293,-719,-11,-427,-143,-531,-776,-605,-616,-170,-216
0.89504073314539,0.5561627545733985,-1.0,-1.0,-1.0,-1.0,-1.0,-1.0,-1.0,-1.0,-1.0,-1.0,0.1903784551045984,0.12050175406316513,-1.0,-1.0,-1.0,0.21123468088417108,0.501815157691934,-1.0,-1.0,-1.0,-1.0,-1.0,-1.0,-1.0,-1.0,-1.0,-1.0,-1.0,-1.0,-1.0,-1.0,-1.0,-1.0
