bad_A,bad_B,disc1,disc2,fI,fO_A,fO_B,fP_A,fP_B,fRi,fRo,fS,good_A,good_B,no_disc,pick,put,redo_A,redo_B,sI,sO_A,sO_B,sP_A,sP_B,sQ_A,sQ_Ar,sQ_B,sQ_Br,sRi,sRo,sS,test1,test2,turn1,turn2
-24894,-26184,-397,-592,-613,-116,-319,-351,-120,-312,-661,-751,27521,27753,-771,-471,-709,-5662,-4625,-19,-550,-663,-494,-461,-570,-533,-549,-466,-244,-656,-522,-102,-148,-127,-603
0.8416722958474223,0.7868249824810079,-1.0,-1.0,-1.0,-1.0,-1.0,-1.0,-1.0,-1.0,-1.0,-1.0,0.4411083128472655,0.48717966517821176,-1.0,-1.0,-1.0,0.7650665361217553,0.18139904905220705,-1.0,-1.0,-1.0,-1.0,-1.0,-1.0,-1.0,-1.0,-1.0,-1.0,-1.0,-1.0,-1.0,-1.0,-1.0,-1.0
