bad_A,bad_B,disc1,disc2,fI,fO_A,fO_B,fP_A,fP_B,fRi,fRo,fS,good_A,good_B,no_disc,pick,put,redo_A,redo_B,sI,sO_A,sO_B,sP_A,sP_B,sQ_A,sQ_Ar,sQ_B,sQ_Br,sRi,sRo,sS,test1,test2,turn1,turn2
-35066,-21866,-129,-415,-420,-272,-16,-103,-475,-383,-692,-556,27583,20948,-531,-685,-161,-5794,-7382,-486,-631,-225,-366,-669,-115,-574,-264,-301,-63,-370,-184,-60,-493,-179,-665
0.5805595173178649,0.1710336350536356,-1.0,-1.0,-1.0,-1.0,-1.0,-1.0,-1.0,-1.0,-1.0,-1.0,0.36356841713356547,0.5707890752286615,-1.0,-1.0,-1.0,0.8284354999248689,0.10174839310839322,-1.0,-1.0,-1.0,-1.0,-1.0,-1.0,-1.0,-1.0,-1.0,-1.0,-1.0,-1.0,-1.0,-1.0,-1.0,-1.0
