bad_A,bad_B,disc1,disc2,fI,fO_A,fO_B,fP_A,fP_B,fRi,fRo,fS,good_A,good_B,no_disc,pick,put,redo_A,redo_B,sI,sO_A,sO_B,sP_A,sP_B,sQ_A,sQ_Ar,sQ_B,sQ_Br,sRi,sRo,sS,test1,test2,turn1,turn2
-33422,-25719,-775,-317,-397,-584,-693,-712,-10,-782,-151,-765,38572,31131,-263,-41,-364,-6292,-8806,-605,-535,-697,-279,-263,-234,-530,-388,-771,-462,-532,-51,-410,-181,-655,-145
0.22608211343363038,0.7978758225642153,-1.0,-1.0,-1.0,-1.0,-1.0,-1.0,-1.0,-1.0,-1.0,-1.0,0.2848186005404879,0.6787747854917299,-1.0,-1.0,-1.0,0.337452646882597,0.8767249221628343,-1.0,-1.0,-1.0,-1.0,-1.0,-1.0,-1.0,-1.0,-1.0,-1.0,-1.0,-1.0,-1.0,-1.0,-1.0,-1.0
