bad_A,bad_B,disc1,disc2,fI,fO_A,fO_B,fP_A,fP_B,fRi,fRo,fS,good_A,good_B,no_disc,pick,put,redo_A,redo_B,sI,sO_A,sO_B,sP_A,sP_B,sQ_A,sQ_Ar,sQ_B,sQ_Br,sRi,sRo,sS,test1,test2,turn1,turn2
-20859,-37302,-375,-395,-214,-528,-492,-587,-655,-777,-393,-558,22810,28969,-153,-377,-308,-4118,-1053,-231,-446,-687,-37,-541,-156,-229,-647,-703,-190,-605,-380,-332,-333,-797,-357
0.7874398206120871,0.6760475550684474,-1.0,-1.0,-1.0,-1.0,-1.0,-1.0,-1.0,-1.0,-1.0,-1.0,0.2670436406498661,0.11540420015992786,-1.0,-1.0,-1.0,0.8788348890113692,0.616359751383863,-1.0,-1.0,-1.0,-1.0,-1.0,-1.0,-1.0,-1.0,-1.0,-1.0,-1.0,-1.0,-1.0,-1.0,-1.0,-1.0
