bad_A,bad_B,disc1,disc2,fI,fO_A,fO_B,fP_A,fP_B,fRi,fRo,fS,good_A,good_B,no_disc,pick,put,redo_A,redo_B,sI,sO_A,sO_B,sP_A,sP_B,sQ_A,sQ_Ar,sQ_B,sQ_Br,sRi,sRo,sS,test1,test2,turn1,turn2
-25033,-21371,-37,-559,-188,-428,-588,-793,-775,-102,-13,-760,36185,33015,-409,-424,-505,-4559,-1918,-18,-31,-435,-561,-327,-429,-767,-178,-64,-463,-526,-231,-636,-370,-265,-105
0.4470311562753907,0.6012526879839244,-1.0,-1.0,-1.0,-1.0,-1.0,-1.0,-1.0,-1.0,-1.0,-1.0,0.4487144996679614,0.35231700547011824,-1.0,-1.0,-1.0,0.5648047876285511,0.2805670078829883,-1.0,-1.0,-1.0,-1.0,-1.0,-1.0,-1.0,-1.0,-1.0,-1.0,-1.0,-1.0,-1.0,-1.0,-1.0,-1.0
