bad_A,bad_B,disc1,disc2,fI,fO_A,fO_B,fP_A,fP_B,fRi,fRo,fS,good_A,good_B,no_disc,pick,put,redo_A,redo_B,sI,sO_A,sO_B,sP_A,sP_B,sQ_A,sQ_Ar,sQ_B,sQ_Br,sRi,sRo,sS,test1,test2,turn1,turn2
-35685,-24933,-393,-658,-120,-246,-351,-575,-87,-666,-486,-73,33645,21574,-388,-657,-775,-2297,-4555,-411,-41,-655,-366,-45,-453,-521,-679,-490,-752,-738,-436,-505,-281,-202,-245
0.2698141895381104,0.11520885568049355,-1.0,-1.0,-1.0,-1.0,-1.0,-1.0,-1.0,-1.0,-1.0,-1.0,0.15368701945446084,0.12746091005191484,-1.0,-1.0,-1.0,0.27686599542866724,0.7545039558678637,-1.0,-1.0,-1.0,-1.0,-1.0,-1.0,-1.0,-1.0,-1.0,-1.0,-1.0,-1.0,-1.0,-1.0,-1.0,-1.0
