bad_A,bad_B,disc1,disc2,fI,fO_A,fO_B,fP_A,fP_B,fRi,fRo,fS,good_A,good_B,no_disc,pick,put,redo_A,redo_B,sI,sO_A,sO_B,sP_A,sP_B,sQ_A,sQ_Ar,sQ_B,sQ_Br,sRi,sRo,sS,test1,test2,turn1,turn2
-32823,-28811,-64,-321,-34,-146,-102,-358,-201,-198,-570,-475,37678,39255,-604,-785,-190,-1413,-2605,-769,-670,-321,-494,-471,-228,-291,-721,-339,-345,-291,-690,-334,-378,-550,-289
0.2879615099199982,0.6370678307438628,-1.0,-1.0,-1.0,-1.0,-1.0,-1.0,-1.0,-1.0,-1.0,-1.0,0.5057366650075553,0.5517194306933396,-1.0,-1.0,-1.0,0.24074816073422342,0.7884703098951628,-1.0,-1.0,-1.0,-1.0,-1.0,-1.0,-1.0,-1.0,-1.0,-1.0,-1.0,-1.0,-1.0,-1.0,-1.0,-1.0
