bad_A,bad_B,disc1,disc2,fI,fO_A,fO_B,fP_A,fP_B,fRi,fRo,fS,good_A,good_B,no_disc,pick,put,redo_A,redo_B,sI,sO_A,sO_B,sP_A,sP_B,sQ_A,sQ_Ar,sQ_B,sQ_Br,sRi,sRo,sS,test1,test2,turn1,turn2
-30926,-36920,-173,-198,-374,-25,-238,-595,-800,-262,-542,-61,32669,28737,-342,-630,-718,-8568,-3604,-327,-47,-281,-706,-15,-676,-67,-603,-701,-756,-440,-317,-605,-737,-192,-602
0.8828959845394032,0.5500957501775569,-1.0,-1.0,-1.0,-1.0,-1.0,-1.0,-1.0,-1.0,-1.0,-1.0,0.48289743012289654,0.16470140761416252,-1.0,-1.0,-1.0,0.20807778914029562,0.5322282927287286,-1.0,-1.0,-1.0,-1.0,-1.0,-1.0,-1.0,-1.0,-1.0,-1.0,-1.0,-1.0,-1.0,-1.0,-1.0,-1.0
