bad_A,bad_B,disc1,disc2,fI,fO_A,fO_B,fP_A,fP_B,fRi,fRo,fS,good_A,good_B,no_disc,pick,put,redo_A,redo_B,sI,sO_A,sO_B,sP_A,sP_B,sQ_A,sQ_Ar,sQ_B,sQ_Br,sRi,sRo,sS,test1,test2,turn1,turn2
-38543,-22495,-514,-359,-183,-306,-161,-438,-382,-12,-738,-109,25007,25758,-763,-30,-380,-7156,-8315,-701,-545,-216,-721,-556,-632,-617,-329,-658,-110,-457,-754,-395,-257,-658,-309
0.34873996641553984,0.18697909050902473,-1.0,-1.0,-1.0,-1.0,-1.0,-1.0,-1.0,-1.0,-1.0,-1.0,0.13776477138168428,0.8705335827047452,-1.0,-1.0,-1.0,0.23453835794590303,0.34725768289239745,-1.0,-1.0,-1.0,-1.0,-1.0,-1.0,-1.0,-1.0,-1.0,-1.0,-1.0,-1.0,-1.0,-1.0,-1.0,-1.0
