bad_A,bad_B,disc1,disc2,fI,fO_A,fO_B,fP_A,fP_B,fRi,fRo,fS,good_A,good_B,no_disc,pick,put,redo_A,redo_B,sI,sO_A,sO_B,sP_A,sP_B,sQ_A,sQ_Ar,sQ_B,sQ_Br,sRi,sRo,sS,test1,test2,turn1,turn2
-33768,-37424,-776,-534,-388,-501,-561,-488,-283,-688,-794,-418,34012,33431,-406,-37,-622,-5039,-6254,-269,-593,-780,-216,-558,-84,-359,-272,-544,-327,-579,-363,-295,-451,-161,-336
0.7895366370427838,0.21156286623351087,-1.0,-1.0,-1.0,-1.0,-1.0,-1.0,-1.0,-1.0,-1.0,-1.0,0.13615888674454438,0.857302210763021,-1.0,-1.0,-1.0,0.3856031950650938,0.8738976645206316,-1.0,-1.0,-1.0,-1.0,-1.0,-1.0,-1.0,-1.0,-1.0,-1.0,-1.0,-1.0,-1.0,-1.0,-1.0,-1.0
