bad_A,bad_B,disc1,disc2,fI,fO_A,fO_B,fP_A,fP_B,fRi,fRo,fS,good_A,good_B,no_disc,pick,put,redo_A,redo_B,sI,sO_A,sO_B,sP_A,sP_B,sQ_A,sQ_Ar,sQ_B,sQ_Br,sRi,sRo,sS,test1,test2,turn1,turn2
-26337,-23245,-514,-176,-298,-58,-507,-63,-419,-305,-338,-441,20661,28040,-738,-157,-120,-5512,-4100,-297,-771,-397,-256,-288,-285,-258,-28,-439,-543,-547,-444,-194,-544,-773,-650
0.5674071855350266,0.533344357161098,-1.0,-1.0,-1.0,-1.0,-1.0,-1.0,-1.0,-1.0,-1.0,-1.0,0.4239227399903128,0.16522621869375131,-1.0,-1.0,-1.0,0.1491503781322061,0.46901256232146715,-1.0,-1.0,-1.0,-1.0,-1.0,-1.0,-1.0,-1.0,-1.0,-1.0,-1.0,-1.0,-1.0,-1.0,-1.0,-1.0
