bad_A,bad_B,disc1,disc2,fI,fO_A,fO_B,fP_A,fP_B,fRi,fRo,fS,good_A,good_B,no_disc,pick,put,redo_A,redo_B,sI,sO_A,sO_B,sP_A,sP_B,sQ_A,sQ_Ar,sQ_B,sQ_Br,sRi,sRo,sS,test1,test2,turn1,turn2
-39647,-27411,-622,-758,-255,-456,-28,-16,-595,-527,-47,-170,22051,31882,-450,-144,-185,-3075,-1193,-463,-374,-589,-497,-236,-166,-101,-537,-233,-331,-485,-579,-366,-703,-350,-779
0.6110573773829663,0.3640819448202154,-1.0,-1.0,-1.0,-1.0,-1.0,-1.0,-1.0,-1.0,-1.0,-1.0,0.5785847680986415,0.7085158390048795,-1.0,-1.0,-1.0,0.36913693274737014,0.3617950604912207,-1.0,-1.0,-1.0,-1.0,-1.0,-1.0,-1.0,-1.0,-1.0,-1.0,-1.0,-1.0,-1.0,-1.0,-1.0,-1.0
