bad_A,bad_B,disc1,disc2,fI,fO_A,fO_B,fP_A,fP_B,fRi,fRo,fS,good_A,good_B,no_disc,pick,put,redo_A,redo_B,sI,sO_A,sO_B,sP_A,sP_B,sQ_A,sQ_Ar,sQ_B,sQ_Br,sRi,sRo,sS,test1,test2,turn1,turn2
-33967,-30855,-707,-590,-121,-533,-730,-599,-28,-711,-524,-137,28634,32000,-293,-446,-678,-2898,-8049,-217,-405,-38,-159,-335,-572,-401,-565,-94,-621,-483,-634,-117,-434,-712,-22
0.36859597584934234,0.5665976755104563,-1.0,-1.0,-1.0,-1.0,-1.0,-1.0,-1.0,-1.0,-1.0,-1.0,0.28607395811174047,0.7662106972283934,-1.0,-1.0,-1.0,0.8389513093932907,0.2040074069974975,-1.0,-1.0,-1.0,-1.0,-1.0,-1.0,-1.0,-1.0,-1.0,-1.0,-1.0,-1.0,-1.0,-1.0,-1.0,-1.0
