bad_A,bad_B,disc1,disc2,fI,fO_A,fO_B,fP_A,fP_B,fRi,fRo,fS,good_A,good_B,no_disc,pick,put,redo_A,redo_B,sI,sO_A,sO_B,sP_A,sP_B,sQ_A,sQ_Ar,sQ_B,sQ_Br,sRi,sRo,sS,test1,test2,turn1,turn2
-29907,-31496,-754,-489,-333,-231,-685,-531,-722,-755,-463,-702,26877,39407,-543,-553,-514,-8636,-5564,-156,-74,-309,-758,-208,-304,-538,-77,-151,-274,-681,-98,-661,-381,-174,-621
0.7774942390302325,0.42066534677107403,-1.0,-1.0,-1.0,-1.0,-1.0,-1.0,-1.0,-1.0,-1.0,-1.0,0.22659636221009027,0.4247576226212395,-1.0,-1.0,-1.0,0.5328744562846245,0.43726944516690025,-1.0,-1.0,-1.0,-1.0,-1.0,-1.0,-1.0,-1.0,-1.0,-1.0,-1.0,-1.0,-1.0,-1.0,-1.0,-1.0
