bad_A,bad_B,disc1,disc2,fI,fO_A,fO_B,fP_A,fP_B,fRi,fRo,fS,good_A,good_B,no_disc,pick,put,redo_A,redo_B,sI,sO_A,sO_B,sP_A,sP_B,sQ_A,sQ_Ar,sQ_B,sQ_Br,sRi,sRo,sS,test1,test2,turn1,turn2
-23390,-33117,-428,-498,-105,-406,-444,-330,-618,-206,-215,-15,31405,28925,-270,-594,-138,-7272,-5812,-77,-371,-601,-520,-485,-541,-401,-391,-628,-730,-20,-215,-333,-278,-799,-709
0.30846607162075046,0.4583847211762285,-1.0,-1.0,-1.0,-1.0,-1.0,-1.0,-1.0,-1.0,-1.0,-1.0,0.3296879526054448,0.7980401693072191,-1.0,-1.0,-1.0,0.8740377051118332,0.7245348021913512,-1.0,-1.0,-1.0,-1.0,-1.0,-1.0,-1.0,-1.0,-1.0,-1.0,-1.0,-1.0,-1.0,-1.0,-1.0,-1.0
