bad_A,bad_B,disc1,disc2,fI,fO_A,fO_B,fP_A,fP_B,fRi,fRo,fS,good_A,good_B,no_disc,pick,put,redo_A,redo_B,sI,sO_A,sO_B,sP_A,sP_B,sQ_A,sQ_Ar,sQ_B,sQ_Br,sRi,sRo,sS,test1,test2,turn1,turn2
-38306,-20497,-728,-335,-137,-744,-795,-357,-319,-363,-144,-126,22721,21212,-591,-503,-767,-1027,-5585,-284,-740,-486,-264,-115,-596,-467,-36,-142,-467,-656,-302,-325,-500,-204,-695
0.47998104357215676,0.3743442182632697,-1.0,-1.0,-1.0,-1.0,-1.0,-1.0,-1.0,-1.0,-1.0,-1.0,0.7416899722601679,0.6401625345646567,-1.0,-1.0,-1.0,0.3015881464737602,0.35432959222596805,-1.0,-1.0,-1.0,-1.0,-1.0,-1.0,-1.0,-1.0,-1.0,-1.0,-1.0,-1.0,-1.0,-1.0,-1.0,-1.0
