bad_A,bad_B,disc1,disc2,fI,fO_A,fO_B,fP_A,fP_B,fRi,fRo,fS,good_A,good_B,no_disc,pick,put,redo_A,redo_B,sI,sO_A,sO_B,sP_A,sP_B,sQ_A,sQ_Ar,sQ_B,sQ_Br,sRi,sRo,sS,test1,test2,turn1,turn2
-33979,-37129,-652,-66,-111,-84,-105,-774,-488,-637,-649,-723,27412,33096,-354,-286,-19,-2012,-3180,-406,-171,-370,-22,-371,-511,-493,-394,-92,-336,-590,-98,-507,-783,-90,-738
0.5209719900686774,0.7849424286930077,-1.0,-1.0,-1.0,-1.0,-1.0,-1.0,-1.0,-1.0,-1.0,-1.0,0.7753717967705542,0.2334233601902855,-1.0,-1.0,-1.0,0.7848823100070477,0.19119178596872244,-1.0,-1.0,-1.0,-1.0,-1.0,-1.0,-1.0,-1.0,-1.0,-1.0,-1.0,-1.0,-1.0,-1.0,-1.0,-1.0
