bad_A,bad_B,disc1,disc2,fI,fO_A,fO_B,fP_A,fP_B,fRi,fRo,fS,good_A,good_B,no_disc,pick,put,redo_A,redo_B,sI,sO_A,sO_B,sP_A,sP_B,sQ_A,sQ_Ar,sQ_B,sQ_Br,sRi,sRo,sS,test1,test2,turn1,turn2
-22356,-36465,-148,-381,-39,-16,-440,-476,-238,-12,-741,-110,38906,35546,-183,-564,-530,-2214,-3035,-761,-60,-184,-696,-167,-63,-215,-719,-366,-174,-547,-150,-50,-397,-665,-675
0.7010739921308059,0.7329702440628607,-1.0,-1.0,-1.0,-1.0,-1.0,-1.0,-1.0,-1.0,-1.0,-1.0,0.8895684440204817,0.5471810111748026,-1.0,-1.0,-1.0,0.6549153554878271,0.34806095969509104,-1.0,-1.0,-1.0,-1.0,-1.0,-1.0,-1.0,-1.0,-1.0,-1.0,-1.0,-1.0,-1.0,-1.0,-1.0,-1.0
