bad_A,bad_B,disc1,disc2,fI,fO_A,fO_B,fP_A,fP_B,fRi,fRo,fS,good_A,good_B,no_disc,pick,put,redo_A,redo_B,sI,sO_A,sO_B,sP_A,sP_B,sQ_A,sQ_Ar,sQ_B,sQ_Br,sRi,sRo,sS,test1,test2,turn1,turn2
-22915,-27328,-115,-625,-685,-160,-368,-98,-670,-468,-798,-643,28083,35297,-275,-572,-528,-8606,-5439,-617,-71,-570,-25,-557,-697,-681,-307,-148,-794,-59,-94,-30,-415,-219,-428
0.43463087071090756,0.4962867753620075,-1.0,-1.0,-1.0,-1.0,-1.0,-1.0,-1.0,-1.0,-1.0,-1.0,0.8246143787075029,0.44001504091393995,-1.0,-1.0,-1.0,0.876647849682408,0.521292474320391,-1.0,-1.0,-1.0,-1.0,-1.0,-1.0,-1.0,-1.0,-1.0,-1.0,-1.0,-1.0,-1.0,-1.0,-1.0,-1.0
