bad_A,bad_B,disc1,disc2,fI,fO_A,fO_B,fP_A,fP_B,fRi,fRo,fS,good_A,good_B,no_disc,pick,put,redo_A,redo_B,sI,sO_A,sO_B,sP_A,sP_B,sQ_A,sQ_Ar,sQ_B,sQ_Br,sRi,sRo,sS,test1,test2,turn1,turn2
-21499,-25503,-317,-180,-85,-241,-413,-788,-218,-582,-321,-718,29271,28373,-221,-292,-636,-4817,-2865,-269,-414,-499,-654,-726,-556,-112,-491,-153,-268,-536,-595,-430,-11,-265,-471
0.587143565188776,0.8337645662392218,-1.0,-1.0,-1.0,-1.0,-1.0,-1.0,-1.0,-1.0,-1.0,-1.0,0.8166153222394398,0.2588743516602189,-1.0,-1.0,-1.0,0.8973665956692315,0.10126915616949646,-1.0,-1.0,-1.0,-1.0,-1.0,-1.0,-1.0,-1.0,-1.0,-1.0,-1.0,-1.0,-1.0,-1.0,-1.0,-1.0
