bad_A,bad_B,disc1,disc2,fI,fO_A,fO_B,fP_A,fP_B,fRi,fRo,fS,good_A,good_B,no_disc,pick,put,redo_A,redo_B,sI,sO_A,sO_B,sP_A,sP_B,sQ_A,sQ_Ar,sQ_B,sQ_Br,sRi,sRo,sS,test1,test2,turn1,turn2
-29101,-22418,-87,-415,-55,-233,-88,-602,-418,-772,-264,-452,28706,35825,-500,-622,-87,-4628,-4761,-624,-495,-452,-442,-207,-52,-669,-426,-361,-206,-653,-667,-640,-579,-530,-401
0.30307277678142563,0.13920828666392185,-1.0,-1.0,-1.0,-1.0,-1.0,-1.0,-1.0,-1.0,-1.0,-1.0,0.22729956987420002,0.7859840034980984,-1.0,-1.0,-1.0,0.8485106003496838,0.4981980669615872,-1.0,-1.0,-1.0,-1.0,-1.0,-1.0,-1.0,-1.0,-1.0,-1.0,-1.0,-1.0,-1.0,-1.0,-1.0,-1.0
