bad_A,bad_B,disc1,disc2,fI,fO_A,fO_B,fP_A,fP_B,fRi,fRo,fS,good_A,good_B,no_disc,pick,put,redo_A,redo_B,sI,sO_A,sO_B,sP_A,sP_B,sQ_A,sQ_Ar,sQ_B,sQ_Br,sRi,sRo,sS,test1,test2,turn1,turn2
-31715,-31986,-78,-680,-725,-738,-158,-490,-631,-665,-457,-702,31649,29941,-154,-534,-781,-2929,-4998,-711,-462,-336,-99,-154,-569,-34,-199,-70,-256,-497,-482,-244,-275,-528,-68
0.33073626492505587,0.3920379395798247,-1.0,-1.0,-1.0,-1.0,-1.0,-1.0,-1.0,-1.0,-1.0,-1.0,0.21102557037232722,0.20991996269490434,-1.0,-1.0,-1.0,0.661410419503359,0.4345507902723025,-1.0,-1.0,-1.0,-1.0,-1.0,-1.0,-1.0,-1.0,-1.0,-1.0,-1.0,-1.0,-1.0,-1.0,-1.0,-1.0
