bad_A,bad_B,disc1,disc2,fI,fO_A,fO_B,fP_A,fP_B,fRi,fRo,fS,good_A,good_B,no_disc,pick,put,redo_A,redo_B,sI,sO_A,sO_B,sP_A,sP_B,sQ_A,sQ_Ar,sQ_B,sQ_Br,sRi,sRo,sS,test1,test2,turn1,turn2
-29947,-28503,-207,-241,-114,-763,-625,-497,-260,-438,-184,-366,31392,27775,-465,-375,-435,-8486,-2324,-689,-70,-748,-351,-614,-290,-174,-194,-627,-281,-525,-419,-169,-61,-286,-177
0.3002364641082849,0.5632555389692685,-1.0,-1.0,-1.0,-1.0,-1.0,-1.0,-1.0,-1.0,-1.0,-1.0,0.8360549408545114,0.3893854538389242,-1.0,-1.0,-1.0,0.15647892526718632,0.7052354218354278,-1.0,-1.0,-1.0,-1.0,-1.0,-1.0,-1.0,-1.0,-1.0,-1.0,-1.0,-1.0,-1.0,-1.0,-1.0,-1.0
