bad_A,bad_B,disc1,disc2,fI,fO_A,fO_B,fP_A,fP_B,fRi,fRo,fS,good_A,good_B,no_disc,pick,put,redo_A,redo_B,sI,sO_A,sO_B,sP_A,sP_B,sQ_A,sQ_Ar,sQ_B,sQ_Br,sRi,sRo,sS,test1,test2,turn1,turn2
-22933,-25748,-76,-441,-109,-251,-781,-417,-72,-122,-94,-550,39156,23908,-432,-749,-459,-7096,-8666,-464,-40,-228,-307,-30,-490,-111,-232,-654,-359,-657,-97,-214,-120,-497,-624
0.4687804312097409,0.849642982928801,-1.0,-1.0,-1.0,-1.0,-1.0,-1.0,-1.0,-1.0,-1.0,-1.0,0.6677082563843135,0.4066893667323378,-1.0,-1.0,-1.0,0.30800547959076874,0.8060446461602647,-1.0,-1.0,-1.0,-1.0,-1.0,-1.0,-1.0,-1.0,-1.0,-1.0,-1.0,-1.0,-1.0,-1.0,-1.0,-1.0
