bad_A,bad_B,fI,fO_A,fO_B,fP_A,fp_B,fRi,fRo,fS,good_A,good_B,redo_A,redo_B,sI,sO_A,sO_B,sP_A,sP_B,sQ_A,sQ_Ar,sQ_B,sQ_Br,sRi,sRo,sS
-25238,-25634,-797,-780,-529,-697,-155,-65,-236,-661,36508,23092,-1916,-3935,-638,-173,-142,-343,-624,-273,-708,-244,-360,-796,-428,-213
0.3963640042402068,0.8900038038732556,-1.0,-1.0,-1.0,-1.0,-1.0,-1.0,-1.0,-1.0,0.2626281028715185,0.6638240846902137,0.617971107214949,0.32936400689662615,-1.0,-1.0,-1.0,-1.0,-1.0,-1.0,-1.0,-1.0,-1.0,-1.0,-1.0,-1.0
