bad_A,bad_B,fI,fO_A,fO_B,fP_A,fp_B,fRi,fRo,fS,good_A,good_B,redo_A,redo_B,sI,sO_A,sO_B,sP_A,sP_B,sQ_A,sQ_Ar,sQ_B,sQ_Br,sRi,sRo,sS
-35106,-22509,-220,-444,-327,-252,-162,-415,-213,-758,23427,30335,-8983,-2294,-397,-743,-353,-640,-104,-83,-283,-209,-315,-67,-753,-723
0.6411431067134027,0.4049494732362946,-1.0,-1.0,-1.0,-1.0,-1.0,-1.0,-1.0,-1.0,0.21545226042915042,0.4430982576052299,0.6554916436646072,0.19460519509306184,-1.0,-1.0,-1.0,-1.0,-1.0,-1.0,-1.0,-1.0,-1.0,-1.0,-1.0,-1.0
