bad_A,bad_B,fI,fO_A,fO_B,fP_A,fp_B,fRi,fRo,fS,good_A,good_B,redo_A,redo_B,sI,sO_A,sO_B,sP_A,sP_B,sQ_A,sQ_Ar,sQ_B,sQ_Br,sRi,sRo,sS
-33155,-22348,-778,-106,-491,-37,-54,-211,-278,-189,32192,34463,-2934,-7442,-529,-358,-312,-29,-90,-551,-462,-777,-215,-298,-101,-64
0.37101847139088895,0.5535542734529192,-1.0,-1.0,-1.0,-1.0,-1.0,-1.0,-1.0,-1.0,0.8433013862534959,0.29376209665449854,0.8732930189981286,0.562784219680021,-1.0,-1.0,-1.0,-1.0,-1.0,-1.0,-1.0,-1.0,-1.0,-1.0,-1.0,-1.0
