bad_A,bad_B,fI,fO_A,fO_B,fP_A,fp_B,fRi,fRo,fS,good_A,good_B,redo_A,redo_B,sI,sO_A,sO_B,sP_A,sP_B,sQ_A,sQ_Ar,sQ_B,sQ_Br,sRi,sRo,sS
-38225,-20616,-171,-76,-228,-514,-483,-761,-396,-790,29123,28976,-5042,-2521,-345,-105,-419,-230,-194,-106,-417,-601,-92,-299,-431,-717
0.1109603733125427,0.4149449704260767,-1.0,-1.0,-1.0,-1.0,-1.0,-1.0,-1.0,-1.0,0.5153230643663648,0.7112027530441303,0.4389942903004057,0.44318838535250726,-1.0,-1.0,-1.0,-1.0,-1.0,-1.0,-1.0,-1.0,-1.0,-1.0,-1.0,-1.0
