bad_A,bad_B,disc1,disc2,fI,fO_A,fO_B,fP_A,fP_B,fRi,fRo,fS,good_A,good_B,no_disc,pick,put,redo_A,redo_B,sI,sO_A,sO_B,sP_A,sP_B,sQ_A,sQ_Ar,sQ_B,sQ_Br,sRi,sRo,sS,test1,test2,turn1,turn2
-32838,-23602,-663,-582,-306,-51,-400,-430,-29,-753,-365,-560,24607,26482,-148,-573,-657,-8193,-6560,-496,-446,-457,-786,-441,-682,-184,-295,-693,-357,-563,-249,-498,-247,-642,-91
0.1442924597659424,0.6679996721276302,-1.0,-1.0,-1.0,-1.0,-1.0,-1.0,-1.0,-1.0,-1.0,-1.0,0.8397123171428585,0.5395455561758074,-1.0,-1.0,-1.0,0.485701234092224,0.4671446713490859,-1.0,-1.0,-1.0,-1.0,-1.0,-1.0,-1.0,-1.0,-1.0,-1.0,-1.0,-1.0,-1.0,-1.0,-1.0,-1.0
