bad_A,bad_B,disc1,disc2,fI,fO_A,fO_B,fP_A,fP_B,fRi,fRo,fS,good_A,good_B,no_disc,pick,put,redo_A,redo_B,sI,sO_A,sO_B,sP_A,sP_B,sQ_A,sQ_Ar,sQ_B,sQ_Br,sRi,sRo,sS,test1,test2,turn1,turn2
-37575,-22373,-225,-78,-566,-418,-591,-465,-763,-252,-198,-228,29522,30263,-478,-569,-760,-3026,-1296,-544,-459,-73,-424,-594,-151,-743,-59,-326,-542,-566,-276,-509,-283,-191,-413
0.2053224617379712,0.5609943535657601,-1.0,-1.0,-1.0,-1.0,-1.0,-1.0,-1.0,-1.0,-1.0,-1.0,0.5031636751224577,0.6451905817272837,-1.0,-1.0,-1.0,0.6084150959743552,0.8081365804268129,-1.0,-1.0,-1.0,-1.0,-1.0,-1.0,-1.0,-1.0,-1.0,-1.0,-1.0,-1.0,-1.0,-1.0,-1.0,-1.0
