bad_A,bad_B,disc1,disc2,fI,fO_A,fO_B,fP_A,fP_B,fRi,fRo,fS,good_A,good_B,no_disc,pick,put,redo_A,redo_B,sI,sO_A,sO_B,sP_A,sP_B,sQ_A,sQ_Ar,sQ_B,sQ_Br,sRi,sRo,sS,test1,test2,turn1,turn2
-30604,-33779,-781,-767,-288,-269,-196,-479,-56,-524,-301,-120,34549,20478,-288,-651,-598,-1344,-7642,-454,-472,-253,-781,-743,-494,-522,-781,-590,-237,-768,-80,-653,-484,-413,-15
0.5476759729910589,0.38988289584289315,-1.0,-1.0,-1.0,-1.0,-1.0,-1.0,-1.0,-1.0,-1.0,-1.0,0.6587367223371788,0.8950199886753765,-1.0,-1.0,-1.0,0.6672770005153857,0.15682972702867934,-1.0,-1.0,-1.0,-1.0,-1.0,-1.0,-1.0,-1.0,-1.0,-1.0,-1.0,-1.0,-1.0,-1.0,-1.0,-1.0
