bad_A,bad_B,disc1,disc2,fI,fO_A,fO_B,fP_A,fP_B,fRi,fRo,fS,good_A,good_B,no_disc,pick,put,redo_A,redo_B,sI,sO_A,sO_B,sP_A,sP_B,sQ_A,sQ_Ar,sQ_B,sQ_Br,sRi,sRo,sS,test1,test2,turn1,turn2
-24842,-25233,-434,-217,-738,-748,-352,-708,-33,-760,-300,-624,34942,39438,-117,-292,-313,-1309,-7736,-640,-146,-759,-348,-693,-527,-472,-24,-199,-230,-40,-272,-302,-134,-535,-790
0.6770734474824434,0.4649467268676969,-1.0,-1.0,-1.0,-1.0,-1.0,-1.0,-1.0,-1.0,-1.0,-1.0,0.2566108215156456,0.17926403154357518,-1.0,-1.0,-1.0,0.16683996574358045,0.1772851188163939,-1.0,-1.0,-1.0,-1.0,-1.0,-1.0,-1.0,-1.0,-1.0,-1.0,-1.0,-1.0,-1.0,-1.0,-1.0,-1.0
