bad_A,bad_B,disc1,disc2,fI,fO_A,fO_B,fP_A,fP_B,fRi,fRo,fS,good_A,good_B,no_disc,pick,put,redo_A,redo_B,sI,sO_A,sO_B,sP_A,sP_B,sQ_A,sQ_Ar,sQ_B,sQ_Br,sRi,sRo,sS,test1,test2,turn1,turn2
-39284,-22787,-500,-223,-180,-163,-20,-310,-596,-537,-254,-247,26785,38747,-253,-253,-390,-4277,-4687,-378,-374,-88,-149,-640,-66,-414,-253,-546,-26,-672,-305,-501,-416,-86,-389
0.6509119177225804,0.37865109011336673,-1.0,-1.0,-1.0,-1.0,-1.0,-1.0,-1.0,-1.0,-1.0,-1.0,0.561026147714623,0.7390061796409192,-1.0,-1.0,-1.0,0.2272498661567008,0.852291762275111,-1.0,-1.0,-1.0,-1.0,-1.0,-1.0,-1.0,-1.0,-1.0,-1.0,-1.0,-1.0,-1.0,-1.0,-1.0,-1.0
