bad_A,bad_B,disc1,disc2,fI,fO_A,fO_B,fP_A,fP_B,fRi,fRo,fS,good_A,good_B,no_disc,pick,put,redo_A,redo_B,sI,sO_A,sO_B,sP_A,sP_B,sQ_A,sQ_Ar,sQ_B,sQ_Br,sRi,sRo,sS,test1,test2,turn1,turn2
-37141,-38344,-660,-148,-470,-146,-560,-440,-369,-347,-379,-690,23496,33554,-23,-463,-491,-7709,-6252,-588,-416,-261,-276,-54,-566,-108,-31,-31,-791,-111,-604,-170,-106,-189,-470
0.3481276722745854,0.7841218905943313,-1.0,-1.0,-1.0,-1.0,-1.0,-1.0,-1.0,-1.0,-1.0,-1.0,0.5600783255689723,0.19902737325954672,-1.0,-1.0,-1.0,0.5219535181415388,0.2250731842459005,-1.0,-1.0,-1.0,-1.0,-1.0,-1.0,-1.0,-1.0,-1.0,-1.0,-1.0,-1.0,-1.0,-1.0,-1.0,-1.0
