bad_A,bad_B,disc1,disc2,fI,fO_A,fO_B,fP_A,fP_B,fRi,fRo,fS,good_A,good_B,no_disc,pick,put,redo_A,redo_B,sI,sO_A,sO_B,sP_A,sP_B,sQ_A,sQ_Ar,sQ_B,sQ_Br,sRi,sRo,sS,test1,test2,turn1,turn2
-39829,-39001,-192,-341,-229,-138,-296,-540,-701,-485,-249,-783,37282,39979,-554,-706,-576,-1673,-1816,-128,-673,-250,-538,-303,-620,-575,-778,-559,-418,-385,-460,-48,-558,-726,-670
0.8507366897244886,0.7244836421330234,-1.0,-1.0,-1.0,-1.0,-1.0,-1.0,-1.0,-1.0,-1.0,-1.0,0.6110263498711644,0.4252848546094977,-1.0,-1.0,-1.0,0.2957239297685266,0.21686224667896195,-1.0,-1.0,-1.0,-1.0,-1.0,-1.0,-1.0,-1.0,-1.0,-1.0,-1.0,-1.0,-1.0,-1.0,-1.0,-1.0
