bad_A,bad_B,disc1,disc2,fI,fO_A,fO_B,fP_A,fP_B,fRi,fRo,fS,good_A,good_B,no_disc,pick,put,redo_A,redo_B,sI,sO_A,sO_B,sP_A,sP_B,sQ_A,sQ_Ar,sQ_B,sQ_Br,sRi,sRo,sS,test1,test2,turn1,turn2
-20874,-21052,-769,-409,-504,-294,-487,-84,-569,-469,-579,-566,28676,32551,-557,-194,-454,-6861,-2766,-177,-575,-42,-247,-134,-157,-469,-316,-742,-683,-285,-413,-510,-643,-508,-552
0.11962504375863842,0.26300485529470197,-1.0,-1.0,-1.0,-1.0,-1.0,-1.0,-1.0,-1.0,-1.0,-1.0,0.5023383519917973,0.5425837759125006,-1.0,-1.0,-1.0,0.341117382353902,0.49373128876517713,-1.0,-1.0,-1.0,-1.0,-1.0,-1.0,-1.0,-1.0,-1.0,-1.0,-1.0,-1.0,-1.0,-1.0,-1.0,-1.0
