bad_A,bad_B,disc1,disc2,fI,fO_A,fO_B,fP_A,fP_B,fRi,fRo,fS,good_A,good_B,no_disc,pick,put,redo_A,redo_B,sI,sO_A,sO_B,sP_A,sP_B,sQ_A,sQ_Ar,sQ_B,sQ_Br,sRi,sRo,sS,test1,test2,turn1,turn2
-27830,-27407,-407,-780,-716,-602,-305,-557,-681,-127,-11,-433,36652,32020,-557,-487,-390,-8870,-3582,-119,-115,-430,-263,-117,-431,-306,-531,-785,-422,-202,-403,-282,-345,-302,-516
0.3467799399190106,0.37392414620865677,-1.0,-1.0,-1.0,-1.0,-1.0,-1.0,-1.0,-1.0,-1.0,-1.0,0.2536381304835531,0.25806179543065244,-1.0,-1.0,-1.0,0.7164942381188459,0.7261765597725731,-1.0,-1.0,-1.0,-1.0,-1.0,-1.0,-1.0,-1.0,-1.0,-1.0,-1.0,-1.0,-1.0,-1.0,-1.0,-1.0
