bad_A,bad_B,disc1,disc2,fI,fO_A,fO_B,fP_A,fP_B,fRi,fRo,fS,good_A,good_B,no_disc,pick,put,redo_A,redo_B,sI,sO_A,sO_B,sP_A,sP_B,sQ_A,sQ_Ar,sQ_B,sQ_Br,sRi,sRo,sS,test1,test2,turn1,turn2
-21234,-20778,-260,-464,-712,-204,-281,-233,-484,-453,-80,-330,20273,30423,-390,-128,-336,-5000,-8833,-602,-488,-513,-469,-542,-18,-696,-465,-250,-52,-145,-645,-210,-575,-414,-662
0.6345360323468412,0.41779348435260977,-1.0,-1.0,-1.0,-1.0,-1.0,-1.0,-1.0,-1.0,-1.0,-1.0,0.16134784111040654,0.5045472311984267,-1.0,-1.0,-1.0,0.2736727476252009,0.6999030812306668,-1.0,-1.0,-1.0,-1.0,-1.0,-1.0,-1.0,-1.0,-1.0,-1.0,-1.0,-1.0,-1.0,-1.0,-1.0,-1.0
