bad_A,bad_B,disc1,disc2,fI,fO_A,fO_B,fP_A,fP_B,fRi,fRo,fS,good_A,good_B,no_disc,pick,put,redo_A,redo_B,sI,sO_A,sO_B,sP_A,sP_B,sQ_A,sQ_Ar,sQ_B,sQ_Br,sRi,sRo,sS,test1,test2,turn1,turn2
-23578,-34582,-631,-548,-670,-137,-100,-288,-577,-626,-558,-660,29456,26807,-245,-84,-464,-8908,-3499,-515,-270,-695,-545,-469,-613,-612,-162,-698,-236,-647,-266,-356,-525,-725,-519
0.7091133686706943,0.2395417801619586,-1.0,-1.0,-1.0,-1.0,-1.0,-1.0,-1.0,-1.0,-1.0,-1.0,0.6347434983325857,0.3114098194248418,-1.0,-1.0,-1.0,0.41603112794371455,0.6135065822981159,-1.0,-1.0,-1.0,-1.0,-1.0,-1.0,-1.0,-1.0,-1.0,-1.0,-1.0,-1.0,-1.0,-1.0,-1.0,-1.0
