bad_A,bad_B,disc1,disc2,fI,fO_A,fO_B,fP_A,fP_B,fRi,fRo,fS,good_A,good_B,no_disc,pick,put,redo_A,redo_B,sI,sO_A,sO_B,sP_A,sP_B,sQ_A,sQ_Ar,sQ_B,sQ_Br,sRi,sRo,sS,test1,test2,turn1,turn2
-37553,-20897,-664,-383,-317,-524,-359,-377,-223,-369,-99,-326,28356,39508,-752,-287,-88,-2134,-5431,-734,-137,-166,-184,-231,-563,-363,-132,-359,-490,-631,-540,-366,-370,-159,-77
0.5765852723611385,0.21931334993920784,-1.0,-1.0,-1.0,-1.0,-1.0,-1.0,-1.0,-1.0,-1.0,-1.0,0.5385607407834949,0.5207420365355253,-1.0,-1.0,-1.0,0.7152882551197334,0.8186000572159573,-1.0,-1.0,-1.0,-1.0,-1.0,-1.0,-1.0,-1.0,-1.0,-1.0,-1.0,-1.0,-1.0,-1.0,-1.0,-1.0
