bad_A,bad_B,disc1,disc2,fI,fO_A,fO_B,fP_A,fP_B,fRi,fRo,fS,good_A,good_B,no_disc,pick,put,redo_A,redo_B,sI,sO_A,sO_B,sP_A,sP_B,sQ_A,sQ_Ar,sQ_B,sQ_Br,sRi,sRo,sS,test1,test2,turn1,turn2
-37600,-32229,-236,-486,-629,-796,-344,-374,-482,-762,-82,-303,30317,30838,-349,-380,-353,-5750,-8028,-151,-761,-356,-502,-567,-587,-411,-230,-112,-286,-732,-395,-188,-687,-441,-274
0.32332312090527804,0.4371101141172645,-1.0,-1.0,-1.0,-1.0,-1.0,-1.0,-1.0,-1.0,-1.0,-1.0,0.20028624095135517,0.2973972476194969,-1.0,-1.0,-1.0,0.7307488941593431,0.7716665247554771,-1.0,-1.0,-1.0,-1.0,-1.0,-1.0,-1.0,-1.0,-1.0,-1.0,-1.0,-1.0,-1.0,-1.0,-1.0,-1.0
