bad_A,bad_B,disc1,disc2,fI,fO_A,fO_B,fP_A,fP_B,fRi,fRo,fS,good_A,good_B,no_disc,pick,put,redo_A,redo_B,sI,sO_A,sO_B,sP_A,sP_B,sQ_A,sQ_Ar,sQ_B,sQ_Br,sRi,sRo,sS,test1,test2,turn1,turn2
-32628,-26667,-158,-545,-524,-684,-447,-587,-115,-45,-586,-647,31256,39357,-235,-556,-516,-8363,-2962,-605,-164,-744,-176,-207,-288,-301,-591,-120,-28,-702,-598,-360,-562,-150,-322
0.20022448244203916,0.3040930860677292,-1.0,-1.0,-1.0,-1.0,-1.0,-1.0,-1.0,-1.0,-1.0,-1.0,0.6731996329404282,0.6182116342963395,-1.0,-1.0,-1.0,0.6728765896373745,0.1689573081623122,-1.0,-1.0,-1.0,-1.0,-1.0,-1.0,-1.0,-1.0,-1.0,-1.0,-1.0,-1.0,-1.0,-1.0,-1.0,-1.0
