bad_A,bad_B,disc1,disc2,fI,fO_A,fO_B,fP_A,fP_B,fRi,fRo,fS,good_A,good_B,no_disc,pick,put,redo_A,redo_B,sI,sO_A,sO_B,sP_A,sP_B,sQ_A,sQ_Ar,sQ_B,sQ_Br,sRi,sRo,sS,test1,test2,turn1,turn2
-39284,-37333,-204,-541,-353,-423,-14,-345,-304,-269,-213,-446,37398,34584,-61,-132,-426,-8974,-2840,-758,-545,-296,-778,-422,-421,-23,-568,-513,-108,-233,-88,-710,-327,-639,-289
0.22126370562563605,0.8925549210136047,-1.0,-1.0,-1.0,-1.0,-1.0,-1.0,-1.0,-1.0,-1.0,-1.0,0.5895922041697051,0.6473213190878041,-1.0,-1.0,-1.0,0.8992549515899413,0.14015126809026165,-1.0,-1.0,-1.0,-1.0,-1.0,-1.0,-1.0,-1.0,-1.0,-1.0,-1.0,-1.0,-1.0,-1.0,-1.0,-1.0
