bad_A,bad_B,disc1,disc2,fI,fO_A,fO_B,fP_A,fP_B,fRi,fRo,fS,good_A,good_B,no_disc,pick,put,redo_A,redo_B,sI,sO_A,sO_B,sP_A,sP_B,sQ_A,sQ_Ar,sQ_B,sQ_Br,sRi,sRo,sS,test1,test2,turn1,turn2
-22465,-25911,-456,-395,-439,-645,-221,-227,-777,-785,-290,-795,34139,31788,-707,-596,-328,-3462,-1618,-760,-526,-228,-121,-360,-35,-20,-199,-134,-19,-519,-200,-123,-747,-18,-79
0.7337930178111698,0.39152693792302895,-1.0,-1.0,-1.0,-1.0,-1.0,-1.0,-1.0,-1.0,-1.0,-1.0,0.23726808583677095,0.3823232915107294,-1.0,-1.0,-1.0,0.2218441294777682,0.8515808046943757,-1.0,-1.0,-1.0,-1.0,-1.0,-1.0,-1.0,-1.0,-1.0,-1.0,-1.0,-1.0,-1.0,-1.0,-1.0,-1.0
