bad_A,bad_B,disc1,disc2,fI,fO_A,fO_B,fP_A,fP_B,fRi,fRo,fS,good_A,good_B,no_disc,pick,put,redo_A,redo_B,sI,sO_A,sO_B,sP_A,sP_B,sQ_A,sQ_Ar,sQ_B,sQ_Br,sRi,sRo,sS,test1,test2,turn1,turn2
-30878,-23865,-350,-59,-670,-565,-465,-761,-688,-601,-22,-105,24187,38837,-669,-119,-347,-7480,-4735,-629,-120,-297,-645,-693,-492,-243,-260,-395,-105,-519,-737,-402,-454,-474,-713
0.8740734315381379,0.19734366463091854,-1.0,-1.0,-1.0,-1.0,-1.0,-1.0,-1.0,-1.0,-1.0,-1.0,0.853740830049157,0.11735133019638964,-1.0,-1.0,-1.0,0.8009088632193738,0.3423330942190729,-1.0,-1.0,-1.0,-1.0,-1.0,-1.0,-1.0,-1.0,-1.0,-1.0,-1.0,-1.0,-1.0,-1.0,-1.0,-1.0
