bad_A,bad_B,disc1,disc2,fI,fO_A,fO_B,fP_A,fP_B,fRi,fRo,fS,good_A,good_B,no_disc,pick,put,redo_A,redo_B,sI,sO_A,sO_B,sP_A,sP_B,sQ_A,sQ_Ar,sQ_B,sQ_Br,sRi,sRo,sS,test1,test2,turn1,turn2
-27164,-26460,-495,-429,-336,-538,-37,-252,-191,-379,-292,-748,25869,25122,-640,-422,-448,-6451,-7766,-639,-131,-336,-796,-742,-229,-244,-389,-726,-197,-293,-644,-712,-553,-705,-778
0.38228110054034614,0.7717343879531308,-1.0,-1.0,-1.0,-1.0,-1.0,-1.0,-1.0,-1.0,-1.0,-1.0,0.8655878571265715,0.7788822991388827,-1.0,-1.0,-1.0,0.5197154194595295,0.37948306170769175,-1.0,-1.0,-1.0,-1.0,-1.0,-1.0,-1.0,-1.0,-1.0,-1.0,-1.0,-1.0,-1.0,-1.0,-1.0,-1.0
