bad_A,bad_B,disc1,disc2,fI,fO_A,fO_B,fP_A,fP_B,fRi,fRo,fS,good_A,good_B,no_disc,pick,put,redo_A,redo_B,sI,sO_A,sO_B,sP_A,sP_B,sQ_A,sQ_Ar,sQ_B,sQ_Br,sRi,sRo,sS,test1,test2,turn1,turn2
-25590,-26480,-32,-721,-528,-493,-104,-359,-90,-440,-77,-157,28564,21690,-613,-227,-78,-3126,-7006,-752,-689,-728,-301,-715,-714,-329,-132,-108,-725,-50,-129,-695,-724,-459,-190
0.29183180217239385,0.46914706290140185,-1.0,-1.0,-1.0,-1.0,-1.0,-1.0,-1.0,-1.0,-1.0,-1.0,0.7124915665166441,0.2884241311181087,-1.0,-1.0,-1.0,0.3156710910140097,0.4175351078850741,-1.0,-1.0,-1.0,-1.0,-1.0,-1.0,-1.0,-1.0,-1.0,-1.0,-1.0,-1.0,-1.0,-1.0,-1.0,-1.0
