bad_A,bad_B,disc1,disc2,fI,fO_A,fO_B,fP_A,fP_B,fRi,fRo,fS,good_A,good_B,no_disc,pick,put,redo_A,redo_B,sI,sO_A,sO_B,sP_A,sP_B,sQ_A,sQ_Ar,sQ_B,sQ_Br,sRi,sRo,sS,test1,test2,turn1,turn2
-38751,-37561,-240,-730,-500,-11,-283,-312,-256,-716,-424,-262,37612,32114,-477,-77,-33,-4593,-8587,-592,-382,-625,-305,-756,-87,-11,-642,-394,-655,-176,-422,-701,-548,-114,-334
0.2114276061133447,0.35613012336684025,-1.0,-1.0,-1.0,-1.0,-1.0,-1.0,-1.0,-1.0,-1.0,-1.0,0.5866474211329963,0.2836155242187304,-1.0,-1.0,-1.0,0.7079480230664349,0.1703971514348887,-1.0,-1.0,-1.0,-1.0,-1.0,-1.0,-1.0,-1.0,-1.0,-1.0,-1.0,-1.0,-1.0,-1.0,-1.0,-1.0
