bad_A,bad_B,disc1,disc2,fI,fO_A,fO_B,fP_A,fP_B,fRi,fRo,fS,good_A,good_B,no_disc,pick,put,redo_A,redo_B,sI,sO_A,sO_B,sP_A,sP_B,sQ_A,sQ_Ar,sQ_B,sQ_Br,sRi,sRo,sS,test1,test2,turn1,turn2
-36609,-34586,-666,-456,-289,-145,-340,-58,-689,-430,-503,-516,28643,37715,-604,-539,-610,-4376,-7523,-252,-51,-685,-658,-589,-148,-311,-118,-119,-741,-267,-793,-589,-495,-723,-219
0.14324958565000703,0.7317625511402688,-1.0,-1.0,-1.0,-1.0,-1.0,-1.0,-1.0,-1.0,-1.0,-1.0,0.8930273507217179,0.4442658315473482,-1.0,-1.0,-1.0,0.2790791085568481,0.3349590687979778,-1.0,-1.0,-1.0,-1.0,-1.0,-1.0,-1.0,-1.0,-1.0,-1.0,-1.0,-1.0,-1.0,-1.0,-1.0,-1.0
