bad_A,bad_B,disc1,disc2,fI,fO_A,fO_B,fP_A,fP_B,fRi,fRo,fS,good_A,good_B,no_disc,pick,put,redo_A,redo_B,sI,sO_A,sO_B,sP_A,sP_B,sQ_A,sQ_Ar,sQ_B,sQ_Br,sRi,sRo,sS,test1,test2,turn1,turn2
-35021,-34320,-744,-171,-305,-530,-589,-310,-477,-562,-561,-161,38403,29153,-257,-691,-398,-5841,-6719,-344,-373,-416,-351,-594,-719,-573,-196,-646,-233,-528,-217,-151,-694,-417,-134
0.35364232443977395,0.2898738114373338,-1.0,-1.0,-1.0,-1.0,-1.0,-1.0,-1.0,-1.0,-1.0,-1.0,0.6039964639869984,0.5369053597559906,-1.0,-1.0,-1.0,0.359606073708691,0.42402309591906195,-1.0,-1.0,-1.0,-1.0,-1.0,-1.0,-1.0,-1.0,-1.0,-1.0,-1.0,-1.0,-1.0,-1.0,-1.0,-1.0
