bad_A,bad_B,disc1,disc2,fI,fO_A,fO_B,fP_A,fP_B,fRi,fRo,fS,good_A,good_B,no_disc,pick,put,redo_A,redo_B,sI,sO_A,sO_B,sP_A,sP_B,sQ_A,sQ_Ar,sQ_B,sQ_Br,sRi,sRo,sS,test1,test2,turn1,turn2
-27720,-37148,-376,-486,-298,-268,-415,-398,-648,-536,-800,-714,27066,26843,-160,-342,-709,-4379,-3001,-165,-706,-715,-272,-640,-772,-171,-703,-260,-300,-736,-700,-578,-348,-28,-34
0.21477246442919712,0.6090709298861554,-1.0,-1.0,-1.0,-1.0,-1.0,-1.0,-1.0,-1.0,-1.0,-1.0,0.21974378270409317,0.19103434233737354,-1.0,-1.0,-1.0,0.4100248714040501,0.2553257632259472,-1.0,-1.0,-1.0,-1.0,-1.0,-1.0,-1.0,-1.0,-1.0,-1.0,-1.0,-1.0,-1.0,-1.0,-1.0,-1.0
