bad_A,bad_B,disc1,disc2,fI,fO_A,fO_B,fP_A,fP_B,fRi,fRo,fS,good_A,good_B,no_disc,pick,put,redo_A,redo_B,sI,sO_A,sO_B,sP_A,sP_B,sQ_A,sQ_Ar,sQ_B,sQ_Br,sRi,sRo,sS,test1,test2,turn1,turn2
-22349,-22969,-150,-589,-348,-571,-208,-192,-56,-234,-636,-362,32550,26880,-48,-495,-339,-4970,-5010,-540,-528,-608,-121,-161,-625,-376,-283,-253,-689,-65,-226,-667,-638,-478,-154
0.479482673815919,0.4464810392576216,-1.0,-1.0,-1.0,-1.0,-1.0,-1.0,-1.0,-1.0,-1.0,-1.0,0.5536171210146023,0.5627565777737171,-1.0,-1.0,-1.0,0.1661909377815564,0.45026393915522334,-1.0,-1.0,-1.0,-1.0,-1.0,-1.0,-1.0,-1.0,-1.0,-1.0,-1.0,-1.0,-1.0,-1.0,-1.0,-1.0
