bad_A,bad_B,disc1,disc2,fI,fO_A,fO_B,fP_A,fP_B,fRi,fRo,fS,good_A,good_B,no_disc,pick,put,redo_A,redo_B,sI,sO_A,sO_B,sP_A,sP_B,sQ_A,sQ_Ar,sQ_B,sQ_Br,sRi,sRo,sS,test1,test2,turn1,turn2
-25011,-32953,-487,-735,-493,-724,-51,-88,-440,-53,-463,-73,24656,38489,-521,-408,-83,-1926,-6650,-582,-419,-416,-408,-494,-156,-297,-243,-384,-459,-383,-548,-659,-329,-356,-156
0.369799980885686,0.5583914061148468,-1.0,-1.0,-1.0,-1.0,-1.0,-1.0,-1.0,-1.0,-1.0,-1.0,0.3804867950453227,0.6609898029966742,-1.0,-1.0,-1.0,0.48827242371535806,0.6619148252511695,-1.0,-1.0,-1.0,-1.0,-1.0,-1.0,-1.0,-1.0,-1.0,-1.0,-1.0,-1.0,-1.0,-1.0,-1.0,-1.0
