bad_A,bad_B,disc1,disc2,fI,fO_A,fO_B,fP_A,fP_B,fRi,fRo,fS,good_A,good_B,no_disc,pick,put,redo_A,redo_B,sI,sO_A,sO_B,sP_A,sP_B,sQ_A,sQ_Ar,sQ_B,sQ_Br,sRi,sRo,sS,test1,test2,turn1,turn2
-31166,-20052,-446,-461,-29,-274,-571,-365,-104,-452,-623,-737,21645,26680,-721,-252,-597,-2089,-8314,-437,-619,-399,-594,-252,-637,-282,-95,-468,-218,-256,-462,-705,-353,-94,-232
0.4670070469853661,0.33444271606459275,-1.0,-1.0,-1.0,-1.0,-1.0,-1.0,-1.0,-1.0,-1.0,-1.0,0.32444900379650604,0.7582954160767756,-1.0,-1.0,-1.0,0.4471336017632802,0.7215849912456346,-1.0,-1.0,-1.0,-1.0,-1.0,-1.0,-1.0,-1.0,-1.0,-1.0,-1.0,-1.0,-1.0,-1.0,-1.0,-1.0
