bad_A,bad_B,disc1,disc2,fI,fO_A,fO_B,fP_A,fP_B,fRi,fRo,fS,good_A,good_B,no_disc,pick,put,redo_A,redo_B,sI,sO_A,sO_B,sP_A,sP_B,sQ_A,sQ_Ar,sQ_B,sQ_Br,sRi,sRo,sS,test1,test2,turn1,turn2
-24732,-38749,-257,-202,-171,-627,-758,-188,-419,-17,-110,-182,35504,34672,-553,-81,-438,-5608,-1561,-604,-336,-623,-760,-605,-91,-464,-462,-385,-460,-324,-507,-98,-717,-165,-146
0.6492530555674306,0.31193091711567744,-1.0,-1.0,-1.0,-1.0,-1.0,-1.0,-1.0,-1.0,-1.0,-1.0,0.14279305104255569,0.46642932423299954,-1.0,-1.0,-1.0,0.8577418975621883,0.6713025745431083,-1.0,-1.0,-1.0,-1.0,-1.0,-1.0,-1.0,-1.0,-1.0,-1.0,-1.0,-1.0,-1.0,-1.0,-1.0,-1.0
