bad_A,bad_B,disc1,disc2,fI,fO_A,fO_B,fP_A,fP_B,fRi,fRo,fS,good_A,good_B,no_disc,pick,put,redo_A,redo_B,sI,sO_A,sO_B,sP_A,sP_B,sQ_A,sQ_Ar,sQ_B,sQ_Br,sRi,sRo,sS,test1,test2,turn1,turn2
-29884,-33689,-423,-737,-374,-361,-748,-715,-326,-204,-272,-738,25150,39341,-588,-405,-220,-4984,-2291,-401,-584,-420,-252,-529,-237,-225,-74,-573,-408,-398,-670,-437,-459,-344,-280
0.5316069396279776,0.7260079541304247,-1.0,-1.0,-1.0,-1.0,-1.0,-1.0,-1.0,-1.0,-1.0,-1.0,0.512056921315434,0.6349396875928258,-1.0,-1.0,-1.0,0.3988961644179566,0.1248644991595695,-1.0,-1.0,-1.0,-1.0,-1.0,-1.0,-1.0,-1.0,-1.0,-1.0,-1.0,-1.0,-1.0,-1.0,-1.0,-1.0
