bad_A,bad_B,disc1,disc2,fI,fO_A,fO_B,fP_A,fP_B,fRi,fRo,fS,good_A,good_B,no_disc,pick,put,redo_A,redo_B,sI,sO_A,sO_B,sP_A,sP_B,sQ_A,sQ_Ar,sQ_B,sQ_Br,sRi,sRo,sS,test1,test2,turn1,turn2
-32094,-20317,-396,-206,-435,-361,-262,-778,-75,-345,-29,-116,20721,22349,-630,-283,-144,-8395,-8358,-89,-288,-467,-123,-153,-400,-448,-183,-652,-583,-263,-741,-654,-565,-227,-247
0.8165859983522951,0.8261899798232113,-1.0,-1.0,-1.0,-1.0,-1.0,-1.0,-1.0,-1.0,-1.0,-1.0,0.28376765251874786,0.7205145284819306,-1.0,-1.0,-1.0,0.19068680946797623,0.8401749947226766,-1.0,-1.0,-1.0,-1.0,-1.0,-1.0,-1.0,-1.0,-1.0,-1.0,-1.0,-1.0,-1.0,-1.0,-1.0,-1.0
