bad_A,bad_B,disc1,disc2,fI,fO_A,fO_B,fP_A,fP_B,fRi,fRo,fS,good_A,good_B,no_disc,pick,put,redo_A,redo_B,sI,sO_A,sO_B,sP_A,sP_B,sQ_A,sQ_Ar,sQ_B,sQ_Br,sRi,sRo,sS,test1,test2,turn1,turn2
-39823,-28979,-260,-362,-267,-197,-382,-470,-367,-342,-162,-550,33627,21914,-333,-535,-315,-7846,-7576,-469,-192,-549,-729,-675,-326,-416,-317,-286,-78,-683,-315,-536,-167,-396,-218
0.30947303195238496,0.3047305898850058,-1.0,-1.0,-1.0,-1.0,-1.0,-1.0,-1.0,-1.0,-1.0,-1.0,0.6057574137156759,0.5350540309944507,-1.0,-1.0,-1.0,0.23658515202389874,0.553974717188498,-1.0,-1.0,-1.0,-1.0,-1.0,-1.0,-1.0,-1.0,-1.0,-1.0,-1.0,-1.0,-1.0,-1.0,-1.0,-1.0
