bad_A,bad_B,disc1,disc2,fI,fO_A,fO_B,fP_A,fP_B,fRi,fRo,fS,good_A,good_B,no_disc,pick,put,redo_A,redo_B,sI,sO_A,sO_B,sP_A,sP_B,sQ_A,sQ_Ar,sQ_B,sQ_Br,sRi,sRo,sS,test1,test2,turn1,turn2
-21398,-38358,-51,-404,-162,-512,-713,-283,-420,-207,-294,-436,36742,22937,-385,-715,-116,-1870,-5242,-200,-503,-96,-149,-58,-795,-187,-612,-686,-514,-463,-531,-409,-91,-326,-359
0.5590670177651883,0.7227754561384597,-1.0,-1.0,-1.0,-1.0,-1.0,-1.0,-1.0,-1.0,-1.0,-1.0,0.8552572071643981,0.31493576771839094,-1.0,-1.0,-1.0,0.8304581341161329,0.6793140094006055,-1.0,-1.0,-1.0,-1.0,-1.0,-1.0,-1.0,-1.0,-1.0,-1.0,-1.0,-1.0,-1.0,-1.0,-1.0,-1.0
