bad_A,bad_B,disc1,disc2,fI,fO_A,fO_B,fP_A,fP_B,fRi,fRo,fS,good_A,good_B,no_disc,pick,put,redo_A,redo_B,sI,sO_A,sO_B,sP_A,sP_B,sQ_A,sQ_Ar,sQ_B,sQ_Br,sRi,sRo,sS,test1,test2,turn1,turn2
-38487,-25624,-28,-499,-376,-230,-497,-777,-745,-138,-279,-637,21144,33362,-527,-150,-105,-3732,-1434,-61,-153,-472,-159,-406,-627,-261,-698,-97,-436,-71,-742,-534,-242,-692,-135
0.17660124182134596,0.5628763022414195,-1.0,-1.0,-1.0,-1.0,-1.0,-1.0,-1.0,-1.0,-1.0,-1.0,0.5824669432656642,0.39559301018527315,-1.0,-1.0,-1.0,0.5538637381129382,0.6105762963301038,-1.0,-1.0,-1.0,-1.0,-1.0,-1.0,-1.0,-1.0,-1.0,-1.0,-1.0,-1.0,-1.0,-1.0,-1.0,-1.0
