bad_A,bad_B,disc1,disc2,fI,fO_A,fO_B,fP_A,fP_B,fRi,fRo,fS,good_A,good_B,no_disc,pick,put,redo_A,redo_B,sI,sO_A,sO_B,sP_A,sP_B,sQ_A,sQ_Ar,sQ_B,sQ_Br,sRi,sRo,sS,test1,test2,turn1,turn2
-39264,-34983,-698,-299,-18,-338,-537,-687,-236,-142,-240,-202,22215,37496,-344,-380,-21,-8274,-5287,-524,-741,-199,-281,-419,-706,-491,-177,-702,-216,-479,-387,-277,-538,-12,-420
0.7774026863711324,0.7906138223197893,-1.0,-1.0,-1.0,-1.0,-1.0,-1.0,-1.0,-1.0,-1.0,-1.0,0.1204539528933597,0.2226303176026712,-1.0,-1.0,-1.0,0.5723210758224615,0.1201673987373681,-1.0,-1.0,-1.0,-1.0,-1.0,-1.0,-1.0,-1.0,-1.0,-1.0,-1.0,-1.0,-1.0,-1.0,-1.0,-1.0
