bad_A,bad_B,disc1,disc2,fI,fO_A,fO_B,fP_A,fP_B,fRi,fRo,fS,good_A,good_B,no_disc,pick,put,redo_A,redo_B,sI,sO_A,sO_B,sP_A,sP_B,sQ_A,sQ_Ar,sQ_B,sQ_Br,sRi,sRo,sS,test1,test2,turn1,turn2
-21836,-29981,-356,-279,-16,-391,-71,-249,-21,-185,-419,-100,31711,29547,-739,-208,-49,-4974,-1164,-304,-505,-790,-282,-494,-445,-286,-492,-157,-309,-654,-586,-653,-200,-499,-213
0.29707395953823,0.21856631049281916,-1.0,-1.0,-1.0,-1.0,-1.0,-1.0,-1.0,-1.0,-1.0,-1.0,0.5239349965992782,0.42382544775389996,-1.0,-1.0,-1.0,0.198406188861226,0.3086580846082738,-1.0,-1.0,-1.0,-1.0,-1.0,-1.0,-1.0,-1.0,-1.0,-1.0,-1.0,-1.0,-1.0,-1.0,-1.0,-1.0
