bad_A,bad_B,disc1,disc2,fI,fO_A,fO_B,fP_A,fP_B,fRi,fRo,fS,good_A,good_B,no_disc,pick,put,redo_A,redo_B,sI,sO_A,sO_B,sP_A,sP_B,sQ_A,sQ_Ar,sQ_B,sQ_Br,sRi,sRo,sS,test1,test2,turn1,turn2
-24435,-35078,-317,-713,-31,-477,-671,-312,-514,-591,-476,-564,22825,29882,-466,-170,-543,-5171,-7812,-375,-520,-590,-75,-68,-395,-552,-145,-497,-319,-645,-527,-348,-394,-23,-680
0.6146030676508092,0.8248478575905618,-1.0,-1.0,-1.0,-1.0,-1.0,-1.0,-1.0,-1.0,-1.0,-1.0,0.5420514040252066,0.4809037410655781,-1.0,-1.0,-1.0,0.7344767723871574,0.3084550590722508,-1.0,-1.0,-1.0,-1.0,-1.0,-1.0,-1.0,-1.0,-1.0,-1.0,-1.0,-1.0,-1.0,-1.0,-1.0,-1.0
