bad_A,bad_B,disc1,disc2,fI,fO_A,fO_B,fP_A,fP_B,fRi,fRo,fS,good_A,good_B,no_disc,pick,put,redo_A,redo_B,sI,sO_A,sO_B,sP_A,sP_B,sQ_A,sQ_Ar,sQ_B,sQ_Br,sRi,sRo,sS,test1,test2,turn1,turn2
-26546,-28648,-106,-652,-251,-707,-682,-150,-711,-452,-529,-82,30004,28328,-689,-658,-496,-7911,-2431,-234,-772,-746,-486,-454,-782,-761,-757,-393,-428,-651,-551,-391,-357,-678,-210
0.5515287432906818,0.853739655760082,-1.0,-1.0,-1.0,-1.0,-1.0,-1.0,-1.0,-1.0,-1.0,-1.0,0.8721828680267628,0.4229781099001223,-1.0,-1.0,-1.0,0.19086960396799546,0.3580848760932145,-1.0,-1.0,-1.0,-1.0,-1.0,-1.0,-1.0,-1.0,-1.0,-1.0,-1.0,-1.0,-1.0,-1.0,-1.0,-1.0
