bad_A,bad_B,disc1,disc2,fI,fO_A,fO_B,fP_A,fP_B,fRi,fRo,fS,good_A,good_B,no_disc,pick,put,redo_A,redo_B,sI,sO_A,sO_B,sP_A,sP_B,sQ_A,sQ_Ar,sQ_B,sQ_Br,sRi,sRo,sS,test1,test2,turn1,turn2
-26807,-27749,-632,-418,-183,-341,-790,-748,-145,-701,-685,-731,21214,34281,-397,-666,-638,-6433,-2339,-637,-542,-311,-53,-323,-522,-539,-777,-776,-610,-257,-564,-359,-624,-401,-227
0.7154339131832471,0.29102288713185,-1.0,-1.0,-1.0,-1.0,-1.0,-1.0,-1.0,-1.0,-1.0,-1.0,0.27779295176746766,0.8369520092262402,-1.0,-1.0,-1.0,0.5341185543326876,0.3907080123395116,-1.0,-1.0,-1.0,-1.0,-1.0,-1.0,-1.0,-1.0,-1.0,-1.0,-1.0,-1.0,-1.0,-1.0,-1.0,-1.0
