bad_A,bad_B,disc1,disc2,fI,fO_A,fO_B,fP_A,fP_B,fRi,fRo,fS,good_A,good_B,no_disc,pick,put,redo_A,redo_B,sI,sO_A,sO_B,sP_A,sP_B,sQ_A,sQ_Ar,sQ_B,sQ_Br,sRi,sRo,sS,test1,test2,turn1,turn2
-39205,-21006,-675,-660,-655,-98,-698,-349,-668,-380,-165,-630,35600,32914,-193,-34,-740,-4600,-1642,-749,-760,-352,-265,-304,-263,-121,-387,-241,-477,-630,-782,-548,-581,-430,-316
0.6820725088687873,0.4996033690829197,-1.0,-1.0,-1.0,-1.0,-1.0,-1.0,-1.0,-1.0,-1.0,-1.0,0.8741627617929945,0.708521153558577,-1.0,-1.0,-1.0,0.39502557510527836,0.2923615172456506,-1.0,-1.0,-1.0,-1.0,-1.0,-1.0,-1.0,-1.0,-1.0,-1.0,-1.0,-1.0,-1.0,-1.0,-1.0,-1.0
