bad_A,bad_B,disc1,disc2,fI,fO_A,fO_B,fP_A,fP_B,fRi,fRo,fS,good_A,good_B,no_disc,pick,put,redo_A,redo_B,sI,sO_A,sO_B,sP_A,sP_B,sQ_A,sQ_Ar,sQ_B,sQ_Br,sRi,sRo,sS,test1,test2,turn1,turn2
-29311,-36445,-573,-445,-629,-112,-539,-334,-134,-440,-182,-46,34318,26811,-646,-724,-33,-8563,-1220,-602,-395,-180,-116,-411,-653,-538,-388,-599,-220,-597,-649,-53,-698,-667,-784
0.7352594236367126,0.29278775307152377,-1.0,-1.0,-1.0,-1.0,-1.0,-1.0,-1.0,-1.0,-1.0,-1.0,0.5379133031450954,0.7552702164516621,-1.0,-1.0,-1.0,0.4002076334054926,0.38126158502004104,-1.0,-1.0,-1.0,-1.0,-1.0,-1.0,-1.0,-1.0,-1.0,-1.0,-1.0,-1.0,-1.0,-1.0,-1.0,-1.0
