bad_A,bad_B,disc1,disc2,fI,fO_A,fO_B,fP_A,fP_B,fRi,fRo,fS,good_A,good_B,no_disc,pick,put,redo_A,redo_B,sI,sO_A,sO_B,sP_A,sP_B,sQ_A,sQ_Ar,sQ_B,sQ_Br,sRi,sRo,sS,test1,test2,turn1,turn2
-30442,-36428,-387,-615,-445,-700,-67,-531,-15,-45,-363,-161,34657,21833,-749,-339,-680,-2255,-2325,-656,-215,-618,-599,-187,-263,-758,-657,-448,-61,-346,-715,-529,-55,-409,-153
0.884109574305105,0.5304242606428369,-1.0,-1.0,-1.0,-1.0,-1.0,-1.0,-1.0,-1.0,-1.0,-1.0,0.19261447747972574,0.8806068217110887,-1.0,-1.0,-1.0,0.8630184898429277,0.3097130204956944,-1.0,-1.0,-1.0,-1.0,-1.0,-1.0,-1.0,-1.0,-1.0,-1.0,-1.0,-1.0,-1.0,-1.0,-1.0,-1.0
