bad_A,bad_B,disc1,disc2,fI,fO_A,fO_B,fP_A,fP_B,fRi,fRo,fS,good_A,good_B,no_disc,pick,put,redo_A,redo_B,sI,sO_A,sO_B,sP_A,sP_B,sQ_A,sQ_Ar,sQ_B,sQ_Br,sRi,sRo,sS,test1,test2,turn1,turn2
-24361,-38578,-578,-400,-480,-406,-149,-233,-274,-188,-546,-304,27658,22144,-759,-615,-63,-8284,-8829,-697,-14,-708,-325,-378,-713,-201,-668,-573,-515,-269,-500,-554,-152,-423,-404
0.1890974002702638,0.2787801290095069,-1.0,-1.0,-1.0,-1.0,-1.0,-1.0,-1.0,-1.0,-1.0,-1.0,0.21725941686975025,0.2688787683891404,-1.0,-1.0,-1.0,0.41697554027974026,0.5884652440431521,-1.0,-1.0,-1.0,-1.0,-1.0,-1.0,-1.0,-1.0,-1.0,-1.0,-1.0,-1.0,-1.0,-1.0,-1.0,-1.0
