bad_A,bad_B,disc1,disc2,fI,fO_A,fO_B,fP_A,fP_B,fRi,fRo,fS,good_A,good_B,no_disc,pick,put,redo_A,redo_B,sI,sO_A,sO_B,sP_A,sP_B,sQ_A,sQ_Ar,sQ_B,sQ_Br,sRi,sRo,sS,test1,test2,turn1,turn2
-31679,-21278,-789,-340,-296,-194,-492,-356,-371,-490,-241,-495,23145,36891,-43,-311,-302,-1679,-2354,-715,-23,-168,-17,-575,-550,-790,-62,-358,-685,-670,-187,-577,-410,-499,-182
0.6735120256619455,0.5233143730264546,-1.0,-1.0,-1.0,-1.0,-1.0,-1.0,-1.0,-1.0,-1.0,-1.0,0.18533593213496335,0.46437838001827225,-1.0,-1.0,-1.0,0.8521723449226333,0.23819907600893872,-1.0,-1.0,-1.0,-1.0,-1.0,-1.0,-1.0,-1.0,-1.0,-1.0,-1.0,-1.0,-1.0,-1.0,-1.0,-1.0
