bad_A,bad_B,disc1,disc2,fI,fO_A,fO_B,fP_A,fP_B,fRi,fRo,fS,good_A,good_B,no_disc,pick,put,redo_A,redo_B,sI,sO_A,sO_B,sP_A,sP_B,sQ_A,sQ_Ar,sQ_B,sQ_Br,sRi,sRo,sS,test1,test2,turn1,turn2
-29336,-37988,-236,-471,-523,-728,-175,-647,-322,-255,-583,-701,24434,23532,-444,-615,-553,-6212,-4104,-749,-360,-69,-628,-231,-794,-456,-415,-491,-723,-140,-742,-104,-447,-549,-337
0.44607001269886826,0.4544174187086011,-1.0,-1.0,-1.0,-1.0,-1.0,-1.0,-1.0,-1.0,-1.0,-1.0,0.7813256821564386,0.1265154921131364,-1.0,-1.0,-1.0,0.6627784206847451,0.5223905960250587,-1.0,-1.0,-1.0,-1.0,-1.0,-1.0,-1.0,-1.0,-1.0,-1.0,-1.0,-1.0,-1.0,-1.0,-1.0,-1.0
