bad_A,bad_B,disc1,disc2,fI,fO_A,fO_B,fP_A,fP_B,fRi,fRo,fS,good_A,good_B,no_disc,pick,put,redo_A,redo_B,sI,sO_A,sO_B,sP_A,sP_B,sQ_A,sQ_Ar,sQ_B,sQ_Br,sRi,sRo,sS,test1,test2,turn1,turn2
-24795,-27679,-125,-133,-224,-659,-225,-270,-494,-364,-308,-251,23986,23308,-97,-21,-515,-2418,-4278,-44,-457,-306,-65,-383,-339,-740,-50,-762,-701,-445,-549,-76,-369,-379,-354
0.5056585498925296,0.619810737470333,-1.0,-1.0,-1.0,-1.0,-1.0,-1.0,-1.0,-1.0,-1.0,-1.0,0.3972938254475721,0.47824053145797285,-1.0,-1.0,-1.0,0.5830837661017604,0.4784267726776137,-1.0,-1.0,-1.0,-1.0,-1.0,-1.0,-1.0,-1.0,-1.0,-1.0,-1.0,-1.0,-1.0,-1.0,-1.0,-1.0
