bad_A,bad_B,disc1,disc2,fI,fO_A,fO_B,fP_A,fP_B,fRi,fRo,fS,good_A,good_B,no_disc,pick,put,redo_A,redo_B,sI,sO_A,sO_B,sP_A,sP_B,sQ_A,sQ_Ar,sQ_B,sQ_Br,sRi,sRo,sS,test1,test2,turn1,turn2
-36747,-20508,-185,-234,-599,-91,-145,-628,-474,-39,-286,-388,33559,25801,-192,-503,-575,-1242,-6740,-282,-597,-622,-581,-540,-104,-60,-622,-412,-768,-718,-638,-339,-51,-243,-506
0.4855866624013653,0.5185111312368822,-1.0,-1.0,-1.0,-1.0,-1.0,-1.0,-1.0,-1.0,-1.0,-1.0,0.4791903184840187,0.2541381081102515,-1.0,-1.0,-1.0,0.14210126591549743,0.4654319111813282,-1.0,-1.0,-1.0,-1.0,-1.0,-1.0,-1.0,-1.0,-1.0,-1.0,-1.0,-1.0,-1.0,-1.0,-1.0,-1.0
