bad_A,bad_B,disc1,disc2,fI,fO_A,fO_B,fP_A,fP_B,fRi,fRo,fS,good_A,good_B,no_disc,pick,put,redo_A,redo_B,sI,sO_A,sO_B,sP_A,sP_B,sQ_A,sQ_Ar,sQ_B,sQ_Br,sRi,sRo,sS,test1,test2,turn1,turn2
-35809,-24495,-764,-336,-662,-602,-100,-571,-17,-469,-679,-204,20555,34318,-448,-631,-383,-4729,-5759,-486,-535,-646,-217,-405,-270,-516,-33,-673,-409,-62,-661,-397,-787,-47,-278
0.6015670647328675,0.47254609431373806,-1.0,-1.0,-1.0,-1.0,-1.0,-1.0,-1.0,-1.0,-1.0,-1.0,0.5033943736616732,0.14764789493534736,-1.0,-1.0,-1.0,0.6854646060303066,0.15554907791140504,-1.0,-1.0,-1.0,-1.0,-1.0,-1.0,-1.0,-1.0,-1.0,-1.0,-1.0,-1.0,-1.0,-1.0,-1.0,-1.0
