bad_A,bad_B,disc1,disc2,fI,fO_A,fO_B,fP_A,fP_B,fRi,fRo,fS,good_A,good_B,no_disc,pick,put,redo_A,redo_B,sI,sO_A,sO_B,sP_A,sP_B,sQ_A,sQ_Ar,sQ_B,sQ_Br,sRi,sRo,sS,test1,test2,turn1,turn2
-22356,-29538,-253,-103,-760,-703,-500,-55,-411,-198,-92,-474,30287,35682,-523,-130,-699,-2099,-4042,-542,-526,-212,-55,-734,-677,-224,-695,-469,-344,-602,-459,-524,-600,-95,-230
0.19288689035757392,0.8885409391645664,-1.0,-1.0,-1.0,-1.0,-1.0,-1.0,-1.0,-1.0,-1.0,-1.0,0.5226508909439361,0.2701993736984707,-1.0,-1.0,-1.0,0.33993844677080187,0.30408206533122695,-1.0,-1.0,-1.0,-1.0,-1.0,-1.0,-1.0,-1.0,-1.0,-1.0,-1.0,-1.0,-1.0,-1.0,-1.0,-1.0
