bad_A,bad_B,disc1,disc2,fI,fO_A,fO_B,fP_A,fP_B,fRi,fRo,fS,good_A,good_B,no_disc,pick,put,redo_A,redo_B,sI,sO_A,sO_B,sP_A,sP_B,sQ_A,sQ_Ar,sQ_B,sQ_Br,sRi,sRo,sS,test1,test2,turn1,turn2
-31163,-37255,-364,-227,-32,-365,-643,-109,-489,-386,-532,-476,22018,28997,-31,-579,-28,-2053,-2062,-689,-550,-544,-89,-165,-777,-78,-204,-539,-621,-182,-275,-262,-696,-378,-670
0.45889861182450076,0.7506481574782142,-1.0,-1.0,-1.0,-1.0,-1.0,-1.0,-1.0,-1.0,-1.0,-1.0,0.5393674267701053,0.6401815115256955,-1.0,-1.0,-1.0,0.5333042572703155,0.49117973311615337,-1.0,-1.0,-1.0,-1.0,-1.0,-1.0,-1.0,-1.0,-1.0,-1.0,-1.0,-1.0,-1.0,-1.0,-1.0,-1.0
