bad_A,bad_B,disc1,disc2,fI,fO_A,fO_B,fP_A,fP_B,fRi,fRo,fS,good_A,good_B,no_disc,pick,put,redo_A,redo_B,sI,sO_A,sO_B,sP_A,sP_B,sQ_A,sQ_Ar,sQ_B,sQ_Br,sRi,sRo,sS,test1,test2,turn1,turn2
-22261,-24184,-450,-465,-608,-541,-191,-558,-337,-234,-192,-660,37478,25608,-110,-489,-413,-7431,-1844,-786,-705,-35,-657,-112,-32,-460,-424,-164,-678,-635,-74,-24,-180,-701,-179
0.3378155279793964,0.22493582129569614,-1.0,-1.0,-1.0,-1.0,-1.0,-1.0,-1.0,-1.0,-1.0,-1.0,0.5166503413941056,0.12016826420029735,-1.0,-1.0,-1.0,0.37207169503532656,0.6466395676472574,-1.0,-1.0,-1.0,-1.0,-1.0,-1.0,-1.0,-1.0,-1.0,-1.0,-1.0,-1.0,-1.0,-1.0,-1.0,-1.0
