bad_A,bad_B,disc1,disc2,fI,fO_A,fO_B,fP_A,fP_B,fRi,fRo,fS,good_A,good_B,no_disc,pick,put,redo_A,redo_B,sI,sO_A,sO_B,sP_A,sP_B,sQ_A,sQ_Ar,sQ_B,sQ_Br,sRi,sRo,sS,test1,test2,turn1,turn2
-35441,-21404,-74,-468,-73,-310,-414,-562,-111,-617,-84,-224,24161,26162,-165,-466,-452,-2606,-6640,-441,-68,-536,-345,-635,-467,-554,-754,-396,-273,-368,-780,-264,-282,-204,-523
0.8036687143019043,0.7094583125377629,-1.0,-1.0,-1.0,-1.0,-1.0,-1.0,-1.0,-1.0,-1.0,-1.0,0.23694173566731813,0.4872636601343763,-1.0,-1.0,-1.0,0.28837243161923426,0.8582128756947996,-1.0,-1.0,-1.0,-1.0,-1.0,-1.0,-1.0,-1.0,-1.0,-1.0,-1.0,-1.0,-1.0,-1.0,-1.0,-1.0
