bad_A,bad_B,disc1,disc2,fI,fO_A,fO_B,fP_A,fP_B,fRi,fRo,fS,good_A,good_B,no_disc,pick,put,redo_A,redo_B,sI,sO_A,sO_B,sP_A,sP_B,sQ_A,sQ_Ar,sQ_B,sQ_Br,sRi,sRo,sS,test1,test2,turn1,turn2
-25741,-25487,-38,-464,-284,-766,-534,-97,-217,-167,-402,-550,22867,29702,-97,-457,-371,-3982,-8666,-585,-727,-591,-763,-435,-450,-170,-750,-368,-408,-85,-252,-643,-159,-78,-675
0.6390328839772119,0.8361614903533301,-1.0,-1.0,-1.0,-1.0,-1.0,-1.0,-1.0,-1.0,-1.0,-1.0,0.5045757436526584,0.7656328256802263,-1.0,-1.0,-1.0,0.5924271874119994,0.43252457866252947,-1.0,-1.0,-1.0,-1.0,-1.0,-1.0,-1.0,-1.0,-1.0,-1.0,-1.0,-1.0,-1.0,-1.0,-1.0,-1.0
