bad_A,bad_B,disc1,disc2,fI,fO_A,fO_B,fP_A,fP_B,fRi,fRo,fS,good_A,good_B,no_disc,pick,put,redo_A,redo_B,sI,sO_A,sO_B,sP_A,sP_B,sQ_A,sQ_Ar,sQ_B,sQ_Br,sRi,sRo,sS,test1,test2,turn1,turn2
-22678,-27413,-387,-435,-608,-333,-700,-255,-658,-221,-776,-779,22772,38534,-312,-343,-390,-2891,-4046,-596,-407,-175,-195,-322,-132,-261,-78,-630,-624,-648,-332,-617,-479,-777,-630
0.31945104760118026,0.20135851918003456,-1.0,-1.0,-1.0,-1.0,-1.0,-1.0,-1.0,-1.0,-1.0,-1.0,0.7057276972869008,0.35512395695275234,-1.0,-1.0,-1.0,0.3614041119989523,0.6379723614848014,-1.0,-1.0,-1.0,-1.0,-1.0,-1.0,-1.0,-1.0,-1.0,-1.0,-1.0,-1.0,-1.0,-1.0,-1.0,-1.0
