bad_A,bad_B,disc1,disc2,fI,fO_A,fO_B,fP_A,fP_B,fRi,fRo,fS,good_A,good_B,no_disc,pick,put,redo_A,redo_B,sI,sO_A,sO_B,sP_A,sP_B,sQ_A,sQ_Ar,sQ_B,sQ_Br,sRi,sRo,sS,test1,test2,turn1,turn2
-38588,-27984,-443,-132,-481,-425,-300,-78,-269,-597,-315,-28,20643,28805,-496,-605,-242,-7504,-4295,-82,-705,-649,-573,-716,-404,-542,-769,-104,-261,-492,-312,-92,-522,-148,-202
0.7102895025145409,0.8073601164225933,-1.0,-1.0,-1.0,-1.0,-1.0,-1.0,-1.0,-1.0,-1.0,-1.0,0.31845773084752305,0.6669216900063815,-1.0,-1.0,-1.0,0.12180871563213645,0.4366300570629441,-1.0,-1.0,-1.0,-1.0,-1.0,-1.0,-1.0,-1.0,-1.0,-1.0,-1.0,-1.0,-1.0,-1.0,-1.0,-1.0
