bad_A,bad_B,disc1,disc2,fI,fO_A,fO_B,fP_A,fP_B,fRi,fRo,fS,good_A,good_B,no_disc,pick,put,redo_A,redo_B,sI,sO_A,sO_B,sP_A,sP_B,sQ_A,sQ_Ar,sQ_B,sQ_Br,sRi,sRo,sS,test1,test2,turn1,turn2
-25329,-38761,-786,-715,-354,-58,-608,-24,-685,-362,-36,-348,21633,35706,-291,-530,-393,-6544,-3021,-345,-284,-437,-295,-249,-716,-544,-648,-222,-652,-251,-12,-775,-610,-100,-318
0.36443141901591525,0.35669640915718837,-1.0,-1.0,-1.0,-1.0,-1.0,-1.0,-1.0,-1.0,-1.0,-1.0,0.15941647551754398,0.4379039328344424,-1.0,-1.0,-1.0,0.1168542762742617,0.7595670031006991,-1.0,-1.0,-1.0,-1.0,-1.0,-1.0,-1.0,-1.0,-1.0,-1.0,-1.0,-1.0,-1.0,-1.0,-1.0,-1.0
