bad_A,bad_B,disc1,disc2,fI,fO_A,fO_B,fP_A,fP_B,fRi,fRo,fS,good_A,good_B,no_disc,pick,put,redo_A,redo_B,sI,sO_A,sO_B,sP_A,sP_B,sQ_A,sQ_Ar,sQ_B,sQ_Br,sRi,sRo,sS,test1,test2,turn1,turn2
-33448,-29333,-522,-252,-630,-231,-157,-284,-177,-653,-325,-711,31845,34147,-57,-520,-789,-5152,-5081,-604,-257,-442,-55,-62,-28,-171,-356,-341,-331,-71,-27,-528,-799,-716,-445
0.6615866648430099,0.5086121309932568,-1.0,-1.0,-1.0,-1.0,-1.0,-1.0,-1.0,-1.0,-1.0,-1.0,0.48117069484159714,0.5763674241920874,-1.0,-1.0,-1.0,0.16262763352162246,0.5888961730125456,-1.0,-1.0,-1.0,-1.0,-1.0,-1.0,-1.0,-1.0,-1.0,-1.0,-1.0,-1.0,-1.0,-1.0,-1.0,-1.0
