bad_A,bad_B,disc1,disc2,fI,fO_A,fO_B,fP_A,fP_B,fRi,fRo,fS,good_A,good_B,no_disc,pick,put,redo_A,redo_B,sI,sO_A,sO_B,sP_A,sP_B,sQ_A,sQ_Ar,sQ_B,sQ_Br,sRi,sRo,sS,test1,test2,turn1,turn2
-22915,-39269,-352,-194,-692,-581,-367,-177,-317,-230,-447,-705,22703,28920,-692,-54,-344,-6069,-4376,-135,-656,-313,-623,-252,-579,-13,-564,-373,-684,-509,-78,-399,-475,-411,-614
0.6531090222146683,0.6098052449849357,-1.0,-1.0,-1.0,-1.0,-1.0,-1.0,-1.0,-1.0,-1.0,-1.0,0.5212912222274249,0.3080186455153287,-1.0,-1.0,-1.0,0.874480131270524,0.6938003038144351,-1.0,-1.0,-1.0,-1.0,-1.0,-1.0,-1.0,-1.0,-1.0,-1.0,-1.0,-1.0,-1.0,-1.0,-1.0,-1.0
