bad_A,bad_B,disc1,disc2,fI,fO_A,fO_B,fP_A,fP_B,fRi,fRo,fS,good_A,good_B,no_disc,pick,put,redo_A,redo_B,sI,sO_A,sO_B,sP_A,sP_B,sQ_A,sQ_Ar,sQ_B,sQ_Br,sRi,sRo,sS,test1,test2,turn1,turn2
-39574,-26010,-290,-267,-19,-226,-70,-503,-548,-388,-748,-94,34713,30148,-497,-439,-776,-3141,-8194,-701,-679,-299,-388,-426,-779,-234,-636,-273,-315,-571,-647,-103,-249,-235,-580
0.3386430954289955,0.6091579044393186,-1.0,-1.0,-1.0,-1.0,-1.0,-1.0,-1.0,-1.0,-1.0,-1.0,0.6582689193240755,0.7299777809000144,-1.0,-1.0,-1.0,0.3177906473059625,0.599670991388942,-1.0,-1.0,-1.0,-1.0,-1.0,-1.0,-1.0,-1.0,-1.0,-1.0,-1.0,-1.0,-1.0,-1.0,-1.0,-1.0
