bad_A,bad_B,disc1,disc2,fI,fO_A,fO_B,fP_A,fP_B,fRi,fRo,fS,good_A,good_B,no_disc,pick,put,redo_A,redo_B,sI,sO_A,sO_B,sP_A,sP_B,sQ_A,sQ_Ar,sQ_B,sQ_Br,sRi,sRo,sS,test1,test2,turn1,turn2
-25106,-31269,-568,-671,-598,-527,-415,-71,-504,-320,-585,-683,21988,24476,-67,-505,-559,-5289,-4474,-156,-267,-670,-499,-660,-673,-265,-444,-449,-52,-143,-351,-156,-504,-702,-742
0.17581047397770577,0.5675377188068608,-1.0,-1.0,-1.0,-1.0,-1.0,-1.0,-1.0,-1.0,-1.0,-1.0,0.17407652431913095,0.8338802698141782,-1.0,-1.0,-1.0,0.5318875083630785,0.3279995511835676,-1.0,-1.0,-1.0,-1.0,-1.0,-1.0,-1.0,-1.0,-1.0,-1.0,-1.0,-1.0,-1.0,-1.0,-1.0,-1.0
