bad_A,bad_B,disc1,disc2,fI,fO_A,fO_B,fP_A,fP_B,fRi,fRo,fS,good_A,good_B,no_disc,pick,put,redo_A,redo_B,sI,sO_A,sO_B,sP_A,sP_B,sQ_A,sQ_Ar,sQ_B,sQ_Br,sRi,sRo,sS,test1,test2,turn1,turn2
-27782,-24706,-559,-87,-224,-154,-163,-773,-400,-163,-301,-695,28870,22178,-110,-610,-47,-1604,-3282,-491,-80,-205,-154,-136,-653,-358,-520,-393,-272,-483,-762,-538,-552,-291,-744
0.8547692296039741,0.38794231145406166,-1.0,-1.0,-1.0,-1.0,-1.0,-1.0,-1.0,-1.0,-1.0,-1.0,0.2609022850259548,0.2884801672610662,-1.0,-1.0,-1.0,0.43911184786106616,0.8902799006768249,-1.0,-1.0,-1.0,-1.0,-1.0,-1.0,-1.0,-1.0,-1.0,-1.0,-1.0,-1.0,-1.0,-1.0,-1.0,-1.0
