bad_A,bad_B,disc1,disc2,fI,fO_A,fO_B,fP_A,fP_B,fRi,fRo,fS,good_A,good_B,no_disc,pick,put,redo_A,redo_B,sI,sO_A,sO_B,sP_A,sP_B,sQ_A,sQ_Ar,sQ_B,sQ_Br,sRi,sRo,sS,test1,test2,turn1,turn2
-27369,-25427,-276,-180,-88,-787,-39,-300,-734,-541,-627,-641,27602,27749,-615,-615,-406,-4231,-8812,-114,-235,-538,-204,-780,-89,-665,-529,-406,-374,-42,-689,-218,-320,-440,-405
0.5868289729483441,0.45691821544601785,-1.0,-1.0,-1.0,-1.0,-1.0,-1.0,-1.0,-1.0,-1.0,-1.0,0.6315832221320108,0.1130622419142652,-1.0,-1.0,-1.0,0.6209859804722007,0.3655660383222725,-1.0,-1.0,-1.0,-1.0,-1.0,-1.0,-1.0,-1.0,-1.0,-1.0,-1.0,-1.0,-1.0,-1.0,-1.0,-1.0
