bad_A,bad_B,disc1,disc2,fI,fO_A,fO_B,fP_A,fP_B,fRi,fRo,fS,good_A,good_B,no_disc,pick,put,redo_A,redo_B,sI,sO_A,sO_B,sP_A,sP_B,sQ_A,sQ_Ar,sQ_B,sQ_Br,sRi,sRo,sS,test1,test2,turn1,turn2
-38129,-36254,-365,-203,-112,-170,-770,-675,-498,-95,-166,-768,27767,23406,-137,-440,-585,-2054,-8194,-115,-135,-760,-118,-606,-230,-687,-57,-678,-586,-167,-694,-311,-793,-614,-283
0.6646897275652368,0.7836842168571229,-1.0,-1.0,-1.0,-1.0,-1.0,-1.0,-1.0,-1.0,-1.0,-1.0,0.888515659899686,0.36084173676001374,-1.0,-1.0,-1.0,0.7514749558694208,0.6978742911628312,-1.0,-1.0,-1.0,-1.0,-1.0,-1.0,-1.0,-1.0,-1.0,-1.0,-1.0,-1.0,-1.0,-1.0,-1.0,-1.0
