bad_A,bad_B,disc1,disc2,fI,fO_A,fO_B,fP_A,fP_B,fRi,fRo,fS,good_A,good_B,no_disc,pick,put,redo_A,redo_B,sI,sO_A,sO_B,sP_A,sP_B,sQ_A,sQ_Ar,sQ_B,sQ_Br,sRi,sRo,sS,test1,test2,turn1,turn2
-21536,-37332,-540,-104,-670,-40,-319,-292,-93,-513,-359,-533,28406,28410,-52,-593,-787,-8220,-4882,-727,-631,-296,-361,-531,-111,-785,-153,-263,-398,-659,-630,-183,-325,-258,-674
0.39468360019826254,0.3253162676793999,-1.0,-1.0,-1.0,-1.0,-1.0,-1.0,-1.0,-1.0,-1.0,-1.0,0.34996975186633594,0.872814099903475,-1.0,-1.0,-1.0,0.2585395740849483,0.4612117310688585,-1.0,-1.0,-1.0,-1.0,-1.0,-1.0,-1.0,-1.0,-1.0,-1.0,-1.0,-1.0,-1.0,-1.0,-1.0,-1.0
