bad_A,bad_B,disc1,disc2,fI,fO_A,fO_B,fP_A,fP_B,fRi,fRo,fS,good_A,good_B,no_disc,pick,put,redo_A,redo_B,sI,sO_A,sO_B,sP_A,sP_B,sQ_A,sQ_Ar,sQ_B,sQ_Br,sRi,sRo,sS,test1,test2,turn1,turn2
-32637,-34377,-676,-166,-98,-373,-246,-15,-234,-42,-78,-325,27621,22563,-630,-249,-638,-3988,-2395,-399,-764,-392,-107,-756,-687,-210,-445,-371,-83,-388,-343,-548,-427,-258,-355
0.21636326883131513,0.7278459325837541,-1.0,-1.0,-1.0,-1.0,-1.0,-1.0,-1.0,-1.0,-1.0,-1.0,0.4791098263165351,0.47938737618414107,-1.0,-1.0,-1.0,0.7664096502596631,0.5452591126605343,-1.0,-1.0,-1.0,-1.0,-1.0,-1.0,-1.0,-1.0,-1.0,-1.0,-1.0,-1.0,-1.0,-1.0,-1.0,-1.0
