bad_A,bad_B,disc1,disc2,fI,fO_A,fO_B,fP_A,fP_B,fRi,fRo,fS,good_A,good_B,no_disc,pick,put,redo_A,redo_B,sI,sO_A,sO_B,sP_A,sP_B,sQ_A,sQ_Ar,sQ_B,sQ_Br,sRi,sRo,sS,test1,test2,turn1,turn2
-25971,-29113,-260,-165,-439,-66,-292,-430,-74,-500,-788,-633,25134,30601,-673,-478,-14,-2918,-8272,-591,-648,-705,-276,-671,-529,-503,-188,-554,-728,-665,-15,-416,-232,-564,-106
0.49353956750637085,0.49499778257469107,-1.0,-1.0,-1.0,-1.0,-1.0,-1.0,-1.0,-1.0,-1.0,-1.0,0.10418830784969862,0.6799963743031008,-1.0,-1.0,-1.0,0.19365603897069228,0.44447541043945626,-1.0,-1.0,-1.0,-1.0,-1.0,-1.0,-1.0,-1.0,-1.0,-1.0,-1.0,-1.0,-1.0,-1.0,-1.0,-1.0
