bad_A,bad_B,disc1,disc2,fI,fO_A,fO_B,fP_A,fP_B,fRi,fRo,fS,good_A,good_B,no_disc,pick,put,redo_A,redo_B,sI,sO_A,sO_B,sP_A,sP_B,sQ_A,sQ_Ar,sQ_B,sQ_Br,sRi,sRo,sS,test1,test2,turn1,turn2
-23224,-22895,-496,-502,-164,-260,-145,-485,-552,-56,-144,-521,32261,21086,-142,-735,-565,-1902,-4413,-250,-617,-233,-293,-372,-424,-361,-411,-664,-240,-107,-556,-443,-665,-623,-366
0.7148872005283846,0.5822590532686515,-1.0,-1.0,-1.0,-1.0,-1.0,-1.0,-1.0,-1.0,-1.0,-1.0,0.26589096304940696,0.14515396725625812,-1.0,-1.0,-1.0,0.8669210102879603,0.4705779565541469,-1.0,-1.0,-1.0,-1.0,-1.0,-1.0,-1.0,-1.0,-1.0,-1.0,-1.0,-1.0,-1.0,-1.0,-1.0,-1.0
