bad_A,bad_B,disc1,disc2,fI,fO_A,fO_B,fP_A,fP_B,fRi,fRo,fS,good_A,good_B,no_disc,pick,put,redo_A,redo_B,sI,sO_A,sO_B,sP_A,sP_B,sQ_A,sQ_Ar,sQ_B,sQ_Br,sRi,sRo,sS,test1,test2,turn1,turn2
-23793,-39023,-386,-565,-550,-356,-390,-156,-692,-679,-62,-155,35218,28584,-183,-608,-504,-7194,-8097,-44,-368,-745,-78,-724,-172,-769,-163,-543,-696,-234,-465,-662,-273,-674,-683
0.3497865429641194,0.28853701724653147,-1.0,-1.0,-1.0,-1.0,-1.0,-1.0,-1.0,-1.0,-1.0,-1.0,0.33241657649910905,0.626502776683423,-1.0,-1.0,-1.0,0.24352544866784395,0.37160840538191064,-1.0,-1.0,-1.0,-1.0,-1.0,-1.0,-1.0,-1.0,-1.0,-1.0,-1.0,-1.0,-1.0,-1.0,-1.0,-1.0
