bad_A,bad_B,disc1,disc2,fI,fO_A,fO_B,fP_A,fP_B,fRi,fRo,fS,good_A,good_B,no_disc,pick,put,redo_A,redo_B,sI,sO_A,sO_B,sP_A,sP_B,sQ_A,sQ_Ar,sQ_B,sQ_Br,sRi,sRo,sS,test1,test2,turn1,turn2
-20509,-35212,-87,-598,-450,-532,-194,-373,-628,-150,-213,-255,25452,20961,-334,-555,-577,-7214,-3137,-161,-643,-571,-43,-424,-497,-589,-156,-55,-765,-13,-643,-118,-190,-174,-121
0.5383606239175869,0.8768717000902259,-1.0,-1.0,-1.0,-1.0,-1.0,-1.0,-1.0,-1.0,-1.0,-1.0,0.6220750718713954,0.2324122446358614,-1.0,-1.0,-1.0,0.7002565615961677,0.5943014744244463,-1.0,-1.0,-1.0,-1.0,-1.0,-1.0,-1.0,-1.0,-1.0,-1.0,-1.0,-1.0,-1.0,-1.0,-1.0,-1.0
