bad_A,bad_B,disc1,disc2,fI,fO_A,fO_B,fP_A,fP_B,fRi,fRo,fS,good_A,good_B,no_disc,pick,put,redo_A,redo_B,sI,sO_A,sO_B,sP_A,sP_B,sQ_A,sQ_Ar,sQ_B,sQ_Br,sRi,sRo,sS,test1,test2,turn1,turn2
-22064,-39361,-628,-189,-709,-294,-227,-70,-576,-307,-618,-31,30937,27085,-558,-253,-457,-6396,-5576,-454,-154,-393,-587,-359,-774,-695,-314,-610,-355,-800,-800,-386,-212,-66,-289
0.8519927433110768,0.5187815551588619,-1.0,-1.0,-1.0,-1.0,-1.0,-1.0,-1.0,-1.0,-1.0,-1.0,0.7095022549498289,0.8296384483794522,-1.0,-1.0,-1.0,0.2801161693920282,0.3269980634363413,-1.0,-1.0,-1.0,-1.0,-1.0,-1.0,-1.0,-1.0,-1.0,-1.0,-1.0,-1.0,-1.0,-1.0,-1.0,-1.0
