bad_A,bad_B,disc1,disc2,fI,fO_A,fO_B,fP_A,fP_B,fRi,fRo,fS,good_A,good_B,no_disc,pick,put,redo_A,redo_B,sI,sO_A,sO_B,sP_A,sP_B,sQ_A,sQ_Ar,sQ_B,sQ_Br,sRi,sRo,sS,test1,test2,turn1,turn2
-39228,-35604,-139,-40,-540,-38,-406,-471,-740,-65,-598,-607,25022,38513,-778,-92,-376,-8803,-3003,-730,-325,-262,-318,-227,-490,-583,-664,-772,-323,-220,-601,-376,-469,-644,-762
0.3008696349597658,0.8471126049400644,-1.0,-1.0,-1.0,-1.0,-1.0,-1.0,-1.0,-1.0,-1.0,-1.0,0.7178791669521535,0.4455782086907435,-1.0,-1.0,-1.0,0.7654742929627705,0.17648495413328416,-1.0,-1.0,-1.0,-1.0,-1.0,-1.0,-1.0,-1.0,-1.0,-1.0,-1.0,-1.0,-1.0,-1.0,-1.0,-1.0
