bad_A,bad_B,disc1,disc2,fI,fO_A,fO_B,fP_A,fP_B,fRi,fRo,fS,good_A,good_B,no_disc,pick,put,redo_A,redo_B,sI,sO_A,sO_B,sP_A,sP_B,sQ_A,sQ_Ar,sQ_B,sQ_Br,sRi,sRo,sS,test1,test2,turn1,turn2
-36956,-29204,-367,-32,-707,-155,-729,-463,-751,-378,-779,-89,24413,21691,-297,-76,-689,-2013,-8386,-164,-239,-348,-649,-106,-60,-740,-315,-655,-346,-504,-550,-207,-42,-777,-796
0.17710988017181944,0.209224789927847,-1.0,-1.0,-1.0,-1.0,-1.0,-1.0,-1.0,-1.0,-1.0,-1.0,0.4188988445111247,0.5776446634058967,-1.0,-1.0,-1.0,0.2684839620464814,0.7925627013408244,-1.0,-1.0,-1.0,-1.0,-1.0,-1.0,-1.0,-1.0,-1.0,-1.0,-1.0,-1.0,-1.0,-1.0,-1.0,-1.0
