bad_A,bad_B,disc1,disc2,fI,fO_A,fO_B,fP_A,fP_B,fRi,fRo,fS,good_A,good_B,no_disc,pick,put,redo_A,redo_B,sI,sO_A,sO_B,sP_A,sP_B,sQ_A,sQ_Ar,sQ_B,sQ_Br,sRi,sRo,sS,test1,test2,turn1,turn2
-26838,-27551,-304,-615,-550,-133,-281,-654,-521,-455,-101,-566,39782,22333,-694,-70,-616,-4598,-2282,-622,-283,-177,-387,-291,-577,-262,-531,-784,-333,-767,-443,-159,-21,-173,-25
0.361559029141719,0.3629368789740094,-1.0,-1.0,-1.0,-1.0,-1.0,-1.0,-1.0,-1.0,-1.0,-1.0,0.6440579378312793,0.8278277816799495,-1.0,-1.0,-1.0,0.7641736093945145,0.1956212025531955,-1.0,-1.0,-1.0,-1.0,-1.0,-1.0,-1.0,-1.0,-1.0,-1.0,-1.0,-1.0,-1.0,-1.0,-1.0,-1.0
