bad_A,bad_B,disc1,disc2,fI,fO_A,fO_B,fP_A,fP_B,fRi,fRo,fS,good_A,good_B,no_disc,pick,put,redo_A,redo_B,sI,sO_A,sO_B,sP_A,sP_B,sQ_A,sQ_Ar,sQ_B,sQ_Br,sRi,sRo,sS,test1,test2,turn1,turn2
-22074,-25338,-58,-306,-697,-187,-582,-73,-102,-784,-138,-661,38219,29779,-421,-790,-70,-8660,-3622,-11,-685,-420,-584,-690,-572,-40,-699,-788,-237,-31,-416,-594,-520,-159,-211
0.5238040135205505,0.7098677857883502,-1.0,-1.0,-1.0,-1.0,-1.0,-1.0,-1.0,-1.0,-1.0,-1.0,0.12666844368046945,0.3598512457301227,-1.0,-1.0,-1.0,0.6247133421587145,0.34376771049474464,-1.0,-1.0,-1.0,-1.0,-1.0,-1.0,-1.0,-1.0,-1.0,-1.0,-1.0,-1.0,-1.0,-1.0,-1.0,-1.0
