bad_A,bad_B,disc1,disc2,fI,fO_A,fO_B,fP_A,fP_B,fRi,fRo,fS,good_A,good_B,no_disc,pick,put,redo_A,redo_B,sI,sO_A,sO_B,sP_A,sP_B,sQ_A,sQ_Ar,sQ_B,sQ_Br,sRi,sRo,sS,test1,test2,turn1,turn2
-39101,-23832,-770,-593,-605,-134,-366,-787,-657,-123,-526,-474,26730,35479,-369,-128,-153,-1016,-3259,-791,-639,-390,-490,-631,-529,-18,-137,-624,-560,-384,-614,-104,-159,-72,-659
0.45725263470667266,0.33359918894827423,-1.0,-1.0,-1.0,-1.0,-1.0,-1.0,-1.0,-1.0,-1.0,-1.0,0.12694477570784857,0.317536428643299,-1.0,-1.0,-1.0,0.42512761822149847,0.6902124823634683,-1.0,-1.0,-1.0,-1.0,-1.0,-1.0,-1.0,-1.0,-1.0,-1.0,-1.0,-1.0,-1.0,-1.0,-1.0,-1.0
