bad_A,bad_B,disc1,disc2,fI,fO_A,fO_B,fP_A,fP_B,fRi,fRo,fS,good_A,good_B,no_disc,pick,put,redo_A,redo_B,sI,sO_A,sO_B,sP_A,sP_B,sQ_A,sQ_Ar,sQ_B,sQ_Br,sRi,sRo,sS,test1,test2,turn1,turn2
-20709,-33947,-153,-72,-586,-552,-634,-210,-388,-124,-411,-453,24475,31329,-40,-121,-646,-3899,-7347,-99,-717,-409,-490,-235,-478,-754,-10,-391,-331,-242,-150,-343,-233,-129,-263
0.8130012127127489,0.8375222662405388,-1.0,-1.0,-1.0,-1.0,-1.0,-1.0,-1.0,-1.0,-1.0,-1.0,0.1814679661134888,0.19119514535803442,-1.0,-1.0,-1.0,0.5101191489472794,0.2449158314085132,-1.0,-1.0,-1.0,-1.0,-1.0,-1.0,-1.0,-1.0,-1.0,-1.0,-1.0,-1.0,-1.0,-1.0,-1.0,-1.0
