bad_A,bad_B,disc1,disc2,fI,fO_A,fO_B,fP_A,fP_B,fRi,fRo,fS,good_A,good_B,no_disc,pick,put,redo_A,redo_B,sI,sO_A,sO_B,sP_A,sP_B,sQ_A,sQ_Ar,sQ_B,sQ_Br,sRi,sRo,sS,test1,test2,turn1,turn2
-24987,-34419,-338,-245,-642,-437,-698,-87,-186,-754,-325,-656,38085,37614,-430,-55,-259,-1398,-2285,-404,-80,-676,-47,-404,-625,-557,-532,-153,-59,-110,-316,-275,-72,-725,-560
0.5645325939887526,0.52620035337013,-1.0,-1.0,-1.0,-1.0,-1.0,-1.0,-1.0,-1.0,-1.0,-1.0,0.48765451420125394,0.7471408895906364,-1.0,-1.0,-1.0,0.4342703949493054,0.4824897714721018,-1.0,-1.0,-1.0,-1.0,-1.0,-1.0,-1.0,-1.0,-1.0,-1.0,-1.0,-1.0,-1.0,-1.0,-1.0,-1.0
