bad_A,bad_B,disc1,disc2,fI,fO_A,fO_B,fP_A,fP_B,fRi,fRo,fS,good_A,good_B,no_disc,pick,put,redo_A,redo_B,sI,sO_A,sO_B,sP_A,sP_B,sQ_A,sQ_Ar,sQ_B,sQ_Br,sRi,sRo,sS,test1,test2,turn1,turn2
-26064,-32232,-660,-446,-626,-746,-654,-122,-396,-140,-718,-592,29076,26266,-137,-788,-408,-2322,-4780,-22,-651,-788,-397,-274,-323,-265,-703,-202,-473,-17,-488,-289,-676,-404,-122
0.6137837437139951,0.3075369644906807,-1.0,-1.0,-1.0,-1.0,-1.0,-1.0,-1.0,-1.0,-1.0,-1.0,0.8094244025371131,0.18936797773450725,-1.0,-1.0,-1.0,0.5294403027877432,0.4363155353187035,-1.0,-1.0,-1.0,-1.0,-1.0,-1.0,-1.0,-1.0,-1.0,-1.0,-1.0,-1.0,-1.0,-1.0,-1.0,-1.0
