bad_A,bad_B,disc1,disc2,fI,fO_A,fO_B,fP_A,fP_B,fRi,fRo,fS,good_A,good_B,no_disc,pick,put,redo_A,redo_B,sI,sO_A,sO_B,sP_A,sP_B,sQ_A,sQ_Ar,sQ_B,sQ_Br,sRi,sRo,sS,test1,test2,turn1,turn2
-36550,-32482,-183,-229,-151,-152,-743,-65,-181,-690,-507,-740,32334,25841,-786,-136,-301,-3797,-8496,-616,-375,-273,-254,-669,-505,-665,-520,-721,-341,-578,-306,-269,-636,-323,-16
0.518204536413035,0.44200648504604645,-1.0,-1.0,-1.0,-1.0,-1.0,-1.0,-1.0,-1.0,-1.0,-1.0,0.8992521632995658,0.4050044594738733,-1.0,-1.0,-1.0,0.5772352297666816,0.5770194848710068,-1.0,-1.0,-1.0,-1.0,-1.0,-1.0,-1.0,-1.0,-1.0,-1.0,-1.0,-1.0,-1.0,-1.0,-1.0,-1.0
