bad_A,bad_B,disc1,disc2,fI,fO_A,fO_B,fP_A,fP_B,fRi,fRo,fS,good_A,good_B,no_disc,pick,put,redo_A,redo_B,sI,sO_A,sO_B,sP_A,sP_B,sQ_A,sQ_Ar,sQ_B,sQ_Br,sRi,sRo,sS,test1,test2,turn1,turn2
-20907,-20305,-570,-138,-279,-380,-670,-216,-306,-440,-439,-643,38488,28378,-651,-756,-177,-2061,-6529,-477,-233,-217,-584,-731,-571,-677,-365,-696,-445,-202,-353,-601,-367,-129,-674
0.21882301258431547,0.2890890894791801,-1.0,-1.0,-1.0,-1.0,-1.0,-1.0,-1.0,-1.0,-1.0,-1.0,0.30417686647647235,0.8483743453001149,-1.0,-1.0,-1.0,0.8845008797515707,0.8046347757007579,-1.0,-1.0,-1.0,-1.0,-1.0,-1.0,-1.0,-1.0,-1.0,-1.0,-1.0,-1.0,-1.0,-1.0,-1.0,-1.0
