bad_A,bad_B,disc1,disc2,fI,fO_A,fO_B,fP_A,fP_B,fRi,fRo,fS,good_A,good_B,no_disc,pick,put,redo_A,redo_B,sI,sO_A,sO_B,sP_A,sP_B,sQ_A,sQ_Ar,sQ_B,sQ_Br,sRi,sRo,sS,test1,test2,turn1,turn2
-22985,-27741,-80,-545,-298,-400,-541,-62,-304,-324,-295,-789,21732,22904,-278,-304,-96,-2597,-5219,-663,-530,-255,-573,-452,-139,-544,-427,-353,-274,-687,-203,-36,-13,-84,-651
0.25100208980381955,0.629147014420131,-1.0,-1.0,-1.0,-1.0,-1.0,-1.0,-1.0,-1.0,-1.0,-1.0,0.13469021925812577,0.13120985649450728,-1.0,-1.0,-1.0,0.231879292601014,0.669384917087241,-1.0,-1.0,-1.0,-1.0,-1.0,-1.0,-1.0,-1.0,-1.0,-1.0,-1.0,-1.0,-1.0,-1.0,-1.0,-1.0
