bad_A,bad_B,disc1,disc2,fI,fO_A,fO_B,fP_A,fP_B,fRi,fRo,fS,good_A,good_B,no_disc,pick,put,redo_A,redo_B,sI,sO_A,sO_B,sP_A,sP_B,sQ_A,sQ_Ar,sQ_B,sQ_Br,sRi,sRo,sS,test1,test2,turn1,turn2
-23795,-35458,-600,-333,-238,-622,-677,-281,-320,-70,-402,-672,33149,27918,-797,-471,-614,-1712,-6139,-744,-178,-451,-415,-659,-757,-670,-645,-348,-501,-253,-198,-484,-126,-742,-239
0.8930480839682289,0.7713996361700919,-1.0,-1.0,-1.0,-1.0,-1.0,-1.0,-1.0,-1.0,-1.0,-1.0,0.5576400266659766,0.5189660352484087,-1.0,-1.0,-1.0,0.35650326028319756,0.6550612390848111,-1.0,-1.0,-1.0,-1.0,-1.0,-1.0,-1.0,-1.0,-1.0,-1.0,-1.0,-1.0,-1.0,-1.0,-1.0,-1.0
