bad_A,bad_B,disc1,disc2,fI,fO_A,fO_B,fP_A,fP_B,fRi,fRo,fS,good_A,good_B,no_disc,pick,put,redo_A,redo_B,sI,sO_A,sO_B,sP_A,sP_B,sQ_A,sQ_Ar,sQ_B,sQ_Br,sRi,sRo,sS,test1,test2,turn1,turn2
-20263,-23959,-443,-217,-743,-466,-711,-680,-755,-697,-358,-787,20039,37256,-769,-620,-548,-5674,-2000,-618,-294,-335,-594,-527,-358,-148,-717,-230,-671,-533,-242,-303,-13,-538,-100
0.6109979358207137,0.3952935902316711,-1.0,-1.0,-1.0,-1.0,-1.0,-1.0,-1.0,-1.0,-1.0,-1.0,0.2390976198211143,0.29592633802703794,-1.0,-1.0,-1.0,0.3910424490864153,0.7018303626964049,-1.0,-1.0,-1.0,-1.0,-1.0,-1.0,-1.0,-1.0,-1.0,-1.0,-1.0,-1.0,-1.0,-1.0,-1.0,-1.0
