bad_A,bad_B,disc1,disc2,fI,fO_A,fO_B,fP_A,fP_B,fRi,fRo,fS,good_A,good_B,no_disc,pick,put,redo_A,redo_B,sI,sO_A,sO_B,sP_A,sP_B,sQ_A,sQ_Ar,sQ_B,sQ_Br,sRi,sRo,sS,test1,test2,turn1,turn2
-24944,-37624,-57,-517,-213,-515,-529,-729,-325,-38,-245,-796,22482,25295,-166,-613,-15,-4469,-2822,-292,-671,-511,-417,-377,-548,-112,-497,-727,-784,-304,-122,-594,-304,-376,-164
0.6032348801892027,0.8900457605731128,-1.0,-1.0,-1.0,-1.0,-1.0,-1.0,-1.0,-1.0,-1.0,-1.0,0.36736899222729213,0.7651911744328294,-1.0,-1.0,-1.0,0.6426474962988784,0.8103756797216518,-1.0,-1.0,-1.0,-1.0,-1.0,-1.0,-1.0,-1.0,-1.0,-1.0,-1.0,-1.0,-1.0,-1.0,-1.0,-1.0
