bad_A,bad_B,disc1,disc2,fI,fO_A,fO_B,fP_A,fP_B,fRi,fRo,fS,good_A,good_B,no_disc,pick,put,redo_A,redo_B,sI,sO_A,sO_B,sP_A,sP_B,sQ_A,sQ_Ar,sQ_B,sQ_Br,sRi,sRo,sS,test1,test2,turn1,turn2
-27151,-37085,-721,-364,-536,-709,-167,-702,-748,-258,-532,-267,23723,25355,-206,-407,-186,-8995,-2078,-168,-482,-693,-474,-328,-591,-391,-795,-46,-624,-776,-72,-490,-477,-280,-140
0.8075098272284688,0.5863771954598697,-1.0,-1.0,-1.0,-1.0,-1.0,-1.0,-1.0,-1.0,-1.0,-1.0,0.6215184539289227,0.7651292692846346,-1.0,-1.0,-1.0,0.485055860797468,0.4795630846368184,-1.0,-1.0,-1.0,-1.0,-1.0,-1.0,-1.0,-1.0,-1.0,-1.0,-1.0,-1.0,-1.0,-1.0,-1.0,-1.0
