bad_A,bad_B,disc1,disc2,fI,fO_A,fO_B,fP_A,fP_B,fRi,fRo,fS,good_A,good_B,no_disc,pick,put,redo_A,redo_B,sI,sO_A,sO_B,sP_A,sP_B,sQ_A,sQ_Ar,sQ_B,sQ_Br,sRi,sRo,sS,test1,test2,turn1,turn2
-23534,-33853,-693,-686,-44,-738,-219,-555,-664,-201,-688,-112,33462,22121,-153,-199,-68,-4648,-6698,-234,-748,-449,-264,-586,-264,-188,-388,-791,-196,-580,-675,-204,-286,-608,-149
0.3450143324122822,0.4925192018804384,-1.0,-1.0,-1.0,-1.0,-1.0,-1.0,-1.0,-1.0,-1.0,-1.0,0.5954306593440819,0.6664312198715123,-1.0,-1.0,-1.0,0.8168866064658254,0.4300080318345162,-1.0,-1.0,-1.0,-1.0,-1.0,-1.0,-1.0,-1.0,-1.0,-1.0,-1.0,-1.0,-1.0,-1.0,-1.0,-1.0
