bad_A,bad_B,disc1,disc2,fI,fO_A,fO_B,fP_A,fP_B,fRi,fRo,fS,good_A,good_B,no_disc,pick,put,redo_A,redo_B,sI,sO_A,sO_B,sP_A,sP_B,sQ_A,sQ_Ar,sQ_B,sQ_Br,sRi,sRo,sS,test1,test2,turn1,turn2
-36409,-38430,-738,-275,-365,-298,-10,-530,-385,-518,-147,-762,25085,36158,-597,-25,-694,-4649,-6758,-724,-780,-797,-761,-347,-727,-207,-440,-371,-702,-690,-407,-633,-628,-725,-343
0.43758184077284923,0.19341600742274886,-1.0,-1.0,-1.0,-1.0,-1.0,-1.0,-1.0,-1.0,-1.0,-1.0,0.5893423971098531,0.13003615336797925,-1.0,-1.0,-1.0,0.745990048557417,0.6002050024839785,-1.0,-1.0,-1.0,-1.0,-1.0,-1.0,-1.0,-1.0,-1.0,-1.0,-1.0,-1.0,-1.0,-1.0,-1.0,-1.0
