bad_A,bad_B,disc1,disc2,fI,fO_A,fO_B,fP_A,fP_B,fRi,fRo,fS,good_A,good_B,no_disc,pick,put,redo_A,redo_B,sI,sO_A,sO_B,sP_A,sP_B,sQ_A,sQ_Ar,sQ_B,sQ_Br,sRi,sRo,sS,test1,test2,turn1,turn2
-31273,-36973,-380,-155,-127,-97,-63,-793,-545,-69,-345,-377,36271,23766,-39,-301,-518,-8635,-4309,-689,-285,-242,-505,-520,-796,-470,-224,-143,-518,-610,-558,-527,-432,-249,-448
0.2466021809855078,0.8890344736104,-1.0,-1.0,-1.0,-1.0,-1.0,-1.0,-1.0,-1.0,-1.0,-1.0,0.43951023725134497,0.2630389928086226,-1.0,-1.0,-1.0,0.6114247295148739,0.3255145412477296,-1.0,-1.0,-1.0,-1.0,-1.0,-1.0,-1.0,-1.0,-1.0,-1.0,-1.0,-1.0,-1.0,-1.0,-1.0,-1.0
