bad_A,bad_B,disc1,disc2,fI,fO_A,fO_B,fP_A,fP_B,fRi,fRo,fS,good_A,good_B,no_disc,pick,put,redo_A,redo_B,sI,sO_A,sO_B,sP_A,sP_B,sQ_A,sQ_Ar,sQ_B,sQ_Br,sRi,sRo,sS,test1,test2,turn1,turn2
-21754,-30407,-654,-90,-22,-483,-220,-128,-126,-186,-649,-393,38440,31736,-234,-119,-526,-7636,-1325,-677,-104,-637,-759,-634,-496,-342,-731,-728,-551,-310,-72,-352,-432,-460,-198
0.8585260314096109,0.20198600532250854,-1.0,-1.0,-1.0,-1.0,-1.0,-1.0,-1.0,-1.0,-1.0,-1.0,0.8810525039407092,0.2030952398132061,-1.0,-1.0,-1.0,0.3705309614164317,0.10052002551690364,-1.0,-1.0,-1.0,-1.0,-1.0,-1.0,-1.0,-1.0,-1.0,-1.0,-1.0,-1.0,-1.0,-1.0,-1.0,-1.0
