bad_A,bad_B,disc1,disc2,fI,fO_A,fO_B,fP_A,fP_B,fRi,fRo,fS,good_A,good_B,no_disc,pick,put,redo_A,redo_B,sI,sO_A,sO_B,sP_A,sP_B,sQ_A,sQ_Ar,sQ_B,sQ_Br,sRi,sRo,sS,test1,test2,turn1,turn2
-39545,-29184,-26,-692,-464,-523,-430,-21,-147,-229,-272,-159,36040,38863,-203,-428,-279,-1957,-5405,-41,-395,-660,-279,-136,-679,-368,-650,-357,-70,-469,-87,-80,-109,-468,-175
0.5745422479997985,0.5501406711510021,-1.0,-1.0,-1.0,-1.0,-1.0,-1.0,-1.0,-1.0,-1.0,-1.0,0.30553052812568626,0.4245936503436304,-1.0,-1.0,-1.0,0.7184740399650469,0.17312114761600278,-1.0,-1.0,-1.0,-1.0,-1.0,-1.0,-1.0,-1.0,-1.0,-1.0,-1.0,-1.0,-1.0,-1.0,-1.0,-1.0
