bad_A,bad_B,disc1,disc2,fI,fO_A,fO_B,fP_A,fP_B,fRi,fRo,fS,good_A,good_B,no_disc,pick,put,redo_A,redo_B,sI,sO_A,sO_B,sP_A,sP_B,sQ_A,sQ_Ar,sQ_B,sQ_Br,sRi,sRo,sS,test1,test2,turn1,turn2
-23493,-20282,-769,-295,-760,-406,-768,-274,-272,-757,-354,-193,23377,29893,-281,-483,-206,-2547,-7890,-562,-80,-227,-37,-335,-642,-599,-257,-490,-207,-661,-221,-459,-32,-295,-565
0.6395571759066874,0.488423006682434,-1.0,-1.0,-1.0,-1.0,-1.0,-1.0,-1.0,-1.0,-1.0,-1.0,0.3396200772565619,0.5041791814992629,-1.0,-1.0,-1.0,0.20665524047299952,0.38012577727787644,-1.0,-1.0,-1.0,-1.0,-1.0,-1.0,-1.0,-1.0,-1.0,-1.0,-1.0,-1.0,-1.0,-1.0,-1.0,-1.0
