bad_A,bad_B,disc1,disc2,fI,fO_A,fO_B,fP_A,fP_B,fRi,fRo,fS,good_A,good_B,no_disc,pick,put,redo_A,redo_B,sI,sO_A,sO_B,sP_A,sP_B,sQ_A,sQ_Ar,sQ_B,sQ_Br,sRi,sRo,sS,test1,test2,turn1,turn2
-33134,-35180,-37,-535,-245,-281,-112,-588,-751,-292,-539,-511,37561,26885,-244,-541,-234,-3890,-1591,-755,-61,-30,-692,-232,-490,-740,-720,-735,-638,-567,-772,-743,-394,-613,-161
0.12538534370063417,0.1838051019649939,-1.0,-1.0,-1.0,-1.0,-1.0,-1.0,-1.0,-1.0,-1.0,-1.0,0.14885318173309692,0.825970314323464,-1.0,-1.0,-1.0,0.7217837995926618,0.22053908713061576,-1.0,-1.0,-1.0,-1.0,-1.0,-1.0,-1.0,-1.0,-1.0,-1.0,-1.0,-1.0,-1.0,-1.0,-1.0,-1.0
