bad_A,bad_B,disc1,disc2,fI,fO_A,fO_B,fP_A,fP_B,fRi,fRo,fS,good_A,good_B,no_disc,pick,put,redo_A,redo_B,sI,sO_A,sO_B,sP_A,sP_B,sQ_A,sQ_Ar,sQ_B,sQ_Br,sRi,sRo,sS,test1,test2,turn1,turn2
-34860,-25338,-764,-14,-532,-369,-717,-220,-237,-17,-499,-550,22101,29027,-60,-768,-200,-6005,-6034,-277,-799,-491,-88,-683,-795,-658,-330,-181,-363,-91,-676,-677,-404,-410,-346
0.4663265800023326,0.7930837200362975,-1.0,-1.0,-1.0,-1.0,-1.0,-1.0,-1.0,-1.0,-1.0,-1.0,0.8944513075298883,0.16580111964217847,-1.0,-1.0,-1.0,0.7045000964047975,0.5434223765246705,-1.0,-1.0,-1.0,-1.0,-1.0,-1.0,-1.0,-1.0,-1.0,-1.0,-1.0,-1.0,-1.0,-1.0,-1.0,-1.0
