bad_A,bad_B,disc1,disc2,fI,fO_A,fO_B,fP_A,fP_B,fRi,fRo,fS,good_A,good_B,no_disc,pick,put,redo_A,redo_B,sI,sO_A,sO_B,sP_A,sP_B,sQ_A,sQ_Ar,sQ_B,sQ_Br,sRi,sRo,sS,test1,test2,turn1,turn2
-22236,-38995,-229,-43,-568,-349,-706,-441,-546,-51,-148,-574,32261,29508,-103,-82,-414,-8459,-5460,-111,-475,-333,-236,-541,-643,-291,-684,-650,-353,-405,-104,-548,-565,-416,-680
0.16008532678959925,0.668650661114077,-1.0,-1.0,-1.0,-1.0,-1.0,-1.0,-1.0,-1.0,-1.0,-1.0,0.3665750202793516,0.6465115582059597,-1.0,-1.0,-1.0,0.3000584970766601,0.6271317223797563,-1.0,-1.0,-1.0,-1.0,-1.0,-1.0,-1.0,-1.0,-1.0,-1.0,-1.0,-1.0,-1.0,-1.0,-1.0,-1.0
