bad_A,bad_B,disc1,disc2,fI,fO_A,fO_B,fP_A,fP_B,fRi,fRo,fS,good_A,good_B,no_disc,pick,put,redo_A,redo_B,sI,sO_A,sO_B,sP_A,sP_B,sQ_A,sQ_Ar,sQ_B,sQ_Br,sRi,sRo,sS,test1,test2,turn1,turn2
-29091,-26571,-600,-777,-747,-237,-582,-286,-423,-426,-800,-303,22860,21798,-555,-670,-417,-1502,-4612,-150,-93,-74,-348,-348,-22,-347,-758,-256,-20,-104,-751,-400,-774,-583,-695
0.1793714338003337,0.8517991698932165,-1.0,-1.0,-1.0,-1.0,-1.0,-1.0,-1.0,-1.0,-1.0,-1.0,0.6143656044206894,0.6158385248574046,-1.0,-1.0,-1.0,0.3101252364347989,0.8451140008006497,-1.0,-1.0,-1.0,-1.0,-1.0,-1.0,-1.0,-1.0,-1.0,-1.0,-1.0,-1.0,-1.0,-1.0,-1.0,-1.0
