bad_A,bad_B,fI,fO_A,fO_B,fP_A,fp_B,fRi,fRo,fS,good_A,good_B,redo_A,redo_B,sI,sO_A,sO_B,sP_A,sP_B,sQ_A,sQ_Ar,sQ_B,sQ_Br,sRi,sRo,sS
-38462,-25961,-217,-616,-38,-777,-37,-397,-192,-415,22113,38758,-2345,-4225,-300,-715,-98,-721,-508,-402,-675,-464,-424,-240,-570,-613
0.7784458811230318,0.4960174613642311,-1.0,-1.0,-1.0,-1.0,-1.0,-1.0,-1.0,-1.0,0.6193644875218849,0.8462401062731939,0.6745778749511762,0.23892207430160772,-1.0,-1.0,-1.0,-1.0,-1.0,-1.0,-1.0,-1.0,-1.0,-1.0,-1.0,-1.0
