bad_A,bad_B,fI,fO_A,fO_B,fP_A,fp_B,fRi,fRo,fS,good_A,good_B,redo_A,redo_B,sI,sO_A,sO_B,sP_A,sP_B,sQ_A,sQ_Ar,sQ_B,sQ_Br,sRi,sRo,sS
-28116,-38726,-698,-675,-227,-633,-336,-453,-796,-63,29379,38477,-6714,-7746,-198,-393,-755,-444,-123,-22,-689,-639,-180,-692,-675,-370
0.1462386223930393,0.7478160051205884,-1.0,-1.0,-1.0,-1.0,-1.0,-1.0,-1.0,-1.0,0.7228487729211529,0.7493000464689663,0.16148928795461348,0.805355715753543,-1.0,-1.0,-1.0,-1.0,-1.0,-1.0,-1.0,-1.0,-1.0,-1.0,-1.0,-1.0
