bad_A,bad_B,fI,fO_A,fO_B,fP_A,fp_B,fRi,fRo,fS,good_A,good_B,redo_A,redo_B,sI,sO_A,sO_B,sP_A,sP_B,sQ_A,sQ_Ar,sQ_B,sQ_Br,sRi,sRo,sS
-33307,-27372,-250,-765,-267,-151,-593,-325,-379,-726,36691,33550,-8253,-7036,-104,-676,-699,-121,-316,-553,-138,-418,-578,-788,-308,-501
0.6223901665620816,0.7656230820757209,-1.0,-1.0,-1.0,-1.0,-1.0,-1.0,-1.0,-1.0,0.4433149290578565,0.21423209597237047,0.2596678461893303,0.8163195833960079,-1.0,-1.0,-1.0,-1.0,-1.0,-1.0,-1.0,-1.0,-1.0,-1.0,-1.0,-1.0
