bad_A,bad_B,fI,fO_A,fO_B,fP_A,fp_B,fRi,fRo,fS,good_A,good_B,redo_A,redo_B,sI,sO_A,sO_B,sP_A,sP_B,sQ_A,sQ_Ar,sQ_B,sQ_Br,sRi,sRo,sS
-39698,-37697,-577,-597,-546,-215,-115,-380,-495,-623,33979,33661,-3032,-5130,-624,-323,-79,-213,-308,-50,-273,-170,-457,-608,-214,-733
0.6776214190314849,0.3776194504723608,-1.0,-1.0,-1.0,-1.0,-1.0,-1.0,-1.0,-1.0,0.45184115252732415,0.659114835610622,0.5546858619004625,0.40365237092369666,-1.0,-1.0,-1.0,-1.0,-1.0,-1.0,-1.0,-1.0,-1.0,-1.0,-1.0,-1.0
