bad_A,bad_B,fI,fO_A,fO_B,fP_A,fp_B,fRi,fRo,fS,good_A,good_B,redo_A,redo_B,sI,sO_A,sO_B,sP_A,sP_B,sQ_A,sQ_Ar,sQ_B,sQ_Br,sRi,sRo,sS
-29493,-37912,-582,-629,-522,-240,-88,-46,-629,-739,28866,33423,-4469,-7505,-398,-64,-401,-757,-711,-744,-209,-659,-371,-144,-512,-624
0.41627446713506755,0.6936434890832325,-1.0,-1.0,-1.0,-1.0,-1.0,-1.0,-1.0,-1.0,0.7023648360212521,0.17429041820038532,0.29963939612550955,0.42450341050917273,-1.0,-1.0,-1.0,-1.0,-1.0,-1.0,-1.0,-1.0,-1.0,-1.0,-1.0,-1.0
