bad_A,bad_B,disc1,disc2,fI,fO_A,fO_B,fP_A,fP_B,fRi,fRo,fS,good_A,good_B,no_disc,pick,put,redo_A,redo_B,sI,sO_A,sO_B,sP_A,sP_B,sQ_A,sQ_Ar,sQ_B,sQ_Br,sRi,sRo,sS,test1,test2,turn1,turn2
-31097,-22859,-585,-792,-726,-124,-626,-258,-290,-485,-759,-79,24163,26510,-92,-408,-381,-4338,-6148,-323,-376,-739,-306,-652,-234,-742,-703,-243,-23,-312,-301,-523,-555,-249,-600
0.8870233537160009,0.15956991705744042,-1.0,-1.0,-1.0,-1.0,-1.0,-1.0,-1.0,-1.0,-1.0,-1.0,0.38206982478006235,0.7508499208173112,-1.0,-1.0,-1.0,0.46699291715209934,0.841855424307458,-1.0,-1.0,-1.0,-1.0,-1.0,-1.0,-1.0,-1.0,-1.0,-1.0,-1.0,-1.0,-1.0,-1.0,-1.0,-1.0
