bad_A,bad_B,disc1,disc2,fI,fO_A,fO_B,fP_A,fP_B,fRi,fRo,fS,good_A,good_B,no_disc,pick,put,redo_A,redo_B,sI,sO_A,sO_B,sP_A,sP_B,sQ_A,sQ_Ar,sQ_B,sQ_Br,sRi,sRo,sS,test1,test2,turn1,turn2
-22840,-25693,-25,-727,-215,-320,-465,-472,-560,-713,-308,-520,37597,37016,-285,-382,-89,-3865,-5266,-166,-11,-70,-634,-648,-640,-59,-201,-450,-347,-352,-283,-259,-637,-588,-516
0.28550388539747235,0.8567691160844902,-1.0,-1.0,-1.0,-1.0,-1.0,-1.0,-1.0,-1.0,-1.0,-1.0,0.4079698558750675,0.6035152931500178,-1.0,-1.0,-1.0,0.3723696006506819,0.4611476680544444,-1.0,-1.0,-1.0,-1.0,-1.0,-1.0,-1.0,-1.0,-1.0,-1.0,-1.0,-1.0,-1.0,-1.0,-1.0,-1.0
