bad_A,bad_B,disc1,disc2,fI,fO_A,fO_B,fP_A,fP_B,fRi,fRo,fS,good_A,good_B,no_disc,pick,put,redo_A,redo_B,sI,sO_A,sO_B,sP_A,sP_B,sQ_A,sQ_Ar,sQ_B,sQ_Br,sRi,sRo,sS,test1,test2,turn1,turn2
-35937,-28397,-419,-116,-371,-72,-55,-152,-649,-488,-684,-431,32466,26082,-256,-580,-604,-6349,-3693,-115,-209,-522,-339,-367,-269,-365,-182,-598,-644,-503,-641,-304,-49,-161,-415
0.6004545587134232,0.42945524163178683,-1.0,-1.0,-1.0,-1.0,-1.0,-1.0,-1.0,-1.0,-1.0,-1.0,0.40185986094187354,0.859892218853463,-1.0,-1.0,-1.0,0.8136653088935887,0.23052032779188958,-1.0,-1.0,-1.0,-1.0,-1.0,-1.0,-1.0,-1.0,-1.0,-1.0,-1.0,-1.0,-1.0,-1.0,-1.0,-1.0
