bad_A,bad_B,disc1,disc2,fI,fO_A,fO_B,fP_A,fP_B,fRi,fRo,fS,good_A,good_B,no_disc,pick,put,redo_A,redo_B,sI,sO_A,sO_B,sP_A,sP_B,sQ_A,sQ_Ar,sQ_B,sQ_Br,sRi,sRo,sS,test1,test2,turn1,turn2
-31451,-27690,-500,-36,-513,-13,-602,-172,-65,-293,-613,-425,20438,21859,-75,-57,-540,-8815,-6316,-211,-775,-285,-607,-196,-699,-609,-727,-277,-522,-438,-244,-533,-180,-231,-212
0.7318157095793552,0.5397735655943043,-1.0,-1.0,-1.0,-1.0,-1.0,-1.0,-1.0,-1.0,-1.0,-1.0,0.7497408494974985,0.11189217042681428,-1.0,-1.0,-1.0,0.34025557962278336,0.5789557613617152,-1.0,-1.0,-1.0,-1.0,-1.0,-1.0,-1.0,-1.0,-1.0,-1.0,-1.0,-1.0,-1.0,-1.0,-1.0,-1.0
