bad_A,bad_B,disc1,disc2,fI,fO_A,fO_B,fP_A,fP_B,fRi,fRo,fS,good_A,good_B,no_disc,pick,put,redo_A,redo_B,sI,sO_A,sO_B,sP_A,sP_B,sQ_A,sQ_Ar,sQ_B,sQ_Br,sRi,sRo,sS,test1,test2,turn1,turn2
-21619,-32436,-673,-208,-332,-314,-38,-224,-492,-356,-356,-672,24522,20027,-764,-596,-80,-8414,-7015,-684,-176,-583,-381,-242,-368,-218,-309,-416,-402,-789,-352,-312,-79,-648,-778
0.6140348115990822,0.26997317357555806,-1.0,-1.0,-1.0,-1.0,-1.0,-1.0,-1.0,-1.0,-1.0,-1.0,0.3147862062803107,0.4208888397024054,-1.0,-1.0,-1.0,0.8728255147476217,0.7564222697297114,-1.0,-1.0,-1.0,-1.0,-1.0,-1.0,-1.0,-1.0,-1.0,-1.0,-1.0,-1.0,-1.0,-1.0,-1.0,-1.0
