bad_A,bad_B,disc1,disc2,fI,fO_A,fO_B,fP_A,fP_B,fRi,fRo,fS,good_A,good_B,no_disc,pick,put,redo_A,redo_B,sI,sO_A,sO_B,sP_A,sP_B,sQ_A,sQ_Ar,sQ_B,sQ_Br,sRi,sRo,sS,test1,test2,turn1,turn2
-28277,-21505,-734,-54,-741,-117,-723,-574,-476,-43,-648,-534,31566,23799,-177,-89,-754,-5119,-1367,-60,-648,-771,-200,-235,-272,-703,-240,-497,-589,-209,-635,-544,-391,-533,-400
0.15453124631390447,0.8294725173581072,-1.0,-1.0,-1.0,-1.0,-1.0,-1.0,-1.0,-1.0,-1.0,-1.0,0.5210082836397791,0.2622430756042816,-1.0,-1.0,-1.0,0.2313746274861969,0.4364829243050119,-1.0,-1.0,-1.0,-1.0,-1.0,-1.0,-1.0,-1.0,-1.0,-1.0,-1.0,-1.0,-1.0,-1.0,-1.0,-1.0
