bad_A,bad_B,disc1,disc2,fI,fO_A,fO_B,fP_A,fP_B,fRi,fRo,fS,good_A,good_B,no_disc,pick,put,redo_A,redo_B,sI,sO_A,sO_B,sP_A,sP_B,sQ_A,sQ_Ar,sQ_B,sQ_Br,sRi,sRo,sS,test1,test2,turn1,turn2
-31562,-34767,-306,-741,-451,-633,-643,-452,-280,-488,-545,-348,39406,27679,-774,-667,-311,-3106,-6462,-535,-441,-89,-731,-60,-205,-236,-458,-582,-73,-139,-649,-479,-685,-10,-231
0.5305550867474916,0.4967431950044918,-1.0,-1.0,-1.0,-1.0,-1.0,-1.0,-1.0,-1.0,-1.0,-1.0,0.7252171444379422,0.8539755423820616,-1.0,-1.0,-1.0,0.627103094960688,0.6189321106407342,-1.0,-1.0,-1.0,-1.0,-1.0,-1.0,-1.0,-1.0,-1.0,-1.0,-1.0,-1.0,-1.0,-1.0,-1.0,-1.0
