bad_A,bad_B,disc1,disc2,fI,fO_A,fO_B,fP_A,fP_B,fRi,fRo,fS,good_A,good_B,no_disc,pick,put,redo_A,redo_B,sI,sO_A,sO_B,sP_A,sP_B,sQ_A,sQ_Ar,sQ_B,sQ_Br,sRi,sRo,sS,test1,test2,turn1,turn2
-20020,-21109,-259,-704,-711,-690,-367,-170,-427,-532,-793,-346,26767,28538,-785,-685,-695,-7799,-3510,-92,-288,-582,-615,-188,-170,-201,-179,-607,-195,-16,-140,-784,-470,-213,-568
0.13650619149555637,0.21331274327971927,-1.0,-1.0,-1.0,-1.0,-1.0,-1.0,-1.0,-1.0,-1.0,-1.0,0.5553367219646571,0.12722127989014204,-1.0,-1.0,-1.0,0.7117069496067716,0.22457970000133987,-1.0,-1.0,-1.0,-1.0,-1.0,-1.0,-1.0,-1.0,-1.0,-1.0,-1.0,-1.0,-1.0,-1.0,-1.0,-1.0
