bad_A,bad_B,disc1,disc2,fI,fO_A,fO_B,fP_A,fP_B,fRi,fRo,fS,good_A,good_B,no_disc,pick,put,redo_A,redo_B,sI,sO_A,sO_B,sP_A,sP_B,sQ_A,sQ_Ar,sQ_B,sQ_Br,sRi,sRo,sS,test1,test2,turn1,turn2
-28439,-37799,-132,-798,-45,-429,-406,-671,-261,-778,-301,-74,32091,34753,-583,-311,-622,-7675,-5537,-13,-113,-693,-182,-631,-198,-155,-263,-116,-692,-436,-41,-594,-424,-40,-178
0.1732718657029177,0.16913936344718508,-1.0,-1.0,-1.0,-1.0,-1.0,-1.0,-1.0,-1.0,-1.0,-1.0,0.2389873624042604,0.449613900860396,-1.0,-1.0,-1.0,0.751885164019023,0.3016466622673842,-1.0,-1.0,-1.0,-1.0,-1.0,-1.0,-1.0,-1.0,-1.0,-1.0,-1.0,-1.0,-1.0,-1.0,-1.0,-1.0
