bad_A,bad_B,disc1,disc2,fI,fO_A,fO_B,fP_A,fP_B,fRi,fRo,fS,good_A,good_B,no_disc,pick,put,redo_A,redo_B,sI,sO_A,sO_B,sP_A,sP_B,sQ_A,sQ_Ar,sQ_B,sQ_Br,sRi,sRo,sS,test1,test2,turn1,turn2
-26198,-34633,-75,-362,-167,-699,-563,-230,-539,-205,-696,-635,30719,39075,-679,-402,-310,-1039,-1664,-19,-16,-177,-498,-157,-127,-188,-310,-330,-337,-792,-798,-603,-167,-788,-237
0.7392377305296506,0.43994329207823435,-1.0,-1.0,-1.0,-1.0,-1.0,-1.0,-1.0,-1.0,-1.0,-1.0,0.7065669862862561,0.6088639428596205,-1.0,-1.0,-1.0,0.24157916075167718,0.23976448359818125,-1.0,-1.0,-1.0,-1.0,-1.0,-1.0,-1.0,-1.0,-1.0,-1.0,-1.0,-1.0,-1.0,-1.0,-1.0,-1.0
