bad_A,bad_B,disc1,disc2,fI,fO_A,fO_B,fP_A,fP_B,fRi,fRo,fS,good_A,good_B,no_disc,pick,put,redo_A,redo_B,sI,sO_A,sO_B,sP_A,sP_B,sQ_A,sQ_Ar,sQ_B,sQ_Br,sRi,sRo,sS,test1,test2,turn1,turn2
-24210,-25589,-155,-224,-139,-348,-196,-40,-351,-749,-796,-294,32288,27068,-409,-365,-795,-3548,-2986,-271,-480,-449,-177,-404,-428,-327,-23,-204,-684,-640,-492,-629,-381,-87,-638
0.4738823286214364,0.3701794797665675,-1.0,-1.0,-1.0,-1.0,-1.0,-1.0,-1.0,-1.0,-1.0,-1.0,0.878716570991162,0.5048979013361286,-1.0,-1.0,-1.0,0.8114986241609043,0.2206236731919402,-1.0,-1.0,-1.0,-1.0,-1.0,-1.0,-1.0,-1.0,-1.0,-1.0,-1.0,-1.0,-1.0,-1.0,-1.0,-1.0
