bad_A,bad_B,disc1,disc2,fI,fO_A,fO_B,fP_A,fP_B,fRi,fRo,fS,good_A,good_B,no_disc,pick,put,redo_A,redo_B,sI,sO_A,sO_B,sP_A,sP_B,sQ_A,sQ_Ar,sQ_B,sQ_Br,sRi,sRo,sS,test1,test2,turn1,turn2
-32496,-24573,-196,-628,-266,-412,-739,-138,-61,-446,-137,-769,36344,23957,-187,-491,-757,-1907,-5844,-290,-93,-156,-476,-455,-194,-347,-632,-306,-584,-292,-182,-206,-119,-432,-12
0.2638586706945213,0.46050722650842746,-1.0,-1.0,-1.0,-1.0,-1.0,-1.0,-1.0,-1.0,-1.0,-1.0,0.8682151206839145,0.47907351873618376,-1.0,-1.0,-1.0,0.26267070400405557,0.49697719424556186,-1.0,-1.0,-1.0,-1.0,-1.0,-1.0,-1.0,-1.0,-1.0,-1.0,-1.0,-1.0,-1.0,-1.0,-1.0,-1.0
