bad_A,bad_B,disc1,disc2,fI,fO_A,fO_B,fP_A,fP_B,fRi,fRo,fS,good_A,good_B,no_disc,pick,put,redo_A,redo_B,sI,sO_A,sO_B,sP_A,sP_B,sQ_A,sQ_Ar,sQ_B,sQ_Br,sRi,sRo,sS,test1,test2,turn1,turn2
-26553,-26386,-719,-583,-21,-133,-768,-95,-464,-543,-332,-487,20109,26510,-780,-213,-345,-3441,-7003,-633,-503,-507,-157,-348,-378,-112,-386,-627,-211,-19,-445,-72,-310,-400,-132
0.6952422148599635,0.20912007076871417,-1.0,-1.0,-1.0,-1.0,-1.0,-1.0,-1.0,-1.0,-1.0,-1.0,0.22115878592239513,0.8149111952400407,-1.0,-1.0,-1.0,0.4698728195340309,0.415958793072446,-1.0,-1.0,-1.0,-1.0,-1.0,-1.0,-1.0,-1.0,-1.0,-1.0,-1.0,-1.0,-1.0,-1.0,-1.0,-1.0
