bad_A,bad_B,disc1,disc2,fI,fO_A,fO_B,fP_A,fP_B,fRi,fRo,fS,good_A,good_B,no_disc,pick,put,redo_A,redo_B,sI,sO_A,sO_B,sP_A,sP_B,sQ_A,sQ_Ar,sQ_B,sQ_Br,sRi,sRo,sS,test1,test2,turn1,turn2
-24693,-39599,-152,-99,-447,-609,-546,-742,-653,-222,-633,-495,34142,27482,-454,-94,-700,-2970,-1101,-187,-461,-669,-367,-507,-629,-598,-70,-371,-134,-687,-452,-472,-116,-473,-384
0.7592458500639374,0.5561905032761999,-1.0,-1.0,-1.0,-1.0,-1.0,-1.0,-1.0,-1.0,-1.0,-1.0,0.6226847191231125,0.772428083094944,-1.0,-1.0,-1.0,0.7951275263308556,0.2759233878286825,-1.0,-1.0,-1.0,-1.0,-1.0,-1.0,-1.0,-1.0,-1.0,-1.0,-1.0,-1.0,-1.0,-1.0,-1.0,-1.0
