bad_A,bad_B,disc1,disc2,fI,fO_A,fO_B,fP_A,fP_B,fRi,fRo,fS,good_A,good_B,no_disc,pick,put,redo_A,redo_B,sI,sO_A,sO_B,sP_A,sP_B,sQ_A,sQ_Ar,sQ_B,sQ_Br,sRi,sRo,sS,test1,test2,turn1,turn2
-35533,-39487,-356,-480,-221,-95,-524,-521,-179,-524,-485,-552,26209,24224,-161,-489,-338,-8852,-6864,-789,-736,-418,-659,-287,-644,-332,-13,-448,-605,-81,-53,-218,-414,-288,-134
0.1029605087961138,0.59949593959949,-1.0,-1.0,-1.0,-1.0,-1.0,-1.0,-1.0,-1.0,-1.0,-1.0,0.3439914260426192,0.1289377041890286,-1.0,-1.0,-1.0,0.4429271724939151,0.6040279227349721,-1.0,-1.0,-1.0,-1.0,-1.0,-1.0,-1.0,-1.0,-1.0,-1.0,-1.0,-1.0,-1.0,-1.0,-1.0,-1.0
