bad_A,bad_B,fI,fO_A,fO_B,fP_A,fp_B,fRi,fRo,fS,good_A,good_B,redo_A,redo_B,sI,sO_A,sO_B,sP_A,sP_B,sQ_A,sQ_Ar,sQ_B,sQ_Br,sRi,sRo,sS
-21770,-27271,-789,-714,-402,-94,-108,-405,-522,-601,37591,28841,-7255,-6300,-111,-261,-460,-751,-484,-85,-344,-595,-603,-414,-516,-268
0.5925466763527867,0.39527331519957043,-1.0,-1.0,-1.0,-1.0,-1.0,-1.0,-1.0,-1.0,0.22893882148557135,0.20039279192870962,0.645549629908466,0.49511145277136437,-1.0,-1.0,-1.0,-1.0,-1.0,-1.0,-1.0,-1.0,-1.0,-1.0,-1.0,-1.0
