bad_A,bad_B,fI,fO_A,fO_B,fP_A,fp_B,fRi,fRo,fS,good_A,good_B,redo_A,redo_B,sI,sO_A,sO_B,sP_A,sP_B,sQ_A,sQ_Ar,sQ_B,sQ_Br,sRi,sRo,sS
-38935,-37357,-328,-205,-425,-549,-406,-428,-155,-562,31493,37190,-8703,-2222,-422,-403,-609,-134,-425,-23,-302,-373,-136,-446,-383,-343
0.11395045872510874,0.424251224888617,-1.0,-1.0,-1.0,-1.0,-1.0,-1.0,-1.0,-1.0,0.173165781055807,0.8630306248544002,0.6852146453066064,0.25889295901988685,-1.0,-1.0,-1.0,-1.0,-1.0,-1.0,-1.0,-1.0,-1.0,-1.0,-1.0,-1.0
