bad_A,bad_B,fI,fO_A,fO_B,fP_A,fp_B,fRi,fRo,fS,good_A,good_B,redo_A,redo_B,sI,sO_A,sO_B,sP_A,sP_B,sQ_A,sQ_Ar,sQ_B,sQ_Br,sRi,sRo,sS
-30415,-23732,-11,-742,-553,-585,-444,-798,-462,-537,28569,30711,-4379,-3606,-237,-203,-285,-49,-693,-397,-633,-699,-74,-42,-578,-575
0.4511079395430777,0.7347639865924126,-1.0,-1.0,-1.0,-1.0,-1.0,-1.0,-1.0,-1.0,0.2361455883662462,0.35642804432411923,0.26916266993291615,0.7474281483730322,-1.0,-1.0,-1.0,-1.0,-1.0,-1.0,-1.0,-1.0,-1.0,-1.0,-1.0,-1.0
