bad_A,bad_B,disc1,disc2,fI,fO_A,fO_B,fP_A,fP_B,fRi,fRo,fS,good_A,good_B,no_disc,pick,put,redo_A,redo_B,sI,sO_A,sO_B,sP_A,sP_B,sQ_A,sQ_Ar,sQ_B,sQ_Br,sRi,sRo,sS,test1,test2,turn1,turn2
-28253,-27782,-215,-323,-524,-212,-439,-721,-447,-504,-730,-463,26286,30747,-135,-628,-24,-6994,-7268,-397,-23,-740,-348,-343,-291,-410,-318,-164,-258,-631,-622,-225,-739,-493,-202
0.7585380467289318,0.6923975047780402,-1.0,-1.0,-1.0,-1.0,-1.0,-1.0,-1.0,-1.0,-1.0,-1.0,0.38593250593628026,0.20786415189801108,-1.0,-1.0,-1.0,0.15622078584128385,0.6067249681090511,-1.0,-1.0,-1.0,-1.0,-1.0,-1.0,-1.0,-1.0,-1.0,-1.0,-1.0,-1.0,-1.0,-1.0,-1.0,-1.0
