bad_A,bad_B,disc1,disc2,fI,fO_A,fO_B,fP_A,fP_B,fRi,fRo,fS,good_A,good_B,no_disc,pick,put,redo_A,redo_B,sI,sO_A,sO_B,sP_A,sP_B,sQ_A,sQ_Ar,sQ_B,sQ_Br,sRi,sRo,sS,test1,test2,turn1,turn2
-33193,-20628,-93,-158,-317,-406,-753,-271,-554,-231,-228,-255,27310,32341,-641,-446,-17,-5885,-1293,-199,-115,-238,-684,-580,-298,-421,-672,-77,-134,-674,-179,-502,-398,-408,-755
0.6325314404836353,0.24733248283313902,-1.0,-1.0,-1.0,-1.0,-1.0,-1.0,-1.0,-1.0,-1.0,-1.0,0.15361416433122407,0.16306178000926314,-1.0,-1.0,-1.0,0.6014337741598529,0.43616481983999666,-1.0,-1.0,-1.0,-1.0,-1.0,-1.0,-1.0,-1.0,-1.0,-1.0,-1.0,-1.0,-1.0,-1.0,-1.0,-1.0
