bad_A,bad_B,disc1,disc2,fI,fO_A,fO_B,fP_A,fP_B,fRi,fRo,fS,good_A,good_B,no_disc,pick,put,redo_A,redo_B,sI,sO_A,sO_B,sP_A,sP_B,sQ_A,sQ_Ar,sQ_B,sQ_Br,sRi,sRo,sS,test1,test2,turn1,turn2
-29493,-37255,-207,-501,-347,-320,-624,-141,-622,-314,-178,-361,24536,38940,-410,-730,-336,-3100,-8441,-247,-532,-185,-681,-326,-647,-669,-364,-103,-291,-601,-504,-42,-685,-43,-94
0.7467853106779344,0.5281043444548857,-1.0,-1.0,-1.0,-1.0,-1.0,-1.0,-1.0,-1.0,-1.0,-1.0,0.5637468616301278,0.5276635914134158,-1.0,-1.0,-1.0,0.19508025492423295,0.8580103697010645,-1.0,-1.0,-1.0,-1.0,-1.0,-1.0,-1.0,-1.0,-1.0,-1.0,-1.0,-1.0,-1.0,-1.0,-1.0,-1.0
