bad_A,bad_B,disc1,disc2,fI,fO_A,fO_B,fP_A,fP_B,fRi,fRo,fS,good_A,good_B,no_disc,pick,put,redo_A,redo_B,sI,sO_A,sO_B,sP_A,sP_B,sQ_A,sQ_Ar,sQ_B,sQ_Br,sRi,sRo,sS,test1,test2,turn1,turn2
-35224,-31605,-775,-331,-792,-135,-279,-750,-636,-184,-282,-10,26636,34725,-612,-626,-660,-8393,-5156,-538,-204,-236,-209,-699,-347,-691,-151,-393,-72,-338,-420,-341,-785,-336,-269
0.1785893289045169,0.18621540908868228,-1.0,-1.0,-1.0,-1.0,-1.0,-1.0,-1.0,-1.0,-1.0,-1.0,0.14043310396916536,0.24307203024765756,-1.0,-1.0,-1.0,0.7565010654294998,0.6769359336270813,-1.0,-1.0,-1.0,-1.0,-1.0,-1.0,-1.0,-1.0,-1.0,-1.0,-1.0,-1.0,-1.0,-1.0,-1.0,-1.0
