bad_A,bad_B,disc1,disc2,fI,fO_A,fO_B,fP_A,fP_B,fRi,fRo,fS,good_A,good_B,no_disc,pick,put,redo_A,redo_B,sI,sO_A,sO_B,sP_A,sP_B,sQ_A,sQ_Ar,sQ_B,sQ_Br,sRi,sRo,sS,test1,test2,turn1,turn2
-25732,-23306,-320,-581,-416,-700,-95,-720,-525,-65,-321,-785,22082,34119,-242,-505,-458,-6076,-6662,-789,-33,-41,-576,-432,-471,-618,-240,-619,-722,-576,-340,-136,-741,-438,-750
0.6459040330120045,0.45299399536670326,-1.0,-1.0,-1.0,-1.0,-1.0,-1.0,-1.0,-1.0,-1.0,-1.0,0.8582562449225413,0.34016113608770604,-1.0,-1.0,-1.0,0.3086935994384912,0.6387437192621019,-1.0,-1.0,-1.0,-1.0,-1.0,-1.0,-1.0,-1.0,-1.0,-1.0,-1.0,-1.0,-1.0,-1.0,-1.0,-1.0
