bad_A,bad_B,disc1,disc2,fI,fO_A,fO_B,fP_A,fP_B,fRi,fRo,fS,good_A,good_B,no_disc,pick,put,redo_A,redo_B,sI,sO_A,sO_B,sP_A,sP_B,sQ_A,sQ_Ar,sQ_B,sQ_Br,sRi,sRo,sS,test1,test2,turn1,turn2
-24784,-29045,-724,-501,-511,-131,-741,-594,-89,-768,-160,-445,28316,23832,-119,-66,-428,-6104,-8525,-402,-683,-263,-468,-597,-166,-722,-792,-477,-490,-513,-461,-294,-349,-778,-511
0.3468090522491261,0.8798578268584846,-1.0,-1.0,-1.0,-1.0,-1.0,-1.0,-1.0,-1.0,-1.0,-1.0,0.6846108547346316,0.4655125188647351,-1.0,-1.0,-1.0,0.38316202200308846,0.2191159537115276,-1.0,-1.0,-1.0,-1.0,-1.0,-1.0,-1.0,-1.0,-1.0,-1.0,-1.0,-1.0,-1.0,-1.0,-1.0,-1.0
