bad_A,bad_B,disc1,disc2,fI,fO_A,fO_B,fP_A,fP_B,fRi,fRo,fS,good_A,good_B,no_disc,pick,put,redo_A,redo_B,sI,sO_A,sO_B,sP_A,sP_B,sQ_A,sQ_Ar,sQ_B,sQ_Br,sRi,sRo,sS,test1,test2,turn1,turn2
-26539,-36944,-25,-108,-143,-570,-407,-362,-714,-735,-650,-542,30953,26692,-373,-773,-155,-4383,-3321,-36,-545,-680,-115,-120,-661,-508,-443,-658,-208,-426,-535,-417,-418,-220,-638
0.4289446076802843,0.23579523484679116,-1.0,-1.0,-1.0,-1.0,-1.0,-1.0,-1.0,-1.0,-1.0,-1.0,0.3677882054127567,0.3722909297924606,-1.0,-1.0,-1.0,0.6390749278916859,0.17429682018857945,-1.0,-1.0,-1.0,-1.0,-1.0,-1.0,-1.0,-1.0,-1.0,-1.0,-1.0,-1.0,-1.0,-1.0,-1.0,-1.0
