bad_A,bad_B,disc1,disc2,fI,fO_A,fO_B,fP_A,fP_B,fRi,fRo,fS,good_A,good_B,no_disc,pick,put,redo_A,redo_B,sI,sO_A,sO_B,sP_A,sP_B,sQ_A,sQ_Ar,sQ_B,sQ_Br,sRi,sRo,sS,test1,test2,turn1,turn2
-35292,-35106,-437,-639,-227,-360,-648,-789,-629,-579,-150,-302,38417,34147,-788,-247,-541,-2278,-4902,-77,-502,-292,-561,-548,-372,-112,-247,-523,-551,-40,-207,-162,-667,-548,-60
0.5732168230696881,0.35655365400838446,-1.0,-1.0,-1.0,-1.0,-1.0,-1.0,-1.0,-1.0,-1.0,-1.0,0.8325514132289346,0.6020965075018616,-1.0,-1.0,-1.0,0.3221833426485441,0.6748699177129842,-1.0,-1.0,-1.0,-1.0,-1.0,-1.0,-1.0,-1.0,-1.0,-1.0,-1.0,-1.0,-1.0,-1.0,-1.0,-1.0
