bad_A,bad_B,disc1,disc2,fI,fO_A,fO_B,fP_A,fP_B,fRi,fRo,fS,good_A,good_B,no_disc,pick,put,redo_A,redo_B,sI,sO_A,sO_B,sP_A,sP_B,sQ_A,sQ_Ar,sQ_B,sQ_Br,sRi,sRo,sS,test1,test2,turn1,turn2
-21560,-38008,-142,-391,-40,-625,-386,-373,-797,-229,-544,-445,34943,36232,-116,-764,-324,-6896,-7690,-520,-111,-341,-148,-717,-303,-708,-717,-257,-517,-245,-361,-755,-774,-151,-84
0.14737214761404394,0.8939448893513723,-1.0,-1.0,-1.0,-1.0,-1.0,-1.0,-1.0,-1.0,-1.0,-1.0,0.25367942562336254,0.569284209888936,-1.0,-1.0,-1.0,0.7140165959347716,0.7194488232351439,-1.0,-1.0,-1.0,-1.0,-1.0,-1.0,-1.0,-1.0,-1.0,-1.0,-1.0,-1.0,-1.0,-1.0,-1.0,-1.0
