bad_A,bad_B,fI,fO_A,fO_B,fP_A,fp_B,fRi,fRo,fS,good_A,good_B,redo_A,redo_B,sI,sO_A,sO_B,sP_A,sP_B,sQ_A,sQ_Ar,sQ_B,sQ_Br,sRi,sRo,sS
-20729,-34866,-96,-577,-761,-461,-547,-410,-85,-156,33057,26685,-2073,-4123,-494,-175,-522,-376,-315,-215,-300,-250,-217,-623,-310,-691
0.5694716203623842,0.3698993697463665,-1.0,-1.0,-1.0,-1.0,-1.0,-1.0,-1.0,-1.0,0.2553466243464291,0.10964088525136191,0.10337407542423237,0.3098902235827754,-1.0,-1.0,-1.0,-1.0,-1.0,-1.0,-1.0,-1.0,-1.0,-1.0,-1.0,-1.0
