bad_A,bad_B,fI,fO_A,fO_B,fP_A,fp_B,fRi,fRo,fS,good_A,good_B,redo_A,redo_B,sI,sO_A,sO_B,sP_A,sP_B,sQ_A,sQ_Ar,sQ_B,sQ_Br,sRi,sRo,sS
-34188,-23336,-389,-224,-426,-215,-437,-432,-164,-677,22055,22012,-8328,-1454,-665,-335,-349,-295,-107,-625,-427,-132,-230,-542,-253,-756
0.20118845252615644,0.6257102153146921,-1.0,-1.0,-1.0,-1.0,-1.0,-1.0,-1.0,-1.0,0.8903530953635065,0.24635242174670502,0.3629796245908715,0.27363066736695496,-1.0,-1.0,-1.0,-1.0,-1.0,-1.0,-1.0,-1.0,-1.0,-1.0,-1.0,-1.0
