bad_A,bad_B,fI,fO_A,fO_B,fP_A,fp_B,fRi,fRo,fS,good_A,good_B,redo_A,redo_B,sI,sO_A,sO_B,sP_A,sP_B,sQ_A,sQ_Ar,sQ_B,sQ_Br,sRi,sRo,sS
-29819,-27637,-260,-169,-153,-135,-629,-397,-658,-756,22277,22570,-1382,-8937,-234,-177,-559,-381,-586,-122,-544,-26,-276,-141,-679,-286
0.6842453948435566,0.7382325656324918,-1.0,-1.0,-1.0,-1.0,-1.0,-1.0,-1.0,-1.0,0.10053447742441311,0.10651251940352885,0.1507632141421681,0.5602036388856114,-1.0,-1.0,-1.0,-1.0,-1.0,-1.0,-1.0,-1.0,-1.0,-1.0,-1.0,-1.0
