bad_A,bad_B,fI,fO_A,fO_B,fP_A,fp_B,fRi,fRo,fS,good_A,good_B,redo_A,redo_B,sI,sO_A,sO_B,sP_A,sP_B,sQ_A,sQ_Ar,sQ_B,sQ_Br,sRi,sRo,sS
-39457,-32242,-511,-211,-476,-658,-553,-177,-342,-363,38278,39102,-5728,-7913,-119,-467,-379,-568,-706,-329,-42,-426,-179,-204,-561,-280
0.7795084734582035,0.5161745099569414,-1.0,-1.0,-1.0,-1.0,-1.0,-1.0,-1.0,-1.0,0.20532380413504098,0.20377719407930625,0.5017181761078134,0.8314429778349733,-1.0,-1.0,-1.0,-1.0,-1.0,-1.0,-1.0,-1.0,-1.0,-1.0,-1.0,-1.0
