bad_A,bad_B,fI,fO_A,fO_B,fP_A,fp_B,fRi,fRo,fS,good_A,good_B,redo_A,redo_B,sI,sO_A,sO_B,sP_A,sP_B,sQ_A,sQ_Ar,sQ_B,sQ_Br,sRi,sRo,sS
-34546,-30120,-684,-650,-467,-429,-566,-263,-520,-167,36863,22577,-5338,-4861,-291,-340,-729,-635,-741,-21,-681,-587,-258,-311,-676,-765
0.5814634932504238,0.8925145585842783,-1.0,-1.0,-1.0,-1.0,-1.0,-1.0,-1.0,-1.0,0.36222461288596397,0.7769849386385158,0.6942222889371238,0.1315690062719572,-1.0,-1.0,-1.0,-1.0,-1.0,-1.0,-1.0,-1.0,-1.0,-1.0,-1.0,-1.0
