bad_A,bad_B,disc1,disc2,fI,fO_A,fO_B,fP_A,fP_B,fRi,fRo,fS,good_A,good_B,no_disc,pick,put,redo_A,redo_B,sI,sO_A,sO_B,sP_A,sP_B,sQ_A,sQ_Ar,sQ_B,sQ_Br,sRi,sRo,sS,test1,test2,turn1,turn2
-26012,-34451,-280,-677,-89,-152,-358,-245,-577,-305,-292,-165,28136,36881,-150,-15,-152,-8367,-8427,-782,-574,-207,-740,-536,-86,-377,-565,-177,-148,-325,-407,-85,-158,-552,-323
0.3838113359381905,0.3645827944892652,-1.0,-1.0,-1.0,-1.0,-1.0,-1.0,-1.0,-1.0,-1.0,-1.0,0.8468523092277341,0.6363796380233373,-1.0,-1.0,-1.0,0.12688052810605868,0.716162763767538,-1.0,-1.0,-1.0,-1.0,-1.0,-1.0,-1.0,-1.0,-1.0,-1.0,-1.0,-1.0,-1.0,-1.0,-1.0,-1.0
