bad_A,bad_B,disc1,disc2,fI,fO_A,fO_B,fP_A,fP_B,fRi,fRo,fS,good_A,good_B,no_disc,pick,put,redo_A,redo_B,sI,sO_A,sO_B,sP_A,sP_B,sQ_A,sQ_Ar,sQ_B,sQ_Br,sRi,sRo,sS,test1,test2,turn1,turn2
-33681,-30679,-180,-581,-129,-729,-186,-94,-405,-730,-364,-149,25020,27663,-680,-390,-500,-5181,-5291,-350,-800,-123,-742,-741,-42,-800,-480,-389,-229,-751,-504,-674,-456,-434,-765
0.3078328368477282,0.13524973192548756,-1.0,-1.0,-1.0,-1.0,-1.0,-1.0,-1.0,-1.0,-1.0,-1.0,0.8519395466796327,0.4517147560540473,-1.0,-1.0,-1.0,0.4765757271121981,0.2575703840266182,-1.0,-1.0,-1.0,-1.0,-1.0,-1.0,-1.0,-1.0,-1.0,-1.0,-1.0,-1.0,-1.0,-1.0,-1.0,-1.0
