bad_A,bad_B,disc1,disc2,fI,fO_A,fO_B,fP_A,fP_B,fRi,fRo,fS,good_A,good_B,no_disc,pick,put,redo_A,redo_B,sI,sO_A,sO_B,sP_A,sP_B,sQ_A,sQ_Ar,sQ_B,sQ_Br,sRi,sRo,sS,test1,test2,turn1,turn2
-34024,-31133,-140,-441,-584,-416,-552,-274,-203,-88,-628,-220,21168,24152,-257,-275,-333,-3225,-3421,-109,-184,-728,-584,-25,-238,-697,-320,-501,-525,-713,-123,-524,-184,-525,-123
0.6589584579275999,0.4218371140042978,-1.0,-1.0,-1.0,-1.0,-1.0,-1.0,-1.0,-1.0,-1.0,-1.0,0.5683571144581229,0.6308781873183746,-1.0,-1.0,-1.0,0.10698694239408812,0.1737244573174097,-1.0,-1.0,-1.0,-1.0,-1.0,-1.0,-1.0,-1.0,-1.0,-1.0,-1.0,-1.0,-1.0,-1.0,-1.0,-1.0
