bad_A,bad_B,disc1,disc2,fI,fO_A,fO_B,fP_A,fP_B,fRi,fRo,fS,good_A,good_B,no_disc,pick,put,redo_A,redo_B,sI,sO_A,sO_B,sP_A,sP_B,sQ_A,sQ_Ar,sQ_B,sQ_Br,sRi,sRo,sS,test1,test2,turn1,turn2
-29232,-24844,-75,-617,-368,-633,-273,-116,-75,-745,-203,-606,32449,26018,-190,-280,-120,-5510,-4752,-292,-679,-131,-772,-550,-335,-371,-149,-194,-638,-512,-316,-253,-765,-439,-251
0.3942501127612462,0.44124482338963966,-1.0,-1.0,-1.0,-1.0,-1.0,-1.0,-1.0,-1.0,-1.0,-1.0,0.49031482001952553,0.45468162638271026,-1.0,-1.0,-1.0,0.13636939735781725,0.668973506645738,-1.0,-1.0,-1.0,-1.0,-1.0,-1.0,-1.0,-1.0,-1.0,-1.0,-1.0,-1.0,-1.0,-1.0,-1.0,-1.0
