bad_A,bad_B,disc1,disc2,fI,fO_A,fO_B,fP_A,fP_B,fRi,fRo,fS,good_A,good_B,no_disc,pick,put,redo_A,redo_B,sI,sO_A,sO_B,sP_A,sP_B,sQ_A,sQ_Ar,sQ_B,sQ_Br,sRi,sRo,sS,test1,test2,turn1,turn2
-39797,-26585,-558,-42,-542,-671,-642,-343,-357,-466,-172,-12,25105,28993,-765,-685,-182,-2030,-4880,-769,-487,-279,-208,-793,-594,-557,-572,-524,-61,-642,-388,-219,-331,-750,-572
0.7483875700527797,0.1003388768677203,-1.0,-1.0,-1.0,-1.0,-1.0,-1.0,-1.0,-1.0,-1.0,-1.0,0.8966380424360979,0.48689251576499093,-1.0,-1.0,-1.0,0.7437234592462153,0.4564198872794355,-1.0,-1.0,-1.0,-1.0,-1.0,-1.0,-1.0,-1.0,-1.0,-1.0,-1.0,-1.0,-1.0,-1.0,-1.0,-1.0
