bad_A,bad_B,disc1,disc2,fI,fO_A,fO_B,fP_A,fP_B,fRi,fRo,fS,good_A,good_B,no_disc,pick,put,redo_A,redo_B,sI,sO_A,sO_B,sP_A,sP_B,sQ_A,sQ_Ar,sQ_B,sQ_Br,sRi,sRo,sS,test1,test2,turn1,turn2
-23015,-30884,-196,-320,-798,-482,-362,-632,-772,-794,-749,-653,20930,22796,-539,-741,-103,-2393,-6289,-474,-412,-343,-601,-145,-773,-281,-670,-767,-304,-669,-300,-52,-369,-150,-409
0.14755888993203436,0.6908100106296228,-1.0,-1.0,-1.0,-1.0,-1.0,-1.0,-1.0,-1.0,-1.0,-1.0,0.713576584434446,0.500445785095209,-1.0,-1.0,-1.0,0.7812155841841512,0.275921775439692,-1.0,-1.0,-1.0,-1.0,-1.0,-1.0,-1.0,-1.0,-1.0,-1.0,-1.0,-1.0,-1.0,-1.0,-1.0,-1.0
