bad_A,bad_B,disc1,disc2,fI,fO_A,fO_B,fP_A,fP_B,fRi,fRo,fS,good_A,good_B,no_disc,pick,put,redo_A,redo_B,sI,sO_A,sO_B,sP_A,sP_B,sQ_A,sQ_Ar,sQ_B,sQ_Br,sRi,sRo,sS,test1,test2,turn1,turn2
-39051,-38831,-646,-341,-383,-443,-65,-281,-449,-112,-99,-18,31752,21625,-445,-248,-224,-1578,-7109,-230,-484,-663,-670,-306,-225,-275,-201,-105,-546,-674,-391,-344,-355,-34,-791
0.8530919521712791,0.7770288655015475,-1.0,-1.0,-1.0,-1.0,-1.0,-1.0,-1.0,-1.0,-1.0,-1.0,0.17198011719129286,0.5551061325621843,-1.0,-1.0,-1.0,0.4553098012394069,0.2590626673540525,-1.0,-1.0,-1.0,-1.0,-1.0,-1.0,-1.0,-1.0,-1.0,-1.0,-1.0,-1.0,-1.0,-1.0,-1.0,-1.0
