bad_A,bad_B,fI,fO_A,fO_B,fP_A,fp_B,fRi,fRo,fS,good_A,good_B,redo_A,redo_B,sI,sO_A,sO_B,sP_A,sP_B,sQ_A,sQ_Ar,sQ_B,sQ_Br,sRi,sRo,sS
-26801,-33485,-268,-788,-142,-675,-573,-598,-727,-233,20957,39677,-1499,-7328,-262,-659,-138,-613,-281,-654,-789,-333,-687,-463,-682,-693
0.1723735008219635,0.8810401862204483,-1.0,-1.0,-1.0,-1.0,-1.0,-1.0,-1.0,-1.0,0.6671495544118486,0.7186242239377767,0.16167088151225412,0.6813361991899513,-1.0,-1.0,-1.0,-1.0,-1.0,-1.0,-1.0,-1.0,-1.0,-1.0,-1.0,-1.0
