bad_A,bad_B,fI,fO_A,fO_B,fP_A,fp_B,fRi,fRo,fS,good_A,good_B,redo_A,redo_B,sI,sO_A,sO_B,sP_A,sP_B,sQ_A,sQ_Ar,sQ_B,sQ_Br,sRi,sRo,sS
-20013,-22463,-477,-557,-158,-285,-717,-311,-478,-60,23935,27141,-8849,-5417,-603,-150,-181,-134,-591,-252,-79,-138,-74,-592,-588,-776
0.204241228815446,0.7270287806392975,-1.0,-1.0,-1.0,-1.0,-1.0,-1.0,-1.0,-1.0,0.7643825528486774,0.7272896460905471,0.49741151740545364,0.614864271179772,-1.0,-1.0,-1.0,-1.0,-1.0,-1.0,-1.0,-1.0,-1.0,-1.0,-1.0,-1.0
