bad_A,bad_B,disc1,disc2,fI,fO_A,fO_B,fP_A,fP_B,fRi,fRo,fS,good_A,good_B,no_disc,pick,put,redo_A,redo_B,sI,sO_A,sO_B,sP_A,sP_B,sQ_A,sQ_Ar,sQ_B,sQ_Br,sRi,sRo,sS,test1,test2,turn1,turn2
-20982,-33245,-681,-170,-395,-756,-736,-75,-463,-751,-251,-85,39518,36278,-52,-482,-279,-2490,-4397,-472,-263,-280,-595,-283,-67,-762,-757,-644,-491,-497,-773,-597,-92,-262,-155
0.7535154722139311,0.38299718324296805,-1.0,-1.0,-1.0,-1.0,-1.0,-1.0,-1.0,-1.0,-1.0,-1.0,0.329321812946603,0.29934913524229934,-1.0,-1.0,-1.0,0.3363374401964786,0.8848478389366686,-1.0,-1.0,-1.0,-1.0,-1.0,-1.0,-1.0,-1.0,-1.0,-1.0,-1.0,-1.0,-1.0,-1.0,-1.0,-1.0
