bad_A,bad_B,disc1,disc2,fI,fO_A,fO_B,fP_A,fP_B,fRi,fRo,fS,good_A,good_B,no_disc,pick,put,redo_A,redo_B,sI,sO_A,sO_B,sP_A,sP_B,sQ_A,sQ_Ar,sQ_B,sQ_Br,sRi,sRo,sS,test1,test2,turn1,turn2
-26619,-28945,-435,-354,-582,-498,-678,-141,-32,-300,-560,-541,33864,26938,-123,-286,-360,-8698,-7917,-372,-331,-570,-406,-329,-649,-661,-417,-690,-86,-280,-382,-265,-743,-391,-400
0.8843084957714868,0.11147723163440491,-1.0,-1.0,-1.0,-1.0,-1.0,-1.0,-1.0,-1.0,-1.0,-1.0,0.22736220522502146,0.49287052705744383,-1.0,-1.0,-1.0,0.8495044980729196,0.37654050389404226,-1.0,-1.0,-1.0,-1.0,-1.0,-1.0,-1.0,-1.0,-1.0,-1.0,-1.0,-1.0,-1.0,-1.0,-1.0,-1.0
