bad_A,bad_B,disc1,disc2,fI,fO_A,fO_B,fP_A,fP_B,fRi,fRo,fS,good_A,good_B,no_disc,pick,put,redo_A,redo_B,sI,sO_A,sO_B,sP_A,sP_B,sQ_A,sQ_Ar,sQ_B,sQ_Br,sRi,sRo,sS,test1,test2,turn1,turn2
-34771,-21240,-696,-134,-713,-618,-490,-667,-274,-642,-228,-767,24015,21972,-769,-15,-564,-7509,-7926,-452,-222,-213,-513,-726,-509,-393,-649,-485,-386,-184,-241,-235,-425,-100,-272
0.8704870908884589,0.7626813688653563,-1.0,-1.0,-1.0,-1.0,-1.0,-1.0,-1.0,-1.0,-1.0,-1.0,0.4100908479908374,0.18703800758262956,-1.0,-1.0,-1.0,0.4029339143494317,0.6117054726193678,-1.0,-1.0,-1.0,-1.0,-1.0,-1.0,-1.0,-1.0,-1.0,-1.0,-1.0,-1.0,-1.0,-1.0,-1.0,-1.0
