bad_A,bad_B,disc1,disc2,fI,fO_A,fO_B,fP_A,fP_B,fRi,fRo,fS,good_A,good_B,no_disc,pick,put,redo_A,redo_B,sI,sO_A,sO_B,sP_A,sP_B,sQ_A,sQ_Ar,sQ_B,sQ_Br,sRi,sRo,sS,test1,test2,turn1,turn2
-32846,-30361,-31,-234,-473,-130,-652,-537,-573,-275,-116,-205,25051,34648,-129,-525,-658,-7643,-4974,-493,-279,-706,-627,-787,-675,-154,-454,-574,-699,-564,-356,-566,-553,-212,-783
0.15832215610027003,0.41163851371888227,-1.0,-1.0,-1.0,-1.0,-1.0,-1.0,-1.0,-1.0,-1.0,-1.0,0.7341429041481903,0.6795733676549415,-1.0,-1.0,-1.0,0.39949982163116526,0.7648585424620401,-1.0,-1.0,-1.0,-1.0,-1.0,-1.0,-1.0,-1.0,-1.0,-1.0,-1.0,-1.0,-1.0,-1.0,-1.0,-1.0
