bad_A,bad_B,disc1,disc2,fI,fO_A,fO_B,fP_A,fP_B,fRi,fRo,fS,good_A,good_B,no_disc,pick,put,redo_A,redo_B,sI,sO_A,sO_B,sP_A,sP_B,sQ_A,sQ_Ar,sQ_B,sQ_Br,sRi,sRo,sS,test1,test2,turn1,turn2
-34359,-37989,-542,-39,-106,-228,-463,-92,-664,-701,-544,-553,35409,21592,-566,-75,-380,-7310,-2982,-663,-198,-730,-326,-40,-554,-655,-753,-693,-509,-559,-612,-76,-63,-56,-196
0.7915848543169238,0.88453536889094,-1.0,-1.0,-1.0,-1.0,-1.0,-1.0,-1.0,-1.0,-1.0,-1.0,0.7683700490484666,0.785165856769252,-1.0,-1.0,-1.0,0.5309283904673062,0.15924436758513752,-1.0,-1.0,-1.0,-1.0,-1.0,-1.0,-1.0,-1.0,-1.0,-1.0,-1.0,-1.0,-1.0,-1.0,-1.0,-1.0
