bad_A,bad_B,disc1,disc2,fI,fO_A,fO_B,fP_A,fP_B,fRi,fRo,fS,good_A,good_B,no_disc,pick,put,redo_A,redo_B,sI,sO_A,sO_B,sP_A,sP_B,sQ_A,sQ_Ar,sQ_B,sQ_Br,sRi,sRo,sS,test1,test2,turn1,turn2
-20805,-35634,-539,-343,-139,-746,-173,-37,-157,-343,-265,-515,23142,29179,-463,-270,-398,-6788,-1316,-571,-411,-58,-212,-594,-691,-704,-508,-114,-381,-569,-361,-561,-669,-238,-187
0.428647660803811,0.40808915549982305,-1.0,-1.0,-1.0,-1.0,-1.0,-1.0,-1.0,-1.0,-1.0,-1.0,0.6013712032646825,0.5515946631369882,-1.0,-1.0,-1.0,0.29094137215892985,0.5574953651303439,-1.0,-1.0,-1.0,-1.0,-1.0,-1.0,-1.0,-1.0,-1.0,-1.0,-1.0,-1.0,-1.0,-1.0,-1.0,-1.0
