bad_A,bad_B,disc1,disc2,fI,fO_A,fO_B,fP_A,fP_B,fRi,fRo,fS,good_A,good_B,no_disc,pick,put,redo_A,redo_B,sI,sO_A,sO_B,sP_A,sP_B,sQ_A,sQ_Ar,sQ_B,sQ_Br,sRi,sRo,sS,test1,test2,turn1,turn2
-21671,-21094,-126,-472,-231,-126,-330,-446,-385,-281,-254,-275,21656,29075,-312,-562,-157,-4914,-6062,-714,-151,-60,-549,-184,-364,-441,-155,-708,-209,-747,-466,-577,-751,-416,-191
0.645341129633207,0.25007850868966647,-1.0,-1.0,-1.0,-1.0,-1.0,-1.0,-1.0,-1.0,-1.0,-1.0,0.8675240558562501,0.47657385307346434,-1.0,-1.0,-1.0,0.3423589959565706,0.7759042177304701,-1.0,-1.0,-1.0,-1.0,-1.0,-1.0,-1.0,-1.0,-1.0,-1.0,-1.0,-1.0,-1.0,-1.0,-1.0,-1.0
