bad_A,bad_B,disc1,disc2,fI,fO_A,fO_B,fP_A,fP_B,fRi,fRo,fS,good_A,good_B,no_disc,pick,put,redo_A,redo_B,sI,sO_A,sO_B,sP_A,sP_B,sQ_A,sQ_Ar,sQ_B,sQ_Br,sRi,sRo,sS,test1,test2,turn1,turn2
-37797,-36854,-209,-395,-612,-600,-263,-248,-595,-196,-767,-594,35048,38908,-682,-489,-757,-4062,-6096,-81,-299,-563,-260,-414,-88,-88,-30,-681,-727,-303,-466,-571,-255,-735,-771
0.6165137060278786,0.7507373035317173,-1.0,-1.0,-1.0,-1.0,-1.0,-1.0,-1.0,-1.0,-1.0,-1.0,0.418317908980381,0.6484801952617605,-1.0,-1.0,-1.0,0.33206806972239883,0.23045424614663423,-1.0,-1.0,-1.0,-1.0,-1.0,-1.0,-1.0,-1.0,-1.0,-1.0,-1.0,-1.0,-1.0,-1.0,-1.0,-1.0
