bad_A,bad_B,disc1,disc2,fI,fO_A,fO_B,fP_A,fP_B,fRi,fRo,fS,good_A,good_B,no_disc,pick,put,redo_A,redo_B,sI,sO_A,sO_B,sP_A,sP_B,sQ_A,sQ_Ar,sQ_B,sQ_Br,sRi,sRo,sS,test1,test2,turn1,turn2
-25695,-24691,-117,-261,-626,-419,-427,-445,-312,-122,-761,-613,23032,30348,-527,-265,-665,-5783,-4602,-502,-230,-671,-764,-10,-272,-535,-452,-488,-444,-117,-21,-126,-466,-25,-510
0.7392861012435992,0.16897527377809035,-1.0,-1.0,-1.0,-1.0,-1.0,-1.0,-1.0,-1.0,-1.0,-1.0,0.23713717116482985,0.823546316864993,-1.0,-1.0,-1.0,0.5122375433052856,0.5376070417203757,-1.0,-1.0,-1.0,-1.0,-1.0,-1.0,-1.0,-1.0,-1.0,-1.0,-1.0,-1.0,-1.0,-1.0,-1.0,-1.0
