bad_A,bad_B,disc1,disc2,fI,fO_A,fO_B,fP_A,fP_B,fRi,fRo,fS,good_A,good_B,no_disc,pick,put,redo_A,redo_B,sI,sO_A,sO_B,sP_A,sP_B,sQ_A,sQ_Ar,sQ_B,sQ_Br,sRi,sRo,sS,test1,test2,turn1,turn2
-25917,-30257,-470,-299,-406,-319,-495,-100,-278,-261,-740,-630,21168,30026,-51,-476,-241,-1241,-6869,-651,-488,-674,-538,-615,-17,-722,-598,-639,-371,-450,-786,-86,-202,-715,-697
0.15545327819801794,0.15248894419320483,-1.0,-1.0,-1.0,-1.0,-1.0,-1.0,-1.0,-1.0,-1.0,-1.0,0.21033416426713158,0.3479249686607564,-1.0,-1.0,-1.0,0.4563160889061415,0.6644937347703629,-1.0,-1.0,-1.0,-1.0,-1.0,-1.0,-1.0,-1.0,-1.0,-1.0,-1.0,-1.0,-1.0,-1.0,-1.0,-1.0
