bad_A,bad_B,disc1,disc2,fI,fO_A,fO_B,fP_A,fP_B,fRi,fRo,fS,good_A,good_B,no_disc,pick,put,redo_A,redo_B,sI,sO_A,sO_B,sP_A,sP_B,sQ_A,sQ_Ar,sQ_B,sQ_Br,sRi,sRo,sS,test1,test2,turn1,turn2
-21193,-23333,-536,-769,-488,-637,-691,-574,-434,-783,-763,-594,33467,20005,-576,-754,-305,-2368,-6433,-781,-597,-386,-284,-419,-600,-47,-738,-20,-313,-148,-627,-763,-222,-90,-582
0.6485346198080527,0.4269676020875893,-1.0,-1.0,-1.0,-1.0,-1.0,-1.0,-1.0,-1.0,-1.0,-1.0,0.8938024021897112,0.8909347574020845,-1.0,-1.0,-1.0,0.5722850139927836,0.5805039378727519,-1.0,-1.0,-1.0,-1.0,-1.0,-1.0,-1.0,-1.0,-1.0,-1.0,-1.0,-1.0,-1.0,-1.0,-1.0,-1.0
