bad_A,bad_B,disc1,disc2,fI,fO_A,fO_B,fP_A,fP_B,fRi,fRo,fS,good_A,good_B,no_disc,pick,put,redo_A,redo_B,sI,sO_A,sO_B,sP_A,sP_B,sQ_A,sQ_Ar,sQ_B,sQ_Br,sRi,sRo,sS,test1,test2,turn1,turn2
-29940,-23859,-219,-620,-644,-570,-663,-718,-701,-163,-587,-52,20183,24156,-236,-393,-368,-6216,-3420,-456,-685,-143,-408,-489,-256,-583,-112,-24,-444,-626,-663,-682,-410,-663,-17
0.36705923414335684,0.655468327774383,-1.0,-1.0,-1.0,-1.0,-1.0,-1.0,-1.0,-1.0,-1.0,-1.0,0.23887883211384892,0.7084299039525832,-1.0,-1.0,-1.0,0.3235422305070495,0.19723797192120085,-1.0,-1.0,-1.0,-1.0,-1.0,-1.0,-1.0,-1.0,-1.0,-1.0,-1.0,-1.0,-1.0,-1.0,-1.0,-1.0
