bad_A,bad_B,disc1,disc2,fI,fO_A,fO_B,fP_A,fP_B,fRi,fRo,fS,good_A,good_B,no_disc,pick,put,redo_A,redo_B,sI,sO_A,sO_B,sP_A,sP_B,sQ_A,sQ_Ar,sQ_B,sQ_Br,sRi,sRo,sS,test1,test2,turn1,turn2
-35602,-27641,-751,-144,-665,-394,-218,-521,-65,-502,-486,-669,30905,28700,-85,-573,-146,-5497,-5656,-358,-61,-482,-341,-34,-170,-799,-92,-136,-273,-709,-187,-23,-709,-591,-237
0.1156310952085077,0.11443619197277598,-1.0,-1.0,-1.0,-1.0,-1.0,-1.0,-1.0,-1.0,-1.0,-1.0,0.31427149744709104,0.7842843639889818,-1.0,-1.0,-1.0,0.1788947534375944,0.7575934697821104,-1.0,-1.0,-1.0,-1.0,-1.0,-1.0,-1.0,-1.0,-1.0,-1.0,-1.0,-1.0,-1.0,-1.0,-1.0,-1.0
