bad_A,bad_B,disc1,disc2,fI,fO_A,fO_B,fP_A,fP_B,fRi,fRo,fS,good_A,good_B,no_disc,pick,put,redo_A,redo_B,sI,sO_A,sO_B,sP_A,sP_B,sQ_A,sQ_Ar,sQ_B,sQ_Br,sRi,sRo,sS,test1,test2,turn1,turn2
-28658,-33447,-746,-756,-518,-127,-361,-71,-510,-617,-680,-729,29829,35786,-141,-797,-380,-8508,-4975,-584,-84,-463,-649,-477,-124,-32,-681,-305,-550,-701,-568,-339,-335,-558,-762
0.5483619741530699,0.3074414369100274,-1.0,-1.0,-1.0,-1.0,-1.0,-1.0,-1.0,-1.0,-1.0,-1.0,0.17299797685730622,0.7122870468052183,-1.0,-1.0,-1.0,0.6329289936713433,0.6450994215226553,-1.0,-1.0,-1.0,-1.0,-1.0,-1.0,-1.0,-1.0,-1.0,-1.0,-1.0,-1.0,-1.0,-1.0,-1.0,-1.0
