bad_A,bad_B,disc1,disc2,fI,fO_A,fO_B,fP_A,fP_B,fRi,fRo,fS,good_A,good_B,no_disc,pick,put,redo_A,redo_B,sI,sO_A,sO_B,sP_A,sP_B,sQ_A,sQ_Ar,sQ_B,sQ_Br,sRi,sRo,sS,test1,test2,turn1,turn2
-21241,-20319,-759,-633,-750,-422,-593,-692,-457,-34,-457,-179,37713,32526,-485,-679,-789,-6445,-5316,-693,-416,-432,-43,-288,-293,-226,-422,-592,-308,-732,-606,-608,-585,-362,-644
0.8970687638602896,0.46999198457042113,-1.0,-1.0,-1.0,-1.0,-1.0,-1.0,-1.0,-1.0,-1.0,-1.0,0.36902595524728177,0.6107486136570826,-1.0,-1.0,-1.0,0.7133334821553943,0.6594057028618167,-1.0,-1.0,-1.0,-1.0,-1.0,-1.0,-1.0,-1.0,-1.0,-1.0,-1.0,-1.0,-1.0,-1.0,-1.0,-1.0
