bad_A,bad_B,disc1,disc2,fI,fO_A,fO_B,fP_A,fP_B,fRi,fRo,fS,good_A,good_B,no_disc,pick,put,redo_A,redo_B,sI,sO_A,sO_B,sP_A,sP_B,sQ_A,sQ_Ar,sQ_B,sQ_Br,sRi,sRo,sS,test1,test2,turn1,turn2
-39697,-36132,-383,-641,-451,-506,-59,-253,-753,-358,-103,-418,23622,39925,-19,-337,-213,-4020,-7581,-507,-459,-37,-228,-489,-749,-646,-562,-283,-56,-379,-654,-399,-302,-577,-161
0.811783950651431,0.10399840102166209,-1.0,-1.0,-1.0,-1.0,-1.0,-1.0,-1.0,-1.0,-1.0,-1.0,0.8771956226263864,0.6338932719489766,-1.0,-1.0,-1.0,0.3760294547408284,0.6443286989400405,-1.0,-1.0,-1.0,-1.0,-1.0,-1.0,-1.0,-1.0,-1.0,-1.0,-1.0,-1.0,-1.0,-1.0,-1.0,-1.0
