bad_A,bad_B,disc1,disc2,fI,fO_A,fO_B,fP_A,fP_B,fRi,fRo,fS,good_A,good_B,no_disc,pick,put,redo_A,redo_B,sI,sO_A,sO_B,sP_A,sP_B,sQ_A,sQ_Ar,sQ_B,sQ_Br,sRi,sRo,sS,test1,test2,turn1,turn2
-24516,-23522,-363,-137,-139,-219,-72,-647,-28,-320,-325,-621,30891,33119,-191,-624,-389,-8669,-2272,-150,-250,-235,-262,-531,-256,-676,-645,-464,-351,-116,-24,-42,-328,-687,-320
0.638754268251553,0.22959390072417607,-1.0,-1.0,-1.0,-1.0,-1.0,-1.0,-1.0,-1.0,-1.0,-1.0,0.6159444224370949,0.7759456312871709,-1.0,-1.0,-1.0,0.8695975127882563,0.45668731524589246,-1.0,-1.0,-1.0,-1.0,-1.0,-1.0,-1.0,-1.0,-1.0,-1.0,-1.0,-1.0,-1.0,-1.0,-1.0,-1.0
