bad_A,bad_B,disc1,disc2,fI,fO_A,fO_B,fP_A,fP_B,fRi,fRo,fS,good_A,good_B,no_disc,pick,put,redo_A,redo_B,sI,sO_A,sO_B,sP_A,sP_B,sQ_A,sQ_Ar,sQ_B,sQ_Br,sRi,sRo,sS,test1,test2,turn1,turn2
-24680,-39631,-537,-587,-727,-10,-291,-362,-486,-727,-574,-336,32572,27137,-545,-755,-739,-8214,-1153,-285,-769,-474,-234,-429,-763,-758,-441,-150,-464,-725,-106,-625,-149,-499,-104
0.4482367902946427,0.8157655873077634,-1.0,-1.0,-1.0,-1.0,-1.0,-1.0,-1.0,-1.0,-1.0,-1.0,0.23744131420488543,0.37683268525881053,-1.0,-1.0,-1.0,0.6902521312388725,0.2869468514388207,-1.0,-1.0,-1.0,-1.0,-1.0,-1.0,-1.0,-1.0,-1.0,-1.0,-1.0,-1.0,-1.0,-1.0,-1.0,-1.0
