bad_A,bad_B,disc1,disc2,fI,fO_A,fO_B,fP_A,fP_B,fRi,fRo,fS,good_A,good_B,no_disc,pick,put,redo_A,redo_B,sI,sO_A,sO_B,sP_A,sP_B,sQ_A,sQ_Ar,sQ_B,sQ_Br,sRi,sRo,sS,test1,test2,turn1,turn2
-29192,-22926,-378,-87,-571,-284,-478,-792,-620,-86,-27,-692,23262,37153,-350,-494,-92,-5427,-6242,-174,-788,-221,-343,-129,-357,-599,-644,-741,-279,-12,-570,-222,-164,-666,-638
0.3077680270597849,0.2980658064150816,-1.0,-1.0,-1.0,-1.0,-1.0,-1.0,-1.0,-1.0,-1.0,-1.0,0.18597045115517716,0.6658616972182115,-1.0,-1.0,-1.0,0.6179097846003887,0.5761794681695485,-1.0,-1.0,-1.0,-1.0,-1.0,-1.0,-1.0,-1.0,-1.0,-1.0,-1.0,-1.0,-1.0,-1.0,-1.0,-1.0
