bad_A,bad_B,disc1,disc2,fI,fO_A,fO_B,fP_A,fP_B,fRi,fRo,fS,good_A,good_B,no_disc,pick,put,redo_A,redo_B,sI,sO_A,sO_B,sP_A,sP_B,sQ_A,sQ_Ar,sQ_B,sQ_Br,sRi,sRo,sS,test1,test2,turn1,turn2
-22031,-26872,-613,-214,-341,-421,-154,-656,-352,-761,-312,-350,31761,38613,-407,-74,-300,-2325,-7568,-369,-171,-279,-443,-477,-611,-286,-545,-376,-516,-414,-648,-533,-408,-698,-95
0.1801864347247193,0.8520588210359452,-1.0,-1.0,-1.0,-1.0,-1.0,-1.0,-1.0,-1.0,-1.0,-1.0,0.6690309803680414,0.3190534105117995,-1.0,-1.0,-1.0,0.4602098231745003,0.7110288197148222,-1.0,-1.0,-1.0,-1.0,-1.0,-1.0,-1.0,-1.0,-1.0,-1.0,-1.0,-1.0,-1.0,-1.0,-1.0,-1.0
