bad_A,bad_B,disc1,disc2,fI,fO_A,fO_B,fP_A,fP_B,fRi,fRo,fS,good_A,good_B,no_disc,pick,put,redo_A,redo_B,sI,sO_A,sO_B,sP_A,sP_B,sQ_A,sQ_Ar,sQ_B,sQ_Br,sRi,sRo,sS,test1,test2,turn1,turn2
-28703,-30754,-386,-399,-616,-556,-31,-121,-531,-125,-275,-128,26415,34812,-738,-627,-279,-6779,-8987,-462,-661,-248,-366,-241,-315,-698,-542,-553,-192,-570,-226,-632,-608,-50,-489
0.5912697084011833,0.7181908763773885,-1.0,-1.0,-1.0,-1.0,-1.0,-1.0,-1.0,-1.0,-1.0,-1.0,0.8395095319826565,0.2596954710805045,-1.0,-1.0,-1.0,0.17834843057677574,0.10313541928096469,-1.0,-1.0,-1.0,-1.0,-1.0,-1.0,-1.0,-1.0,-1.0,-1.0,-1.0,-1.0,-1.0,-1.0,-1.0,-1.0
