bad_A,bad_B,disc1,disc2,fI,fO_A,fO_B,fP_A,fP_B,fRi,fRo,fS,good_A,good_B,no_disc,pick,put,redo_A,redo_B,sI,sO_A,sO_B,sP_A,sP_B,sQ_A,sQ_Ar,sQ_B,sQ_Br,sRi,sRo,sS,test1,test2,turn1,turn2
-39612,-25517,-262,-236,-772,-312,-260,-636,-285,-484,-39,-497,28946,35544,-310,-520,-262,-6676,-5886,-123,-678,-774,-312,-622,-331,-548,-33,-162,-779,-243,-246,-453,-516,-152,-351
0.5125860318328473,0.5262393243250761,-1.0,-1.0,-1.0,-1.0,-1.0,-1.0,-1.0,-1.0,-1.0,-1.0,0.8186877907427015,0.7411804914218681,-1.0,-1.0,-1.0,0.8712582583157794,0.7561712347070325,-1.0,-1.0,-1.0,-1.0,-1.0,-1.0,-1.0,-1.0,-1.0,-1.0,-1.0,-1.0,-1.0,-1.0,-1.0,-1.0
