bad_A,bad_B,disc1,disc2,fI,fO_A,fO_B,fP_A,fP_B,fRi,fRo,fS,good_A,good_B,no_disc,pick,put,redo_A,redo_B,sI,sO_A,sO_B,sP_A,sP_B,sQ_A,sQ_Ar,sQ_B,sQ_Br,sRi,sRo,sS,test1,test2,turn1,turn2
-36181,-28074,-732,-564,-234,-96,-481,-411,-515,-615,-351,-700,23602,36354,-670,-603,-773,-8144,-3503,-724,-693,-710,-647,-576,-276,-162,-598,-231,-49,-318,-586,-231,-71,-80,-677
0.7423781988669623,0.27186548968833546,-1.0,-1.0,-1.0,-1.0,-1.0,-1.0,-1.0,-1.0,-1.0,-1.0,0.47184613120282126,0.46338281438162576,-1.0,-1.0,-1.0,0.7994259763490233,0.8568588659482809,-1.0,-1.0,-1.0,-1.0,-1.0,-1.0,-1.0,-1.0,-1.0,-1.0,-1.0,-1.0,-1.0,-1.0,-1.0,-1.0
