bad_A,bad_B,disc1,disc2,fI,fO_A,fO_B,fP_A,fP_B,fRi,fRo,fS,good_A,good_B,no_disc,pick,put,redo_A,redo_B,sI,sO_A,sO_B,sP_A,sP_B,sQ_A,sQ_Ar,sQ_B,sQ_Br,sRi,sRo,sS,test1,test2,turn1,turn2
-35933,-36552,-765,-53,-546,-436,-583,-234,-361,-408,-182,-721,33278,34750,-21,-544,-330,-1362,-6022,-701,-373,-781,-591,-249,-130,-236,-212,-240,-119,-656,-13,-352,-215,-48,-602
0.3809355606770949,0.23148916654108798,-1.0,-1.0,-1.0,-1.0,-1.0,-1.0,-1.0,-1.0,-1.0,-1.0,0.7550455735159367,0.8422804657783101,-1.0,-1.0,-1.0,0.6461959731706218,0.7498809524306317,-1.0,-1.0,-1.0,-1.0,-1.0,-1.0,-1.0,-1.0,-1.0,-1.0,-1.0,-1.0,-1.0,-1.0,-1.0,-1.0
