bad_A,bad_B,disc1,disc2,fI,fO_A,fO_B,fP_A,fP_B,fRi,fRo,fS,good_A,good_B,no_disc,pick,put,redo_A,redo_B,sI,sO_A,sO_B,sP_A,sP_B,sQ_A,sQ_Ar,sQ_B,sQ_Br,sRi,sRo,sS,test1,test2,turn1,turn2
-39908,-28206,-286,-164,-673,-541,-48,-568,-639,-727,-776,-555,38440,39945,-316,-616,-279,-5081,-5964,-105,-432,-647,-666,-762,-271,-147,-691,-772,-425,-633,-364,-646,-782,-69,-304
0.7814882709708656,0.3419935624270177,-1.0,-1.0,-1.0,-1.0,-1.0,-1.0,-1.0,-1.0,-1.0,-1.0,0.2946256131058216,0.6505862496727393,-1.0,-1.0,-1.0,0.8644310536707918,0.19822071506511724,-1.0,-1.0,-1.0,-1.0,-1.0,-1.0,-1.0,-1.0,-1.0,-1.0,-1.0,-1.0,-1.0,-1.0,-1.0,-1.0
