bad_A,bad_B,disc1,disc2,fI,fO_A,fO_B,fP_A,fP_B,fRi,fRo,fS,good_A,good_B,no_disc,pick,put,redo_A,redo_B,sI,sO_A,sO_B,sP_A,sP_B,sQ_A,sQ_Ar,sQ_B,sQ_Br,sRi,sRo,sS,test1,test2,turn1,turn2
-29757,-38048,-357,-167,-632,-446,-279,-761,-697,-381,-189,-392,28250,27364,-739,-586,-95,-3900,-4275,-16,-488,-585,-377,-287,-694,-779,-460,-152,-117,-547,-296,-440,-281,-742,-622
0.2935222560016192,0.7009703044840341,-1.0,-1.0,-1.0,-1.0,-1.0,-1.0,-1.0,-1.0,-1.0,-1.0,0.6993364859366025,0.6782704753213972,-1.0,-1.0,-1.0,0.4081430533423095,0.11939495112377935,-1.0,-1.0,-1.0,-1.0,-1.0,-1.0,-1.0,-1.0,-1.0,-1.0,-1.0,-1.0,-1.0,-1.0,-1.0,-1.0
