bad_A,bad_B,disc1,disc2,fI,fO_A,fO_B,fP_A,fP_B,fRi,fRo,fS,good_A,good_B,no_disc,pick,put,redo_A,redo_B,sI,sO_A,sO_B,sP_A,sP_B,sQ_A,sQ_Ar,sQ_B,sQ_Br,sRi,sRo,sS,test1,test2,turn1,turn2
-30918,-34626,-531,-159,-707,-356,-600,-685,-280,-456,-393,-431,37001,31581,-157,-510,-118,-7199,-3287,-322,-600,-762,-174,-698,-159,-591,-483,-370,-268,-27,-341,-22,-181,-747,-474
0.47921810568505563,0.18450840117732234,-1.0,-1.0,-1.0,-1.0,-1.0,-1.0,-1.0,-1.0,-1.0,-1.0,0.5918034436853347,0.30766335892792784,-1.0,-1.0,-1.0,0.13675223425188962,0.7785369368652306,-1.0,-1.0,-1.0,-1.0,-1.0,-1.0,-1.0,-1.0,-1.0,-1.0,-1.0,-1.0,-1.0,-1.0,-1.0,-1.0
