bad_A,bad_B,disc1,disc2,fI,fO_A,fO_B,fP_A,fP_B,fRi,fRo,fS,good_A,good_B,no_disc,pick,put,redo_A,redo_B,sI,sO_A,sO_B,sP_A,sP_B,sQ_A,sQ_Ar,sQ_B,sQ_Br,sRi,sRo,sS,test1,test2,turn1,turn2
-20624,-33928,-167,-108,-329,-315,-398,-711,-339,-585,-402,-149,28092,36751,-493,-668,-663,-8250,-7018,-417,-337,-233,-251,-274,-214,-302,-575,-321,-17,-592,-47,-597,-403,-526,-558
0.31066191089028844,0.5009171250998311,-1.0,-1.0,-1.0,-1.0,-1.0,-1.0,-1.0,-1.0,-1.0,-1.0,0.7297763383405004,0.5704706858091401,-1.0,-1.0,-1.0,0.2801473696777495,0.7442695341215503,-1.0,-1.0,-1.0,-1.0,-1.0,-1.0,-1.0,-1.0,-1.0,-1.0,-1.0,-1.0,-1.0,-1.0,-1.0,-1.0
