bad_A,bad_B,disc1,disc2,fI,fO_A,fO_B,fP_A,fP_B,fRi,fRo,fS,good_A,good_B,no_disc,pick,put,redo_A,redo_B,sI,sO_A,sO_B,sP_A,sP_B,sQ_A,sQ_Ar,sQ_B,sQ_Br,sRi,sRo,sS,test1,test2,turn1,turn2
-33006,-37154,-515,-612,-60,-470,-614,-101,-601,-718,-591,-647,23336,37749,-562,-404,-713,-1911,-5418,-315,-47,-369,-348,-660,-385,-73,-322,-246,-779,-574,-71,-147,-583,-484,-137
0.536851692721024,0.8458619195882419,-1.0,-1.0,-1.0,-1.0,-1.0,-1.0,-1.0,-1.0,-1.0,-1.0,0.395416431298771,0.10308709495500379,-1.0,-1.0,-1.0,0.2708878200900917,0.6811530610307119,-1.0,-1.0,-1.0,-1.0,-1.0,-1.0,-1.0,-1.0,-1.0,-1.0,-1.0,-1.0,-1.0,-1.0,-1.0,-1.0
