bad_A,bad_B,disc1,disc2,fI,fO_A,fO_B,fP_A,fP_B,fRi,fRo,fS,good_A,good_B,no_disc,pick,put,redo_A,redo_B,sI,sO_A,sO_B,sP_A,sP_B,sQ_A,sQ_Ar,sQ_B,sQ_Br,sRi,sRo,sS,test1,test2,turn1,turn2
-21577,-34060,-709,-686,-552,-629,-776,-208,-336,-328,-763,-162,32565,31534,-129,-461,-554,-3386,-3815,-237,-151,-510,-148,-192,-647,-542,-268,-186,-400,-130,-40,-723,-368,-441,-714
0.6525985786071864,0.6468188815346515,-1.0,-1.0,-1.0,-1.0,-1.0,-1.0,-1.0,-1.0,-1.0,-1.0,0.8400358064998767,0.2203707158081663,-1.0,-1.0,-1.0,0.3048281535620497,0.7690568541879215,-1.0,-1.0,-1.0,-1.0,-1.0,-1.0,-1.0,-1.0,-1.0,-1.0,-1.0,-1.0,-1.0,-1.0,-1.0,-1.0
