bad_A,bad_B,disc1,disc2,fI,fO_A,fO_B,fP_A,fP_B,fRi,fRo,fS,good_A,good_B,no_disc,pick,put,redo_A,redo_B,sI,sO_A,sO_B,sP_A,sP_B,sQ_A,sQ_Ar,sQ_B,sQ_Br,sRi,sRo,sS,test1,test2,turn1,turn2
-34293,-31770,-486,-657,-32,-129,-726,-788,-88,-148,-150,-715,23628,35193,-707,-39,-173,-6167,-2593,-405,-415,-738,-147,-505,-612,-580,-140,-269,-70,-392,-764,-517,-494,-663,-177
0.23415198405248436,0.25289217610209525,-1.0,-1.0,-1.0,-1.0,-1.0,-1.0,-1.0,-1.0,-1.0,-1.0,0.14822270088998835,0.41696073176691517,-1.0,-1.0,-1.0,0.7077131880798343,0.619660416631447,-1.0,-1.0,-1.0,-1.0,-1.0,-1.0,-1.0,-1.0,-1.0,-1.0,-1.0,-1.0,-1.0,-1.0,-1.0,-1.0
