bad_A,bad_B,disc1,disc2,fI,fO_A,fO_B,fP_A,fP_B,fRi,fRo,fS,good_A,good_B,no_disc,pick,put,redo_A,redo_B,sI,sO_A,sO_B,sP_A,sP_B,sQ_A,sQ_Ar,sQ_B,sQ_Br,sRi,sRo,sS,test1,test2,turn1,turn2
-27258,-29914,-661,-307,-238,-321,-378,-493,-212,-739,-424,-183,22332,27601,-469,-185,-37,-8299,-7950,-662,-169,-303,-787,-323,-179,-600,-246,-687,-509,-593,-598,-670,-562,-505,-229
0.521570162904293,0.16036358660139405,-1.0,-1.0,-1.0,-1.0,-1.0,-1.0,-1.0,-1.0,-1.0,-1.0,0.27761179543504444,0.7968094107339522,-1.0,-1.0,-1.0,0.6230981187047842,0.4871332185711216,-1.0,-1.0,-1.0,-1.0,-1.0,-1.0,-1.0,-1.0,-1.0,-1.0,-1.0,-1.0,-1.0,-1.0,-1.0,-1.0
