bad_A,bad_B,disc1,disc2,fI,fO_A,fO_B,fP_A,fP_B,fRi,fRo,fS,good_A,good_B,no_disc,pick,put,redo_A,redo_B,sI,sO_A,sO_B,sP_A,sP_B,sQ_A,sQ_Ar,sQ_B,sQ_Br,sRi,sRo,sS,test1,test2,turn1,turn2
-31695,-25400,-133,-634,-146,-443,-72,-34,-712,-327,-43,-568,35313,34976,-641,-244,-168,-4126,-4325,-231,-446,-359,-782,-662,-553,-479,-209,-92,-65,-418,-283,-687,-565,-273,-321
0.1864600940728475,0.6025011375394653,-1.0,-1.0,-1.0,-1.0,-1.0,-1.0,-1.0,-1.0,-1.0,-1.0,0.6438005109272924,0.34951304712667064,-1.0,-1.0,-1.0,0.3567125036406792,0.5756910352115349,-1.0,-1.0,-1.0,-1.0,-1.0,-1.0,-1.0,-1.0,-1.0,-1.0,-1.0,-1.0,-1.0,-1.0,-1.0,-1.0
