bad_A,bad_B,disc1,disc2,fI,fO_A,fO_B,fP_A,fP_B,fRi,fRo,fS,good_A,good_B,no_disc,pick,put,redo_A,redo_B,sI,sO_A,sO_B,sP_A,sP_B,sQ_A,sQ_Ar,sQ_B,sQ_Br,sRi,sRo,sS,test1,test2,turn1,turn2
-22042,-26598,-481,-579,-626,-343,-687,-337,-470,-659,-252,-155,21399,23580,-673,-552,-617,-8376,-5927,-640,-369,-379,-664,-85,-55,-331,-301,-729,-198,-573,-605,-162,-597,-245,-434
0.6091756944385487,0.34830901257554325,-1.0,-1.0,-1.0,-1.0,-1.0,-1.0,-1.0,-1.0,-1.0,-1.0,0.3549735569839977,0.5501433183760008,-1.0,-1.0,-1.0,0.7827464181892432,0.2768185102304351,-1.0,-1.0,-1.0,-1.0,-1.0,-1.0,-1.0,-1.0,-1.0,-1.0,-1.0,-1.0,-1.0,-1.0,-1.0,-1.0
