bad_A,bad_B,disc1,disc2,fI,fO_A,fO_B,fP_A,fP_B,fRi,fRo,fS,good_A,good_B,no_disc,pick,put,redo_A,redo_B,sI,sO_A,sO_B,sP_A,sP_B,sQ_A,sQ_Ar,sQ_B,sQ_Br,sRi,sRo,sS,test1,test2,turn1,turn2
-25855,-36710,-229,-480,-406,-309,-71,-637,-673,-471,-215,-208,28966,26190,-179,-657,-31,-1009,-4867,-60,-88,-472,-793,-437,-389,-239,-113,-63,-595,-357,-581,-247,-328,-248,-148
0.6455191011860638,0.3731999264254333,-1.0,-1.0,-1.0,-1.0,-1.0,-1.0,-1.0,-1.0,-1.0,-1.0,0.4035911834572986,0.3153707890880961,-1.0,-1.0,-1.0,0.7729209765412207,0.5426232503769358,-1.0,-1.0,-1.0,-1.0,-1.0,-1.0,-1.0,-1.0,-1.0,-1.0,-1.0,-1.0,-1.0,-1.0,-1.0,-1.0
