bad_A,bad_B,disc1,disc2,fI,fO_A,fO_B,fP_A,fP_B,fRi,fRo,fS,good_A,good_B,no_disc,pick,put,redo_A,redo_B,sI,sO_A,sO_B,sP_A,sP_B,sQ_A,sQ_Ar,sQ_B,sQ_Br,sRi,sRo,sS,test1,test2,turn1,turn2
-34025,-37564,-600,-453,-690,-743,-315,-37,-361,-681,-21,-564,30759,29878,-186,-799,-254,-8166,-6247,-683,-327,-321,-131,-241,-185,-53,-277,-378,-93,-621,-671,-367,-716,-295,-99
0.23561897249804914,0.7276098329837638,-1.0,-1.0,-1.0,-1.0,-1.0,-1.0,-1.0,-1.0,-1.0,-1.0,0.3411984720583077,0.5284619318463039,-1.0,-1.0,-1.0,0.6748585099420361,0.8740365422191864,-1.0,-1.0,-1.0,-1.0,-1.0,-1.0,-1.0,-1.0,-1.0,-1.0,-1.0,-1.0,-1.0,-1.0,-1.0,-1.0
