bad_A,bad_B,disc1,disc2,fI,fO_A,fO_B,fP_A,fP_B,fRi,fRo,fS,good_A,good_B,no_disc,pick,put,redo_A,redo_B,sI,sO_A,sO_B,sP_A,sP_B,sQ_A,sQ_Ar,sQ_B,sQ_Br,sRi,sRo,sS,test1,test2,turn1,turn2
-35333,-39778,-490,-389,-55,-354,-261,-766,-390,-397,-536,-91,34354,34890,-443,-757,-395,-4443,-1818,-502,-680,-166,-24,-622,-561,-340,-449,-769,-221,-139,-156,-112,-138,-350,-470
0.6574814406327485,0.36897265868644424,-1.0,-1.0,-1.0,-1.0,-1.0,-1.0,-1.0,-1.0,-1.0,-1.0,0.18023316294351757,0.6506042640700195,-1.0,-1.0,-1.0,0.6745801554193094,0.5792721065387125,-1.0,-1.0,-1.0,-1.0,-1.0,-1.0,-1.0,-1.0,-1.0,-1.0,-1.0,-1.0,-1.0,-1.0,-1.0,-1.0
