bad_A,bad_B,disc1,disc2,fI,fO_A,fO_B,fP_A,fP_B,fRi,fRo,fS,good_A,good_B,no_disc,pick,put,redo_A,redo_B,sI,sO_A,sO_B,sP_A,sP_B,sQ_A,sQ_Ar,sQ_B,sQ_Br,sRi,sRo,sS,test1,test2,turn1,turn2
-23713,-22193,-524,-59,-615,-782,-329,-95,-20,-319,-542,-703,28721,23623,-37,-37,-56,-2186,-8824,-285,-348,-241,-269,-220,-53,-52,-627,-319,-770,-374,-337,-55,-349,-145,-91
0.4594257014499451,0.7671330944331637,-1.0,-1.0,-1.0,-1.0,-1.0,-1.0,-1.0,-1.0,-1.0,-1.0,0.8759826507058598,0.3268667311982572,-1.0,-1.0,-1.0,0.5738284402251366,0.2319953801295533,-1.0,-1.0,-1.0,-1.0,-1.0,-1.0,-1.0,-1.0,-1.0,-1.0,-1.0,-1.0,-1.0,-1.0,-1.0,-1.0
