bad_A,bad_B,disc1,disc2,fI,fO_A,fO_B,fP_A,fP_B,fRi,fRo,fS,good_A,good_B,no_disc,pick,put,redo_A,redo_B,sI,sO_A,sO_B,sP_A,sP_B,sQ_A,sQ_Ar,sQ_B,sQ_Br,sRi,sRo,sS,test1,test2,turn1,turn2
-34365,-29514,-266,-545,-547,-98,-417,-19,-479,-419,-65,-130,37204,32551,-721,-155,-67,-5320,-6870,-191,-147,-353,-775,-357,-557,-485,-436,-784,-429,-526,-606,-631,-613,-347,-455
0.5800113597004095,0.45127101360196287,-1.0,-1.0,-1.0,-1.0,-1.0,-1.0,-1.0,-1.0,-1.0,-1.0,0.5545347465051542,0.38674496976618955,-1.0,-1.0,-1.0,0.1294111905528168,0.2822601593608304,-1.0,-1.0,-1.0,-1.0,-1.0,-1.0,-1.0,-1.0,-1.0,-1.0,-1.0,-1.0,-1.0,-1.0,-1.0,-1.0
