bad_A,bad_B,disc1,disc2,fI,fO_A,fO_B,fP_A,fP_B,fRi,fRo,fS,good_A,good_B,no_disc,pick,put,redo_A,redo_B,sI,sO_A,sO_B,sP_A,sP_B,sQ_A,sQ_Ar,sQ_B,sQ_Br,sRi,sRo,sS,test1,test2,turn1,turn2
-26177,-36241,-503,-319,-709,-281,-493,-496,-631,-82,-276,-280,22463,32174,-699,-21,-11,-1380,-2826,-581,-600,-451,-641,-437,-522,-663,-604,-183,-246,-12,-442,-281,-626,-449,-367
0.7279253156069702,0.38527961652897036,-1.0,-1.0,-1.0,-1.0,-1.0,-1.0,-1.0,-1.0,-1.0,-1.0,0.26133908229558883,0.646531952499046,-1.0,-1.0,-1.0,0.7815992065267675,0.24541963995630642,-1.0,-1.0,-1.0,-1.0,-1.0,-1.0,-1.0,-1.0,-1.0,-1.0,-1.0,-1.0,-1.0,-1.0,-1.0,-1.0
