bad_A,bad_B,disc1,disc2,fI,fO_A,fO_B,fP_A,fP_B,fRi,fRo,fS,good_A,good_B,no_disc,pick,put,redo_A,redo_B,sI,sO_A,sO_B,sP_A,sP_B,sQ_A,sQ_Ar,sQ_B,sQ_Br,sRi,sRo,sS,test1,test2,turn1,turn2
-22866,-29868,-754,-738,-628,-699,-477,-493,-702,-267,-641,-123,26142,35226,-760,-414,-247,-3494,-1717,-376,-714,-341,-307,-109,-629,-119,-402,-452,-794,-122,-259,-388,-503,-252,-685
0.20864585599000396,0.7025484182847501,-1.0,-1.0,-1.0,-1.0,-1.0,-1.0,-1.0,-1.0,-1.0,-1.0,0.41915200119911356,0.3634913674785253,-1.0,-1.0,-1.0,0.17057977452502265,0.8330870240132981,-1.0,-1.0,-1.0,-1.0,-1.0,-1.0,-1.0,-1.0,-1.0,-1.0,-1.0,-1.0,-1.0,-1.0,-1.0,-1.0
