bad_A,bad_B,disc1,disc2,fI,fO_A,fO_B,fP_A,fP_B,fRi,fRo,fS,good_A,good_B,no_disc,pick,put,redo_A,redo_B,sI,sO_A,sO_B,sP_A,sP_B,sQ_A,sQ_Ar,sQ_B,sQ_Br,sRi,sRo,sS,test1,test2,turn1,turn2
-26694,-23908,-83,-24,-479,-44,-476,-239,-329,-378,-567,-42,36569,37943,-397,-456,-71,-1727,-2942,-728,-157,-162,-343,-438,-510,-308,-293,-300,-606,-345,-153,-665,-86,-768,-213
0.29195673227586366,0.441255052636328,-1.0,-1.0,-1.0,-1.0,-1.0,-1.0,-1.0,-1.0,-1.0,-1.0,0.6763567535337731,0.2648967113188914,-1.0,-1.0,-1.0,0.16873672813250334,0.10313993573045668,-1.0,-1.0,-1.0,-1.0,-1.0,-1.0,-1.0,-1.0,-1.0,-1.0,-1.0,-1.0,-1.0,-1.0,-1.0,-1.0
