bad_A,bad_B,disc1,disc2,fI,fO_A,fO_B,fP_A,fP_B,fRi,fRo,fS,good_A,good_B,no_disc,pick,put,redo_A,redo_B,sI,sO_A,sO_B,sP_A,sP_B,sQ_A,sQ_Ar,sQ_B,sQ_Br,sRi,sRo,sS,test1,test2,turn1,turn2
-21484,-27364,-72,-558,-158,-363,-111,-407,-355,-771,-291,-353,23704,33138,-620,-418,-747,-4619,-8991,-626,-478,-538,-353,-168,-156,-499,-509,-664,-393,-719,-443,-155,-384,-450,-458
0.13491681658102683,0.5141355112106007,-1.0,-1.0,-1.0,-1.0,-1.0,-1.0,-1.0,-1.0,-1.0,-1.0,0.45813349192716113,0.7775638273287585,-1.0,-1.0,-1.0,0.47528271945362144,0.617191153569629,-1.0,-1.0,-1.0,-1.0,-1.0,-1.0,-1.0,-1.0,-1.0,-1.0,-1.0,-1.0,-1.0,-1.0,-1.0,-1.0
