bad_A,bad_B,disc1,disc2,fI,fO_A,fO_B,fP_A,fP_B,fRi,fRo,fS,good_A,good_B,no_disc,pick,put,redo_A,redo_B,sI,sO_A,sO_B,sP_A,sP_B,sQ_A,sQ_Ar,sQ_B,sQ_Br,sRi,sRo,sS,test1,test2,turn1,turn2
-23296,-37389,-58,-259,-421,-237,-798,-144,-236,-218,-717,-570,27820,27717,-668,-735,-793,-5393,-7697,-435,-404,-352,-101,-266,-26,-571,-93,-322,-777,-693,-64,-203,-776,-538,-554
0.410339409899532,0.2790615514498639,-1.0,-1.0,-1.0,-1.0,-1.0,-1.0,-1.0,-1.0,-1.0,-1.0,0.4378463702549894,0.848440286914942,-1.0,-1.0,-1.0,0.10370543672280991,0.15091236748392411,-1.0,-1.0,-1.0,-1.0,-1.0,-1.0,-1.0,-1.0,-1.0,-1.0,-1.0,-1.0,-1.0,-1.0,-1.0,-1.0
