bad_A,bad_B,disc1,disc2,fI,fO_A,fO_B,fP_A,fP_B,fRi,fRo,fS,good_A,good_B,no_disc,pick,put,redo_A,redo_B,sI,sO_A,sO_B,sP_A,sP_B,sQ_A,sQ_Ar,sQ_B,sQ_Br,sRi,sRo,sS,test1,test2,turn1,turn2
-31957,-32946,-531,-729,-241,-748,-46,-544,-188,-564,-650,-783,37588,29390,-546,-286,-310,-7440,-2179,-84,-358,-781,-122,-160,-10,-549,-449,-146,-118,-773,-768,-296,-601,-132,-160
0.11145023735097492,0.2599520472068171,-1.0,-1.0,-1.0,-1.0,-1.0,-1.0,-1.0,-1.0,-1.0,-1.0,0.8571290784461681,0.7916501644487337,-1.0,-1.0,-1.0,0.7830121075069739,0.26655429818207865,-1.0,-1.0,-1.0,-1.0,-1.0,-1.0,-1.0,-1.0,-1.0,-1.0,-1.0,-1.0,-1.0,-1.0,-1.0,-1.0
