bad_A,bad_B,fI,fO_A,fO_B,fP_A,fp_B,fRi,fRo,fS,good_A,good_B,redo_A,redo_B,sI,sO_A,sO_B,sP_A,sP_B,sQ_A,sQ_Ar,sQ_B,sQ_Br,sRi,sRo,sS
-33364,-25288,-495,-201,-552,-358,-332,-643,-737,-514,29479,29141,-4348,-2678,-495,-606,-226,-794,-371,-239,-23,-800,-646,-500,-490,-358
0.6574931199371805,0.4479658033888414,-1.0,-1.0,-1.0,-1.0,-1.0,-1.0,-1.0,-1.0,0.12634441714892636,0.631941066722993,0.8914228056769108,0.5215207794983073,-1.0,-1.0,-1.0,-1.0,-1.0,-1.0,-1.0,-1.0,-1.0,-1.0,-1.0,-1.0
