bad_A,bad_B,fI,fO_A,fO_B,fP_A,fp_B,fRi,fRo,fS,good_A,good_B,redo_A,redo_B,sI,sO_A,sO_B,sP_A,sP_B,sQ_A,sQ_Ar,sQ_B,sQ_Br,sRi,sRo,sS
-27905,-27534,-368,-289,-118,-504,-636,-531,-125,-296,24141,20188,-2473,-6461,-460,-373,-253,-569,-355,-403,-331,-369,-350,-366,-160,-89
0.1581894685324695,0.3898228944248243,-1.0,-1.0,-1.0,-1.0,-1.0,-1.0,-1.0,-1.0,0.2052291868753259,0.10480905394564335,0.6854668738388436,0.8214979471546529,-1.0,-1.0,-1.0,-1.0,-1.0,-1.0,-1.0,-1.0,-1.0,-1.0,-1.0,-1.0
