bad_A,bad_B,fI,fO_A,fO_B,fP_A,fp_B,fRi,fRo,fS,good_A,good_B,redo_A,redo_B,sI,sO_A,sO_B,sP_A,sP_B,sQ_A,sQ_Ar,sQ_B,sQ_Br,sRi,sRo,sS
-23937,-20187,-758,-794,-605,-270,-459,-784,-362,-697,27025,27730,-7568,-7085,-487,-58,-412,-213,-754,-19,-102,-346,-244,-482,-214,-201
0.2311608756997499,0.10344262363409529,-1.0,-1.0,-1.0,-1.0,-1.0,-1.0,-1.0,-1.0,0.11898367185291292,0.1979906574151225,0.11246110058938347,0.17715792243448958,-1.0,-1.0,-1.0,-1.0,-1.0,-1.0,-1.0,-1.0,-1.0,-1.0,-1.0,-1.0
