bad_A,bad_B,fI,fO_A,fO_B,fP_A,fp_B,fRi,fRo,fS,good_A,good_B,redo_A,redo_B,sI,sO_A,sO_B,sP_A,sP_B,sQ_A,sQ_Ar,sQ_B,sQ_Br,sRi,sRo,sS
-35577,-36248,-770,-304,-630,-791,-320,-428,-33,-791,38027,26843,-4918,-4455,-446,-170,-402,-124,-701,-142,-722,-161,-371,-299,-769,-697
0.548073193371101,0.5242217933150797,-1.0,-1.0,-1.0,-1.0,-1.0,-1.0,-1.0,-1.0,0.18076384920821084,0.13766355232346267,0.5789327045561464,0.6302246339828126,-1.0,-1.0,-1.0,-1.0,-1.0,-1.0,-1.0,-1.0,-1.0,-1.0,-1.0,-1.0
