bad_A,bad_B,disc1,disc2,fI,fO_A,fO_B,fP_A,fP_B,fRi,fRo,fS,good_A,good_B,no_disc,pick,put,redo_A,redo_B,sI,sO_A,sO_B,sP_A,sP_B,sQ_A,sQ_Ar,sQ_B,sQ_Br,sRi,sRo,sS,test1,test2,turn1,turn2
-22378,-31655,-192,-92,-144,-697,-321,-229,-799,-567,-263,-622,21806,31219,-772,-692,-660,-3027,-4194,-278,-559,-394,-767,-673,-376,-691,-426,-141,-347,-783,-589,-16,-357,-163,-466
0.40565758530546714,0.4152262754159832,-1.0,-1.0,-1.0,-1.0,-1.0,-1.0,-1.0,-1.0,-1.0,-1.0,0.4169448867251465,0.8520420954977695,-1.0,-1.0,-1.0,0.2578690700773628,0.4129846047066762,-1.0,-1.0,-1.0,-1.0,-1.0,-1.0,-1.0,-1.0,-1.0,-1.0,-1.0,-1.0,-1.0,-1.0,-1.0,-1.0
