bad_A,bad_B,disc1,disc2,fI,fO_A,fO_B,fP_A,fP_B,fRi,fRo,fS,good_A,good_B,no_disc,pick,put,redo_A,redo_B,sI,sO_A,sO_B,sP_A,sP_B,sQ_A,sQ_Ar,sQ_B,sQ_Br,sRi,sRo,sS,test1,test2,turn1,turn2
-27235,-35965,-287,-419,-450,-735,-731,-429,-798,-603,-544,-719,21866,28582,-34,-373,-295,-1967,-4699,-533,-754,-794,-125,-431,-232,-565,-160,-586,-780,-534,-471,-36,-305,-670,-191
0.3865864019778099,0.19471388021041067,-1.0,-1.0,-1.0,-1.0,-1.0,-1.0,-1.0,-1.0,-1.0,-1.0,0.18137521569198853,0.7204684232759242,-1.0,-1.0,-1.0,0.22142252195725487,0.6315955683569737,-1.0,-1.0,-1.0,-1.0,-1.0,-1.0,-1.0,-1.0,-1.0,-1.0,-1.0,-1.0,-1.0,-1.0,-1.0,-1.0
