bad_A,bad_B,disc1,disc2,fI,fO_A,fO_B,fP_A,fP_B,fRi,fRo,fS,good_A,good_B,no_disc,pick,put,redo_A,redo_B,sI,sO_A,sO_B,sP_A,sP_B,sQ_A,sQ_Ar,sQ_B,sQ_Br,sRi,sRo,sS,test1,test2,turn1,turn2
-37002,-22413,-585,-674,-790,-736,-41,-718,-452,-434,-178,-264,24856,34574,-533,-465,-611,-8537,-4176,-237,-250,-252,-388,-291,-156,-78,-518,-345,-751,-31,-651,-442,-746,-422,-540
0.34629792254339353,0.8621303392165157,-1.0,-1.0,-1.0,-1.0,-1.0,-1.0,-1.0,-1.0,-1.0,-1.0,0.6392884939241293,0.7740128625434519,-1.0,-1.0,-1.0,0.8363381513708619,0.36342986384858234,-1.0,-1.0,-1.0,-1.0,-1.0,-1.0,-1.0,-1.0,-1.0,-1.0,-1.0,-1.0,-1.0,-1.0,-1.0,-1.0
