bad_A,bad_B,fI,fO_A,fO_B,fP_A,fp_B,fRi,fRo,fS,good_A,good_B,redo_A,redo_B,sI,sO_A,sO_B,sP_A,sP_B,sQ_A,sQ_Ar,sQ_B,sQ_Br,sRi,sRo,sS
-39077,-26194,-260,-22,-160,-177,-234,-400,-73,-101,27506,24742,-1123,-4843,-179,-361,-86,-271,-775,-587,-567,-132,-544,-738,-778,-610
0.40016042288719844,0.44322658809097015,-1.0,-1.0,-1.0,-1.0,-1.0,-1.0,-1.0,-1.0,0.16241019562270476,0.2821125234708848,0.46732644565457204,0.4602829351407437,-1.0,-1.0,-1.0,-1.0,-1.0,-1.0,-1.0,-1.0,-1.0,-1.0,-1.0,-1.0
