bad_A,bad_B,fI,fO_A,fO_B,fP_A,fp_B,fRi,fRo,fS,good_A,good_B,redo_A,redo_B,sI,sO_A,sO_B,sP_A,sP_B,sQ_A,sQ_Ar,sQ_B,sQ_Br,sRi,sRo,sS
-30443,-32856,-487,-434,-417,-650,-104,-621,-708,-468,21942,26126,-7758,-6802,-426,-691,-95,-469,-591,-784,-734,-105,-593,-697,-65,-492
0.5485815291333662,0.6301584757241545,-1.0,-1.0,-1.0,-1.0,-1.0,-1.0,-1.0,-1.0,0.705362493423141,0.1264685338403526,0.1415186092697682,0.7273652153163274,-1.0,-1.0,-1.0,-1.0,-1.0,-1.0,-1.0,-1.0,-1.0,-1.0,-1.0,-1.0
