bad_A,bad_B,fI,fO_A,fO_B,fP_A,fp_B,fRi,fRo,fS,good_A,good_B,redo_A,redo_B,sI,sO_A,sO_B,sP_A,sP_B,sQ_A,sQ_Ar,sQ_B,sQ_Br,sRi,sRo,sS
-38531,-24060,-485,-604,-528,-324,-349,-330,-554,-217,31700,28088,-6100,-1609,-730,-269,-467,-24,-373,-319,-99,-326,-86,-162,-647,-208
0.3566517189285079,0.25857346473047615,-1.0,-1.0,-1.0,-1.0,-1.0,-1.0,-1.0,-1.0,0.3779916101561488,0.38332725419697844,0.26029952966041214,0.15288361632569317,-1.0,-1.0,-1.0,-1.0,-1.0,-1.0,-1.0,-1.0,-1.0,-1.0,-1.0,-1.0
