bad_A,bad_B,fI,fO_A,fO_B,fP_A,fp_B,fRi,fRo,fS,good_A,good_B,redo_A,redo_B,sI,sO_A,sO_B,sP_A,sP_B,sQ_A,sQ_Ar,sQ_B,sQ_Br,sRi,sRo,sS
-22688,-30597,-661,-661,-524,-331,-265,-414,-281,-149,27821,28566,-2996,-7563,-123,-388,-595,-311,-39,-118,-207,-297,-347,-174,-494,-16
0.747032875867926,0.4118524998751899,-1.0,-1.0,-1.0,-1.0,-1.0,-1.0,-1.0,-1.0,0.2952812442758622,0.5256809491015634,0.5768533980402505,0.6648869481261916,-1.0,-1.0,-1.0,-1.0,-1.0,-1.0,-1.0,-1.0,-1.0,-1.0,-1.0,-1.0
