bad_A,bad_B,fI,fO_A,fO_B,fP_A,fp_B,fRi,fRo,fS,good_A,good_B,redo_A,redo_B,sI,sO_A,sO_B,sP_A,sP_B,sQ_A,sQ_Ar,sQ_B,sQ_Br,sRi,sRo,sS
-33795,-35091,-44,-800,-73,-243,-598,-195,-598,-336,33074,30384,-8505,-5001,-395,-488,-623,-104,-641,-474,-499,-747,-535,-571,-222,-116
0.46030385007924124,0.4192042109219595,-1.0,-1.0,-1.0,-1.0,-1.0,-1.0,-1.0,-1.0,0.7769888935368026,0.7519242782919441,0.5849893685335708,0.6726316516826347,-1.0,-1.0,-1.0,-1.0,-1.0,-1.0,-1.0,-1.0,-1.0,-1.0,-1.0,-1.0
