bad_A,bad_B,fI,fO_A,fO_B,fP_A,fp_B,fRi,fRo,fS,good_A,good_B,redo_A,redo_B,sI,sO_A,sO_B,sP_A,sP_B,sQ_A,sQ_Ar,sQ_B,sQ_Br,sRi,sRo,sS
-38785,-33852,-130,-713,-766,-603,-393,-580,-195,-556,31637,20848,-7069,-1832,-217,-498,-194,-490,-144,-100,-421,-66,-524,-508,-643,-665
0.6965750649977189,0.2376433666501443,-1.0,-1.0,-1.0,-1.0,-1.0,-1.0,-1.0,-1.0,0.5058132560908636,0.5042351850151553,0.5570596242503943,0.27090379176060697,-1.0,-1.0,-1.0,-1.0,-1.0,-1.0,-1.0,-1.0,-1.0,-1.0,-1.0,-1.0
