bad_A,bad_B,disc1,disc2,fI,fO_A,fO_B,fP_A,fP_B,fRi,fRo,fS,good_A,good_B,no_disc,pick,put,redo_A,redo_B,sI,sO_A,sO_B,sP_A,sP_B,sQ_A,sQ_Ar,sQ_B,sQ_Br,sRi,sRo,sS,test1,test2,turn1,turn2
-38235,-24688,-666,-66,-95,-363,-676,-74,-619,-497,-469,-551,36313,22192,-450,-68,-264,-8277,-6595,-392,-795,-11,-781,-254,-28,-513,-106,-551,-760,-220,-535,-200,-178,-588,-630
0.7483241481481948,0.3806216907520399,-1.0,-1.0,-1.0,-1.0,-1.0,-1.0,-1.0,-1.0,-1.0,-1.0,0.20132975294165859,0.5478630124494077,-1.0,-1.0,-1.0,0.39222189730600443,0.13227236852582458,-1.0,-1.0,-1.0,-1.0,-1.0,-1.0,-1.0,-1.0,-1.0,-1.0,-1.0,-1.0,-1.0,-1.0,-1.0,-1.0
