bad_A,bad_B,disc1,disc2,fI,fO_A,fO_B,fP_A,fP_B,fRi,fRo,fS,good_A,good_B,no_disc,pick,put,redo_A,redo_B,sI,sO_A,sO_B,sP_A,sP_B,sQ_A,sQ_Ar,sQ_B,sQ_Br,sRi,sRo,sS,test1,test2,turn1,turn2
-36753,-26974,-184,-531,-369,-126,-688,-707,-778,-89,-608,-168,39011,33232,-405,-796,-256,-2916,-6943,-699,-522,-594,-43,-630,-347,-57,-761,-691,-341,-740,-775,-727,-84,-164,-54
0.48507614792016784,0.6612138843712645,-1.0,-1.0,-1.0,-1.0,-1.0,-1.0,-1.0,-1.0,-1.0,-1.0,0.5341770362234697,0.14828411967032684,-1.0,-1.0,-1.0,0.8836976358127228,0.645477812430242,-1.0,-1.0,-1.0,-1.0,-1.0,-1.0,-1.0,-1.0,-1.0,-1.0,-1.0,-1.0,-1.0,-1.0,-1.0,-1.0
