bad_A,bad_B,disc1,disc2,fI,fO_A,fO_B,fP_A,fP_B,fRi,fRo,fS,good_A,good_B,no_disc,pick,put,redo_A,redo_B,sI,sO_A,sO_B,sP_A,sP_B,sQ_A,sQ_Ar,sQ_B,sQ_Br,sRi,sRo,sS,test1,test2,turn1,turn2
-29941,-27805,-447,-652,-422,-92,-639,-394,-139,-142,-343,-99,34860,28512,-157,-121,-107,-3158,-3617,-487,-624,-399,-163,-194,-730,-785,-606,-660,-69,-594,-161,-150,-439,-783,-449
0.7861673022147466,0.20060684759956127,-1.0,-1.0,-1.0,-1.0,-1.0,-1.0,-1.0,-1.0,-1.0,-1.0,0.2454345408759452,0.6622918408288805,-1.0,-1.0,-1.0,0.28229604218357257,0.15203686075576872,-1.0,-1.0,-1.0,-1.0,-1.0,-1.0,-1.0,-1.0,-1.0,-1.0,-1.0,-1.0,-1.0,-1.0,-1.0,-1.0
