bad_A,bad_B,disc1,disc2,fI,fO_A,fO_B,fP_A,fP_B,fRi,fRo,fS,good_A,good_B,no_disc,pick,put,redo_A,redo_B,sI,sO_A,sO_B,sP_A,sP_B,sQ_A,sQ_Ar,sQ_B,sQ_Br,sRi,sRo,sS,test1,test2,turn1,turn2
-38249,-25683,-789,-686,-336,-758,-432,-738,-247,-525,-303,-572,37900,31530,-544,-281,-310,-6081,-8726,-646,-112,-688,-48,-114,-432,-101,-65,-12,-23,-23,-520,-613,-722,-369,-41
0.6325468715762738,0.8877996894034753,-1.0,-1.0,-1.0,-1.0,-1.0,-1.0,-1.0,-1.0,-1.0,-1.0,0.6297278930965649,0.8440831572289116,-1.0,-1.0,-1.0,0.2520879604640458,0.4809616960007599,-1.0,-1.0,-1.0,-1.0,-1.0,-1.0,-1.0,-1.0,-1.0,-1.0,-1.0,-1.0,-1.0,-1.0,-1.0,-1.0
