bad_A,bad_B,disc1,disc2,fI,fO_A,fO_B,fP_A,fP_B,fRi,fRo,fS,good_A,good_B,no_disc,pick,put,redo_A,redo_B,sI,sO_A,sO_B,sP_A,sP_B,sQ_A,sQ_Ar,sQ_B,sQ_Br,sRi,sRo,sS,test1,test2,turn1,turn2
-24960,-29354,-246,-109,-423,-100,-774,-485,-756,-182,-573,-553,32991,22528,-619,-758,-86,-7378,-7946,-551,-462,-398,-114,-642,-625,-736,-97,-73,-255,-681,-684,-492,-748,-707,-121
0.1197247993786796,0.8531933574463215,-1.0,-1.0,-1.0,-1.0,-1.0,-1.0,-1.0,-1.0,-1.0,-1.0,0.31369808760027756,0.37023192703549657,-1.0,-1.0,-1.0,0.6209880820221656,0.4784048476035111,-1.0,-1.0,-1.0,-1.0,-1.0,-1.0,-1.0,-1.0,-1.0,-1.0,-1.0,-1.0,-1.0,-1.0,-1.0,-1.0
