bad_A,bad_B,disc1,disc2,fI,fO_A,fO_B,fP_A,fP_B,fRi,fRo,fS,good_A,good_B,no_disc,pick,put,redo_A,redo_B,sI,sO_A,sO_B,sP_A,sP_B,sQ_A,sQ_Ar,sQ_B,sQ_Br,sRi,sRo,sS,test1,test2,turn1,turn2
-31940,-29631,-409,-475,-559,-192,-580,-232,-286,-539,-601,-230,29750,30288,-620,-650,-787,-5065,-6563,-351,-578,-523,-621,-134,-728,-169,-324,-249,-553,-563,-38,-582,-616,-683,-393
0.3630641763561777,0.25704439644144095,-1.0,-1.0,-1.0,-1.0,-1.0,-1.0,-1.0,-1.0,-1.0,-1.0,0.1868502012366128,0.10718856988777024,-1.0,-1.0,-1.0,0.4164153197143641,0.13200851605595007,-1.0,-1.0,-1.0,-1.0,-1.0,-1.0,-1.0,-1.0,-1.0,-1.0,-1.0,-1.0,-1.0,-1.0,-1.0,-1.0
