bad_A,bad_B,disc1,disc2,fI,fO_A,fO_B,fP_A,fP_B,fRi,fRo,fS,good_A,good_B,no_disc,pick,put,redo_A,redo_B,sI,sO_A,sO_B,sP_A,sP_B,sQ_A,sQ_Ar,sQ_B,sQ_Br,sRi,sRo,sS,test1,test2,turn1,turn2
-35057,-31721,-194,-608,-237,-682,-373,-482,-484,-99,-35,-20,32641,27324,-211,-474,-132,-4487,-1794,-780,-387,-711,-229,-756,-370,-711,-454,-407,-267,-667,-48,-116,-49,-75,-460
0.16642224709119413,0.21306197859435008,-1.0,-1.0,-1.0,-1.0,-1.0,-1.0,-1.0,-1.0,-1.0,-1.0,0.7357521642158765,0.4581972697509106,-1.0,-1.0,-1.0,0.4929196321871595,0.35330188208798396,-1.0,-1.0,-1.0,-1.0,-1.0,-1.0,-1.0,-1.0,-1.0,-1.0,-1.0,-1.0,-1.0,-1.0,-1.0,-1.0
