bad_A,bad_B,disc1,disc2,fI,fO_A,fO_B,fP_A,fP_B,fRi,fRo,fS,good_A,good_B,no_disc,pick,put,redo_A,redo_B,sI,sO_A,sO_B,sP_A,sP_B,sQ_A,sQ_Ar,sQ_B,sQ_Br,sRi,sRo,sS,test1,test2,turn1,turn2
-38617,-35102,-490,-337,-333,-367,-779,-451,-756,-175,-42,-785,35377,28598,-126,-400,-352,-5911,-4032,-662,-275,-504,-703,-375,-34,-233,-69,-47,-622,-584,-529,-753,-761,-442,-98
0.3925033796860796,0.3997006960341085,-1.0,-1.0,-1.0,-1.0,-1.0,-1.0,-1.0,-1.0,-1.0,-1.0,0.7076418673222317,0.1124823221308306,-1.0,-1.0,-1.0,0.31664432942962173,0.43136387820241895,-1.0,-1.0,-1.0,-1.0,-1.0,-1.0,-1.0,-1.0,-1.0,-1.0,-1.0,-1.0,-1.0,-1.0,-1.0,-1.0
