bad_A,bad_B,disc1,disc2,fI,fO_A,fO_B,fP_A,fP_B,fRi,fRo,fS,good_A,good_B,no_disc,pick,put,redo_A,redo_B,sI,sO_A,sO_B,sP_A,sP_B,sQ_A,sQ_Ar,sQ_B,sQ_Br,sRi,sRo,sS,test1,test2,turn1,turn2
-20034,-34756,-625,-460,-324,-32,-730,-601,-243,-54,-397,-157,24451,34274,-752,-423,-62,-7176,-4345,-770,-637,-251,-744,-274,-211,-796,-656,-663,-484,-746,-733,-307,-15,-422,-460
0.7111106718283876,0.8599756275820324,-1.0,-1.0,-1.0,-1.0,-1.0,-1.0,-1.0,-1.0,-1.0,-1.0,0.416908173151736,0.4810597949542452,-1.0,-1.0,-1.0,0.532370184104049,0.8425098458605923,-1.0,-1.0,-1.0,-1.0,-1.0,-1.0,-1.0,-1.0,-1.0,-1.0,-1.0,-1.0,-1.0,-1.0,-1.0,-1.0
