bad_A,bad_B,disc1,disc2,fI,fO_A,fO_B,fP_A,fP_B,fRi,fRo,fS,good_A,good_B,no_disc,pick,put,redo_A,redo_B,sI,sO_A,sO_B,sP_A,sP_B,sQ_A,sQ_Ar,sQ_B,sQ_Br,sRi,sRo,sS,test1,test2,turn1,turn2
-35033,-38341,-288,-287,-31,-690,-565,-230,-358,-35,-143,-105,32876,36525,-287,-246,-309,-6019,-6159,-490,-600,-277,-133,-675,-290,-281,-34,-63,-133,-326,-562,-159,-324,-207,-755
0.1958757993863081,0.7193900736127553,-1.0,-1.0,-1.0,-1.0,-1.0,-1.0,-1.0,-1.0,-1.0,-1.0,0.7582019671756549,0.3997124991661398,-1.0,-1.0,-1.0,0.3633636752158006,0.3267680486422402,-1.0,-1.0,-1.0,-1.0,-1.0,-1.0,-1.0,-1.0,-1.0,-1.0,-1.0,-1.0,-1.0,-1.0,-1.0,-1.0
