bad_A,bad_B,disc1,disc2,fI,fO_A,fO_B,fP_A,fP_B,fRi,fRo,fS,good_A,good_B,no_disc,pick,put,redo_A,redo_B,sI,sO_A,sO_B,sP_A,sP_B,sQ_A,sQ_Ar,sQ_B,sQ_Br,sRi,sRo,sS,test1,test2,turn1,turn2
-34732,-29936,-308,-248,-794,-574,-444,-522,-572,-109,-641,-452,28700,29007,-368,-476,-176,-7559,-1015,-472,-303,-381,-248,-711,-647,-775,-549,-55,-332,-752,-166,-766,-716,-86,-773
0.36216727498685886,0.7926523221090864,-1.0,-1.0,-1.0,-1.0,-1.0,-1.0,-1.0,-1.0,-1.0,-1.0,0.6487665343035004,0.7852624922451515,-1.0,-1.0,-1.0,0.5327369290820921,0.8712516099262211,-1.0,-1.0,-1.0,-1.0,-1.0,-1.0,-1.0,-1.0,-1.0,-1.0,-1.0,-1.0,-1.0,-1.0,-1.0,-1.0
