bad_A,bad_B,disc1,disc2,fI,fO_A,fO_B,fP_A,fP_B,fRi,fRo,fS,good_A,good_B,no_disc,pick,put,redo_A,redo_B,sI,sO_A,sO_B,sP_A,sP_B,sQ_A,sQ_Ar,sQ_B,sQ_Br,sRi,sRo,sS,test1,test2,turn1,turn2
-35256,-38821,-681,-206,-286,-291,-246,-92,-723,-629,-693,-774,35058,32414,-186,-692,-33,-8987,-5942,-544,-542,-678,-749,-197,-101,-172,-291,-590,-595,-690,-154,-394,-457,-532,-799
0.8513985615729073,0.7126072247093166,-1.0,-1.0,-1.0,-1.0,-1.0,-1.0,-1.0,-1.0,-1.0,-1.0,0.37177629972240733,0.3141740867115951,-1.0,-1.0,-1.0,0.7340998213970654,0.5899508393454264,-1.0,-1.0,-1.0,-1.0,-1.0,-1.0,-1.0,-1.0,-1.0,-1.0,-1.0,-1.0,-1.0,-1.0,-1.0,-1.0
