bad_A,bad_B,disc1,disc2,fI,fO_A,fO_B,fP_A,fP_B,fRi,fRo,fS,good_A,good_B,no_disc,pick,put,redo_A,redo_B,sI,sO_A,sO_B,sP_A,sP_B,sQ_A,sQ_Ar,sQ_B,sQ_Br,sRi,sRo,sS,test1,test2,turn1,turn2
-25495,-34429,-90,-565,-136,-337,-548,-490,-84,-238,-34,-199,22782,29192,-219,-727,-776,-3111,-8915,-574,-372,-577,-597,-297,-688,-218,-114,-258,-129,-735,-36,-799,-437,-358,-773
0.7974485322523708,0.4005891069500819,-1.0,-1.0,-1.0,-1.0,-1.0,-1.0,-1.0,-1.0,-1.0,-1.0,0.10101290315314167,0.8319809546543014,-1.0,-1.0,-1.0,0.1569705866090093,0.4589164363110695,-1.0,-1.0,-1.0,-1.0,-1.0,-1.0,-1.0,-1.0,-1.0,-1.0,-1.0,-1.0,-1.0,-1.0,-1.0,-1.0
