bad_A,bad_B,disc1,disc2,fI,fO_A,fO_B,fP_A,fP_B,fRi,fRo,fS,good_A,good_B,no_disc,pick,put,redo_A,redo_B,sI,sO_A,sO_B,sP_A,sP_B,sQ_A,sQ_Ar,sQ_B,sQ_Br,sRi,sRo,sS,test1,test2,turn1,turn2
-38210,-32631,-520,-102,-422,-265,-579,-686,-372,-648,-64,-94,29066,38142,-797,-494,-575,-1842,-8177,-744,-98,-240,-714,-126,-422,-796,-727,-64,-640,-496,-221,-731,-791,-289,-87
0.6217407193881862,0.8455323660738222,-1.0,-1.0,-1.0,-1.0,-1.0,-1.0,-1.0,-1.0,-1.0,-1.0,0.5157513696943474,0.6479282370972501,-1.0,-1.0,-1.0,0.24911234100807952,0.5316633801475246,-1.0,-1.0,-1.0,-1.0,-1.0,-1.0,-1.0,-1.0,-1.0,-1.0,-1.0,-1.0,-1.0,-1.0,-1.0,-1.0
