bad_A,bad_B,disc1,disc2,fI,fO_A,fO_B,fP_A,fP_B,fRi,fRo,fS,good_A,good_B,no_disc,pick,put,redo_A,redo_B,sI,sO_A,sO_B,sP_A,sP_B,sQ_A,sQ_Ar,sQ_B,sQ_Br,sRi,sRo,sS,test1,test2,turn1,turn2
-24615,-22730,-197,-58,-497,-479,-398,-91,-639,-471,-395,-455,23544,32246,-610,-609,-241,-4755,-7924,-151,-60,-34,-164,-784,-191,-461,-419,-472,-613,-194,-646,-32,-165,-207,-435
0.4624965554110634,0.2696636111876022,-1.0,-1.0,-1.0,-1.0,-1.0,-1.0,-1.0,-1.0,-1.0,-1.0,0.6827065200357569,0.5711042426560934,-1.0,-1.0,-1.0,0.7269899513077441,0.6328754561554042,-1.0,-1.0,-1.0,-1.0,-1.0,-1.0,-1.0,-1.0,-1.0,-1.0,-1.0,-1.0,-1.0,-1.0,-1.0,-1.0
