bad_A,bad_B,disc1,disc2,fI,fO_A,fO_B,fP_A,fP_B,fRi,fRo,fS,good_A,good_B,no_disc,pick,put,redo_A,redo_B,sI,sO_A,sO_B,sP_A,sP_B,sQ_A,sQ_Ar,sQ_B,sQ_Br,sRi,sRo,sS,test1,test2,turn1,turn2
-27985,-39842,-416,-548,-446,-36,-342,-710,-324,-93,-21,-748,31243,33416,-122,-594,-43,-2334,-1338,-554,-761,-231,-519,-389,-562,-486,-241,-254,-38,-537,-697,-394,-21,-748,-520
0.7533305698179342,0.6046263255939478,-1.0,-1.0,-1.0,-1.0,-1.0,-1.0,-1.0,-1.0,-1.0,-1.0,0.31523899091713425,0.6525494980972578,-1.0,-1.0,-1.0,0.4250961120434268,0.3699598935017069,-1.0,-1.0,-1.0,-1.0,-1.0,-1.0,-1.0,-1.0,-1.0,-1.0,-1.0,-1.0,-1.0,-1.0,-1.0,-1.0
