bad_A,bad_B,disc1,disc2,fI,fO_A,fO_B,fP_A,fP_B,fRi,fRo,fS,good_A,good_B,no_disc,pick,put,redo_A,redo_B,sI,sO_A,sO_B,sP_A,sP_B,sQ_A,sQ_Ar,sQ_B,sQ_Br,sRi,sRo,sS,test1,test2,turn1,turn2
-34840,-29712,-666,-272,-676,-619,-619,-200,-499,-360,-391,-667,39343,27896,-347,-592,-379,-6099,-1294,-475,-332,-461,-243,-375,-661,-588,-742,-671,-17,-716,-191,-357,-249,-686,-405
0.3574998405202491,0.7050991270669899,-1.0,-1.0,-1.0,-1.0,-1.0,-1.0,-1.0,-1.0,-1.0,-1.0,0.12367958160609094,0.22873368697697344,-1.0,-1.0,-1.0,0.3304781924303086,0.5111499171032915,-1.0,-1.0,-1.0,-1.0,-1.0,-1.0,-1.0,-1.0,-1.0,-1.0,-1.0,-1.0,-1.0,-1.0,-1.0,-1.0
