bad_A,bad_B,disc1,disc2,fI,fO_A,fO_B,fP_A,fP_B,fRi,fRo,fS,good_A,good_B,no_disc,pick,put,redo_A,redo_B,sI,sO_A,sO_B,sP_A,sP_B,sQ_A,sQ_Ar,sQ_B,sQ_Br,sRi,sRo,sS,test1,test2,turn1,turn2
-35548,-29881,-760,-262,-783,-203,-362,-156,-544,-67,-166,-455,35340,36004,-390,-411,-331,-2113,-7174,-366,-84,-136,-25,-555,-594,-725,-264,-683,-173,-215,-552,-50,-250,-427,-160
0.8429999993959502,0.49359535262846577,-1.0,-1.0,-1.0,-1.0,-1.0,-1.0,-1.0,-1.0,-1.0,-1.0,0.405324513394395,0.7521780755396937,-1.0,-1.0,-1.0,0.17312582740855023,0.6060089453415044,-1.0,-1.0,-1.0,-1.0,-1.0,-1.0,-1.0,-1.0,-1.0,-1.0,-1.0,-1.0,-1.0,-1.0,-1.0,-1.0
