bad_A,bad_B,disc1,disc2,fI,fO_A,fO_B,fP_A,fP_B,fRi,fRo,fS,good_A,good_B,no_disc,pick,put,redo_A,redo_B,sI,sO_A,sO_B,sP_A,sP_B,sQ_A,sQ_Ar,sQ_B,sQ_Br,sRi,sRo,sS,test1,test2,turn1,turn2
-29050,-31122,-793,-18,-196,-74,-379,-767,-616,-768,-703,-601,26293,24364,-685,-775,-495,-4135,-7167,-130,-711,-607,-123,-582,-135,-771,-792,-37,-139,-298,-482,-172,-66,-338,-252
0.34958190990770077,0.8108553638580734,-1.0,-1.0,-1.0,-1.0,-1.0,-1.0,-1.0,-1.0,-1.0,-1.0,0.1967486773581828,0.6656992545093664,-1.0,-1.0,-1.0,0.5661598794956516,0.7843257953129243,-1.0,-1.0,-1.0,-1.0,-1.0,-1.0,-1.0,-1.0,-1.0,-1.0,-1.0,-1.0,-1.0,-1.0,-1.0,-1.0
