bad_A,bad_B,disc1,disc2,fI,fO_A,fO_B,fP_A,fP_B,fRi,fRo,fS,good_A,good_B,no_disc,pick,put,redo_A,redo_B,sI,sO_A,sO_B,sP_A,sP_B,sQ_A,sQ_Ar,sQ_B,sQ_Br,sRi,sRo,sS,test1,test2,turn1,turn2
-21324,-23710,-147,-428,-655,-571,-69,-252,-504,-776,-338,-135,38084,30393,-483,-500,-713,-7289,-8783,-150,-416,-242,-665,-143,-325,-317,-108,-660,-343,-629,-59,-269,-400,-521,-369
0.5142584880592929,0.5466363894317169,-1.0,-1.0,-1.0,-1.0,-1.0,-1.0,-1.0,-1.0,-1.0,-1.0,0.2276656356967063,0.11764137257432541,-1.0,-1.0,-1.0,0.33122945949217875,0.20626723382919565,-1.0,-1.0,-1.0,-1.0,-1.0,-1.0,-1.0,-1.0,-1.0,-1.0,-1.0,-1.0,-1.0,-1.0,-1.0,-1.0
