bad_A,bad_B,disc1,disc2,fI,fO_A,fO_B,fP_A,fP_B,fRi,fRo,fS,good_A,good_B,no_disc,pick,put,redo_A,redo_B,sI,sO_A,sO_B,sP_A,sP_B,sQ_A,sQ_Ar,sQ_B,sQ_Br,sRi,sRo,sS,test1,test2,turn1,turn2
-29630,-35637,-539,-668,-209,-229,-439,-197,-410,-738,-142,-241,30425,30472,-382,-473,-573,-1413,-8979,-363,-672,-526,-198,-575,-784,-325,-251,-565,-758,-535,-339,-467,-632,-327,-402
0.4301450165980535,0.7326499838622951,-1.0,-1.0,-1.0,-1.0,-1.0,-1.0,-1.0,-1.0,-1.0,-1.0,0.8575193099146378,0.6695359621046235,-1.0,-1.0,-1.0,0.5388390811679634,0.24890901028966522,-1.0,-1.0,-1.0,-1.0,-1.0,-1.0,-1.0,-1.0,-1.0,-1.0,-1.0,-1.0,-1.0,-1.0,-1.0,-1.0
