bad_A,bad_B,disc1,disc2,fI,fO_A,fO_B,fP_A,fP_B,fRi,fRo,fS,good_A,good_B,no_disc,pick,put,redo_A,redo_B,sI,sO_A,sO_B,sP_A,sP_B,sQ_A,sQ_Ar,sQ_B,sQ_Br,sRi,sRo,sS,test1,test2,turn1,turn2
-29530,-34378,-58,-45,-398,-551,-627,-12,-397,-89,-305,-176,31899,33100,-523,-722,-585,-8049,-6377,-75,-473,-782,-402,-634,-481,-727,-303,-753,-39,-618,-757,-303,-387,-431,-155
0.7407044297385567,0.8872314378132388,-1.0,-1.0,-1.0,-1.0,-1.0,-1.0,-1.0,-1.0,-1.0,-1.0,0.27637631233717486,0.8785489034454126,-1.0,-1.0,-1.0,0.2425421491567903,0.36205594760752546,-1.0,-1.0,-1.0,-1.0,-1.0,-1.0,-1.0,-1.0,-1.0,-1.0,-1.0,-1.0,-1.0,-1.0,-1.0,-1.0
