bad_A,bad_B,disc1,disc2,fI,fO_A,fO_B,fP_A,fP_B,fRi,fRo,fS,good_A,good_B,no_disc,pick,put,redo_A,redo_B,sI,sO_A,sO_B,sP_A,sP_B,sQ_A,sQ_Ar,sQ_B,sQ_Br,sRi,sRo,sS,test1,test2,turn1,turn2
-20882,-29638,-526,-566,-79,-666,-774,-423,-30,-472,-196,-287,20179,38760,-196,-217,-423,-3273,-7540,-268,-715,-218,-661,-729,-438,-692,-179,-746,-330,-473,-211,-541,-128,-289,-797
0.7964410635811521,0.3349871669697946,-1.0,-1.0,-1.0,-1.0,-1.0,-1.0,-1.0,-1.0,-1.0,-1.0,0.6793309681245477,0.14323740097106452,-1.0,-1.0,-1.0,0.103321661561107,0.6028239738727337,-1.0,-1.0,-1.0,-1.0,-1.0,-1.0,-1.0,-1.0,-1.0,-1.0,-1.0,-1.0,-1.0,-1.0,-1.0,-1.0
