bad_A,bad_B,disc1,disc2,fI,fO_A,fO_B,fP_A,fP_B,fRi,fRo,fS,good_A,good_B,no_disc,pick,put,redo_A,redo_B,sI,sO_A,sO_B,sP_A,sP_B,sQ_A,sQ_Ar,sQ_B,sQ_Br,sRi,sRo,sS,test1,test2,turn1,turn2
-36915,-39332,-497,-725,-232,-292,-521,-349,-526,-402,-83,-49,23175,24289,-475,-33,-600,-7388,-5180,-447,-662,-785,-193,-251,-401,-516,-469,-382,-44,-574,-519,-181,-287,-504,-793
0.6594878694777431,0.47168855580222413,-1.0,-1.0,-1.0,-1.0,-1.0,-1.0,-1.0,-1.0,-1.0,-1.0,0.43747087117629435,0.7083303852077117,-1.0,-1.0,-1.0,0.7736064914711557,0.3413477131091781,-1.0,-1.0,-1.0,-1.0,-1.0,-1.0,-1.0,-1.0,-1.0,-1.0,-1.0,-1.0,-1.0,-1.0,-1.0,-1.0
