bad_A,bad_B,disc1,disc2,fI,fO_A,fO_B,fP_A,fP_B,fRi,fRo,fS,good_A,good_B,no_disc,pick,put,redo_A,redo_B,sI,sO_A,sO_B,sP_A,sP_B,sQ_A,sQ_Ar,sQ_B,sQ_Br,sRi,sRo,sS,test1,test2,turn1,turn2
-24826,-33061,-300,-524,-523,-280,-237,-453,-331,-520,-315,-363,24231,28708,-711,-57,-361,-3262,-7104,-648,-695,-612,-516,-626,-330,-530,-70,-221,-414,-512,-572,-645,-473,-157,-399
0.3842741910556926,0.49621655313587587,-1.0,-1.0,-1.0,-1.0,-1.0,-1.0,-1.0,-1.0,-1.0,-1.0,0.25663740063510054,0.8978368016480037,-1.0,-1.0,-1.0,0.491169647140154,0.2004118555385932,-1.0,-1.0,-1.0,-1.0,-1.0,-1.0,-1.0,-1.0,-1.0,-1.0,-1.0,-1.0,-1.0,-1.0,-1.0,-1.0
