bad_A,bad_B,disc1,disc2,fI,fO_A,fO_B,fP_A,fP_B,fRi,fRo,fS,good_A,good_B,no_disc,pick,put,redo_A,redo_B,sI,sO_A,sO_B,sP_A,sP_B,sQ_A,sQ_Ar,sQ_B,sQ_Br,sRi,sRo,sS,test1,test2,turn1,turn2
-38101,-36163,-60,-355,-214,-783,-637,-343,-554,-598,-516,-126,39042,35958,-490,-511,-220,-8347,-7107,-689,-554,-115,-649,-352,-519,-474,-758,-279,-465,-200,-604,-484,-323,-755,-642
0.8857905425369562,0.25106058721413593,-1.0,-1.0,-1.0,-1.0,-1.0,-1.0,-1.0,-1.0,-1.0,-1.0,0.4992668136770678,0.3748398184403994,-1.0,-1.0,-1.0,0.39660891871035353,0.3116878564271367,-1.0,-1.0,-1.0,-1.0,-1.0,-1.0,-1.0,-1.0,-1.0,-1.0,-1.0,-1.0,-1.0,-1.0,-1.0,-1.0
