bad_A,bad_B,disc1,disc2,fI,fO_A,fO_B,fP_A,fP_B,fRi,fRo,fS,good_A,good_B,no_disc,pick,put,redo_A,redo_B,sI,sO_A,sO_B,sP_A,sP_B,sQ_A,sQ_Ar,sQ_B,sQ_Br,sRi,sRo,sS,test1,test2,turn1,turn2
-32510,-25212,-359,-187,-800,-598,-543,-766,-189,-180,-429,-643,23963,22833,-132,-24,-76,-5955,-4498,-615,-444,-298,-468,-481,-648,-782,-133,-557,-281,-712,-330,-362,-210,-28,-530
0.2155703124935518,0.8403204282321622,-1.0,-1.0,-1.0,-1.0,-1.0,-1.0,-1.0,-1.0,-1.0,-1.0,0.5947147271314938,0.8544405084024677,-1.0,-1.0,-1.0,0.3086282783339074,0.8821150934806802,-1.0,-1.0,-1.0,-1.0,-1.0,-1.0,-1.0,-1.0,-1.0,-1.0,-1.0,-1.0,-1.0,-1.0,-1.0,-1.0
