bad_A,bad_B,disc1,disc2,fI,fO_A,fO_B,fP_A,fP_B,fRi,fRo,fS,good_A,good_B,no_disc,pick,put,redo_A,redo_B,sI,sO_A,sO_B,sP_A,sP_B,sQ_A,sQ_Ar,sQ_B,sQ_Br,sRi,sRo,sS,test1,test2,turn1,turn2
-20541,-36483,-509,-774,-195,-394,-515,-673,-787,-133,-625,-490,29828,37552,-27,-58,-276,-6000,-5724,-553,-501,-712,-417,-488,-513,-750,-154,-719,-176,-745,-450,-138,-421,-357,-437
0.12916720912977092,0.31120745446140763,-1.0,-1.0,-1.0,-1.0,-1.0,-1.0,-1.0,-1.0,-1.0,-1.0,0.19805866972771025,0.4926477689547982,-1.0,-1.0,-1.0,0.7900480616457928,0.6196484133601994,-1.0,-1.0,-1.0,-1.0,-1.0,-1.0,-1.0,-1.0,-1.0,-1.0,-1.0,-1.0,-1.0,-1.0,-1.0,-1.0
