bad_A,bad_B,disc1,disc2,fI,fO_A,fO_B,fP_A,fP_B,fRi,fRo,fS,good_A,good_B,no_disc,pick,put,redo_A,redo_B,sI,sO_A,sO_B,sP_A,sP_B,sQ_A,sQ_Ar,sQ_B,sQ_Br,sRi,sRo,sS,test1,test2,turn1,turn2
-22899,-28615,-148,-459,-267,-273,-148,-334,-520,-210,-788,-361,31723,22791,-433,-245,-437,-5070,-4593,-204,-318,-744,-501,-593,-215,-704,-766,-168,-702,-580,-400,-395,-606,-281,-39
0.6091563341609375,0.6639007718627377,-1.0,-1.0,-1.0,-1.0,-1.0,-1.0,-1.0,-1.0,-1.0,-1.0,0.603046978638937,0.7331871338085741,-1.0,-1.0,-1.0,0.5984975552913363,0.4080127140903351,-1.0,-1.0,-1.0,-1.0,-1.0,-1.0,-1.0,-1.0,-1.0,-1.0,-1.0,-1.0,-1.0,-1.0,-1.0,-1.0
