bad_A,bad_B,disc1,disc2,fI,fO_A,fO_B,fP_A,fP_B,fRi,fRo,fS,good_A,good_B,no_disc,pick,put,redo_A,redo_B,sI,sO_A,sO_B,sP_A,sP_B,sQ_A,sQ_Ar,sQ_B,sQ_Br,sRi,sRo,sS,test1,test2,turn1,turn2
-36700,-32324,-401,-750,-783,-786,-391,-563,-110,-491,-708,-615,36780,31389,-443,-119,-560,-1197,-5562,-706,-142,-704,-202,-117,-301,-338,-50,-506,-387,-589,-632,-654,-468,-169,-313
0.5272086625528237,0.6828967651100695,-1.0,-1.0,-1.0,-1.0,-1.0,-1.0,-1.0,-1.0,-1.0,-1.0,0.3532264222894479,0.48986369407702024,-1.0,-1.0,-1.0,0.2276732014970979,0.7886792876297876,-1.0,-1.0,-1.0,-1.0,-1.0,-1.0,-1.0,-1.0,-1.0,-1.0,-1.0,-1.0,-1.0,-1.0,-1.0,-1.0
