bad_A,bad_B,disc1,disc2,fI,fO_A,fO_B,fP_A,fP_B,fRi,fRo,fS,good_A,good_B,no_disc,pick,put,redo_A,redo_B,sI,sO_A,sO_B,sP_A,sP_B,sQ_A,sQ_Ar,sQ_B,sQ_Br,sRi,sRo,sS,test1,test2,turn1,turn2
-33067,-28519,-317,-499,-476,-201,-261,-484,-576,-143,-364,-505,37362,37928,-275,-79,-418,-1332,-7632,-446,-767,-60,-534,-285,-268,-267,-671,-796,-202,-84,-500,-117,-762,-748,-327
0.5344179291470994,0.8722381677358103,-1.0,-1.0,-1.0,-1.0,-1.0,-1.0,-1.0,-1.0,-1.0,-1.0,0.45512824515891226,0.6514910604939911,-1.0,-1.0,-1.0,0.12658634729205132,0.8409284760787663,-1.0,-1.0,-1.0,-1.0,-1.0,-1.0,-1.0,-1.0,-1.0,-1.0,-1.0,-1.0,-1.0,-1.0,-1.0,-1.0
