bad_A,bad_B,disc1,disc2,fI,fO_A,fO_B,fP_A,fP_B,fRi,fRo,fS,good_A,good_B,no_disc,pick,put,redo_A,redo_B,sI,sO_A,sO_B,sP_A,sP_B,sQ_A,sQ_Ar,sQ_B,sQ_Br,sRi,sRo,sS,test1,test2,turn1,turn2
-33949,-34995,-53,-640,-756,-550,-616,-766,-706,-342,-129,-275,23944,22023,-574,-359,-38,-7889,-1555,-355,-86,-105,-659,-166,-265,-550,-612,-727,-384,-712,-287,-471,-406,-742,-73
0.7433382830728655,0.2800694332105206,-1.0,-1.0,-1.0,-1.0,-1.0,-1.0,-1.0,-1.0,-1.0,-1.0,0.8701372649173186,0.166408734247404,-1.0,-1.0,-1.0,0.8330831149949814,0.5661748784727244,-1.0,-1.0,-1.0,-1.0,-1.0,-1.0,-1.0,-1.0,-1.0,-1.0,-1.0,-1.0,-1.0,-1.0,-1.0,-1.0
