bad_A,bad_B,disc1,disc2,fI,fO_A,fO_B,fP_A,fP_B,fRi,fRo,fS,good_A,good_B,no_disc,pick,put,redo_A,redo_B,sI,sO_A,sO_B,sP_A,sP_B,sQ_A,sQ_Ar,sQ_B,sQ_Br,sRi,sRo,sS,test1,test2,turn1,turn2
-32679,-36633,-551,-659,-308,-82,-422,-141,-724,-64,-433,-289,37783,32956,-389,-762,-594,-8704,-8567,-486,-397,-701,-480,-284,-725,-189,-756,-626,-109,-711,-28,-204,-87,-224,-333
0.7804448302250899,0.6793571492254168,-1.0,-1.0,-1.0,-1.0,-1.0,-1.0,-1.0,-1.0,-1.0,-1.0,0.8200783310798659,0.43277307633473183,-1.0,-1.0,-1.0,0.1777096908821971,0.7405714038776297,-1.0,-1.0,-1.0,-1.0,-1.0,-1.0,-1.0,-1.0,-1.0,-1.0,-1.0,-1.0,-1.0,-1.0,-1.0,-1.0
