bad_A,bad_B,disc1,disc2,fI,fO_A,fO_B,fP_A,fP_B,fRi,fRo,fS,good_A,good_B,no_disc,pick,put,redo_A,redo_B,sI,sO_A,sO_B,sP_A,sP_B,sQ_A,sQ_Ar,sQ_B,sQ_Br,sRi,sRo,sS,test1,test2,turn1,turn2
-29442,-31151,-690,-702,-322,-362,-233,-76,-241,-45,-533,-294,35230,38313,-273,-57,-79,-1932,-4894,-110,-439,-407,-715,-239,-731,-391,-701,-254,-222,-186,-15,-684,-560,-156,-232
0.26538435972359353,0.827966623658982,-1.0,-1.0,-1.0,-1.0,-1.0,-1.0,-1.0,-1.0,-1.0,-1.0,0.5199411779381032,0.31875199563060513,-1.0,-1.0,-1.0,0.10147254772681054,0.6258913774799468,-1.0,-1.0,-1.0,-1.0,-1.0,-1.0,-1.0,-1.0,-1.0,-1.0,-1.0,-1.0,-1.0,-1.0,-1.0,-1.0
