bad_A,bad_B,disc1,disc2,fI,fO_A,fO_B,fP_A,fP_B,fRi,fRo,fS,good_A,good_B,no_disc,pick,put,redo_A,redo_B,sI,sO_A,sO_B,sP_A,sP_B,sQ_A,sQ_Ar,sQ_B,sQ_Br,sRi,sRo,sS,test1,test2,turn1,turn2
-36198,-32456,-569,-18,-20,-190,-274,-246,-488,-774,-720,-95,25669,38729,-347,-517,-262,-4429,-6855,-174,-421,-546,-537,-48,-253,-797,-178,-13,-98,-461,-361,-269,-560,-201,-55
0.4687875500830423,0.8001189407089291,-1.0,-1.0,-1.0,-1.0,-1.0,-1.0,-1.0,-1.0,-1.0,-1.0,0.8670425644327062,0.7567199205782397,-1.0,-1.0,-1.0,0.6853923095203514,0.13918578363893852,-1.0,-1.0,-1.0,-1.0,-1.0,-1.0,-1.0,-1.0,-1.0,-1.0,-1.0,-1.0,-1.0,-1.0,-1.0,-1.0
