bad_A,bad_B,disc1,disc2,fI,fO_A,fO_B,fP_A,fP_B,fRi,fRo,fS,good_A,good_B,no_disc,pick,put,redo_A,redo_B,sI,sO_A,sO_B,sP_A,sP_B,sQ_A,sQ_Ar,sQ_B,sQ_Br,sRi,sRo,sS,test1,test2,turn1,turn2
-26384,-32021,-62,-208,-384,-406,-309,-524,-363,-250,-207,-718,32497,25435,-125,-17,-111,-2104,-3511,-286,-531,-685,-257,-462,-602,-291,-24,-438,-416,-17,-414,-561,-202,-759,-753
0.6058731688384164,0.632062883552668,-1.0,-1.0,-1.0,-1.0,-1.0,-1.0,-1.0,-1.0,-1.0,-1.0,0.40954012744246204,0.49602925613206583,-1.0,-1.0,-1.0,0.7452612738246835,0.49738932162766936,-1.0,-1.0,-1.0,-1.0,-1.0,-1.0,-1.0,-1.0,-1.0,-1.0,-1.0,-1.0,-1.0,-1.0,-1.0,-1.0
