bad_A,bad_B,disc1,disc2,fI,fO_A,fO_B,fP_A,fP_B,fRi,fRo,fS,good_A,good_B,no_disc,pick,put,redo_A,redo_B,sI,sO_A,sO_B,sP_A,sP_B,sQ_A,sQ_Ar,sQ_B,sQ_Br,sRi,sRo,sS,test1,test2,turn1,turn2
-39719,-26225,-479,-154,-151,-324,-322,-763,-655,-440,-441,-394,38656,31080,-126,-220,-494,-5022,-8919,-686,-686,-689,-464,-651,-609,-572,-133,-593,-271,-291,-345,-221,-418,-600,-753
0.46176592494607505,0.15157428452471822,-1.0,-1.0,-1.0,-1.0,-1.0,-1.0,-1.0,-1.0,-1.0,-1.0,0.41550573752365194,0.5525742740328616,-1.0,-1.0,-1.0,0.8734156559581528,0.39087386346977204,-1.0,-1.0,-1.0,-1.0,-1.0,-1.0,-1.0,-1.0,-1.0,-1.0,-1.0,-1.0,-1.0,-1.0,-1.0,-1.0
