bad_A,bad_B,disc1,disc2,fI,fO_A,fO_B,fP_A,fP_B,fRi,fRo,fS,good_A,good_B,no_disc,pick,put,redo_A,redo_B,sI,sO_A,sO_B,sP_A,sP_B,sQ_A,sQ_Ar,sQ_B,sQ_Br,sRi,sRo,sS,test1,test2,turn1,turn2
-34064,-33384,-456,-366,-241,-555,-104,-97,-257,-34,-108,-20,29070,29273,-497,-552,-133,-1744,-8876,-704,-513,-439,-148,-18,-99,-272,-129,-636,-609,-491,-287,-150,-502,-756,-56
0.41587773542928563,0.8035979695056462,-1.0,-1.0,-1.0,-1.0,-1.0,-1.0,-1.0,-1.0,-1.0,-1.0,0.7048216593005932,0.8277372494985749,-1.0,-1.0,-1.0,0.12806172233988225,0.6348109191883293,-1.0,-1.0,-1.0,-1.0,-1.0,-1.0,-1.0,-1.0,-1.0,-1.0,-1.0,-1.0,-1.0,-1.0,-1.0,-1.0
