bad_A,bad_B,disc1,disc2,fI,fO_A,fO_B,fP_A,fP_B,fRi,fRo,fS,good_A,good_B,no_disc,pick,put,redo_A,redo_B,sI,sO_A,sO_B,sP_A,sP_B,sQ_A,sQ_Ar,sQ_B,sQ_Br,sRi,sRo,sS,test1,test2,turn1,turn2
-31858,-33874,-276,-214,-754,-42,-376,-506,-606,-618,-370,-466,39514,39261,-753,-392,-356,-7613,-4985,-288,-174,-380,-646,-537,-797,-683,-358,-299,-348,-587,-474,-564,-161,-633,-425
0.18571786994890208,0.35792652628752253,-1.0,-1.0,-1.0,-1.0,-1.0,-1.0,-1.0,-1.0,-1.0,-1.0,0.45491094080348515,0.1043456855195088,-1.0,-1.0,-1.0,0.16401566211231558,0.4011265926308625,-1.0,-1.0,-1.0,-1.0,-1.0,-1.0,-1.0,-1.0,-1.0,-1.0,-1.0,-1.0,-1.0,-1.0,-1.0,-1.0
