bad_A,bad_B,disc1,disc2,fI,fO_A,fO_B,fP_A,fP_B,fRi,fRo,fS,good_A,good_B,no_disc,pick,put,redo_A,redo_B,sI,sO_A,sO_B,sP_A,sP_B,sQ_A,sQ_Ar,sQ_B,sQ_Br,sRi,sRo,sS,test1,test2,turn1,turn2
-24154,-30038,-778,-526,-722,-526,-42,-782,-266,-605,-719,-151,25845,28097,-796,-160,-445,-3386,-5414,-570,-686,-80,-272,-27,-269,-766,-644,-684,-390,-422,-427,-235,-164,-584,-300
0.24025944728384588,0.7248225551483097,-1.0,-1.0,-1.0,-1.0,-1.0,-1.0,-1.0,-1.0,-1.0,-1.0,0.2802443165800482,0.6319846505038273,-1.0,-1.0,-1.0,0.8551265566149503,0.4374140801988823,-1.0,-1.0,-1.0,-1.0,-1.0,-1.0,-1.0,-1.0,-1.0,-1.0,-1.0,-1.0,-1.0,-1.0,-1.0,-1.0
