bad_A,bad_B,disc1,disc2,fI,fO_A,fO_B,fP_A,fP_B,fRi,fRo,fS,good_A,good_B,no_disc,pick,put,redo_A,redo_B,sI,sO_A,sO_B,sP_A,sP_B,sQ_A,sQ_Ar,sQ_B,sQ_Br,sRi,sRo,sS,test1,test2,turn1,turn2
-21665,-26722,-101,-358,-752,-103,-668,-20,-733,-51,-62,-426,23733,21309,-692,-658,-626,-8765,-4596,-526,-735,-546,-210,-746,-569,-525,-644,-44,-559,-300,-373,-521,-769,-658,-85
0.6015560850011984,0.7660710992841259,-1.0,-1.0,-1.0,-1.0,-1.0,-1.0,-1.0,-1.0,-1.0,-1.0,0.5685457904776191,0.2743395031608869,-1.0,-1.0,-1.0,0.8616452219955976,0.1188627319537889,-1.0,-1.0,-1.0,-1.0,-1.0,-1.0,-1.0,-1.0,-1.0,-1.0,-1.0,-1.0,-1.0,-1.0,-1.0,-1.0
