bad_A,bad_B,fI,fO_A,fO_B,fP_A,fp_B,fRi,fRo,fS,good_A,good_B,redo_A,redo_B,sI,sO_A,sO_B,sP_A,sP_B,sQ_A,sQ_Ar,sQ_B,sQ_Br,sRi,sRo,sS
-35463,-35074,-143,-305,-420,-190,-55,-394,-719,-12,35095,34728,-4612,-2542,-680,-298,-757,-388,-547,-779,-252,-140,-590,-625,-251,-94
0.20187646754791874,0.1495730446318226,-1.0,-1.0,-1.0,-1.0,-1.0,-1.0,-1.0,-1.0,0.28335316299664093,0.5214724613941285,0.3086438404225966,0.6513192282844101,-1.0,-1.0,-1.0,-1.0,-1.0,-1.0,-1.0,-1.0,-1.0,-1.0,-1.0,-1.0
