bad_A,bad_B,fI,fO_A,fO_B,fP_A,fp_B,fRi,fRo,fS,good_A,good_B,redo_A,redo_B,sI,sO_A,sO_B,sP_A,sP_B,sQ_A,sQ_Ar,sQ_B,sQ_Br,sRi,sRo,sS
-32434,-38432,-113,-484,-558,-661,-37,-605,-730,-625,21620,23824,-1865,-4381,-587,-482,-52,-754,-561,-133,-299,-138,-215,-148,-152,-595
0.4122835609985426,0.128207444384981,-1.0,-1.0,-1.0,-1.0,-1.0,-1.0,-1.0,-1.0,0.4150897335206337,0.35315699417697677,0.7383566906779699,0.49401877189432386,-1.0,-1.0,-1.0,-1.0,-1.0,-1.0,-1.0,-1.0,-1.0,-1.0,-1.0,-1.0
