bad_A,bad_B,fI,fO_A,fO_B,fP_A,fp_B,fRi,fRo,fS,good_A,good_B,redo_A,redo_B,sI,sO_A,sO_B,sP_A,sP_B,sQ_A,sQ_Ar,sQ_B,sQ_Br,sRi,sRo,sS
-22375,-28077,-176,-90,-663,-726,-684,-479,-189,-337,31540,31400,-7974,-7713,-40,-453,-670,-397,-149,-675,-264,-639,-686,-691,-475,-405
0.8096805847111659,0.3929508699653612,-1.0,-1.0,-1.0,-1.0,-1.0,-1.0,-1.0,-1.0,0.35219144731777774,0.8428109394303744,0.14915911437924506,0.7285647963593563,-1.0,-1.0,-1.0,-1.0,-1.0,-1.0,-1.0,-1.0,-1.0,-1.0,-1.0,-1.0
