bad_A,bad_B,fI,fO_A,fO_B,fP_A,fp_B,fRi,fRo,fS,good_A,good_B,redo_A,redo_B,sI,sO_A,sO_B,sP_A,sP_B,sQ_A,sQ_Ar,sQ_B,sQ_Br,sRi,sRo,sS
-36947,-30516,-170,-307,-194,-309,-155,-569,-715,-593,37404,22477,-2872,-8820,-599,-357,-560,-456,-230,-472,-743,-645,-544,-148,-207,-648
0.35687930011629654,0.6228268092112665,-1.0,-1.0,-1.0,-1.0,-1.0,-1.0,-1.0,-1.0,0.8877280965178561,0.29492445699346115,0.6204813518159644,0.41648063254388634,-1.0,-1.0,-1.0,-1.0,-1.0,-1.0,-1.0,-1.0,-1.0,-1.0,-1.0,-1.0
