bad_A,bad_B,disc1,disc2,fI,fO_A,fO_B,fP_A,fP_B,fRi,fRo,fS,good_A,good_B,no_disc,pick,put,redo_A,redo_B,sI,sO_A,sO_B,sP_A,sP_B,sQ_A,sQ_Ar,sQ_B,sQ_Br,sRi,sRo,sS,test1,test2,turn1,turn2
-30855,-33564,-331,-394,-244,-51,-204,-565,-86,-577,-575,-479,20106,24598,-345,-650,-742,-8807,-5882,-58,-273,-658,-670,-479,-696,-418,-577,-466,-92,-405,-288,-26,-34,-795,-66
0.8736070063120767,0.453773345113864,-1.0,-1.0,-1.0,-1.0,-1.0,-1.0,-1.0,-1.0,-1.0,-1.0,0.2147140538286082,0.42068575198207736,-1.0,-1.0,-1.0,0.3737862892985455,0.2909527713363371,-1.0,-1.0,-1.0,-1.0,-1.0,-1.0,-1.0,-1.0,-1.0,-1.0,-1.0,-1.0,-1.0,-1.0,-1.0,-1.0
