bad_A,bad_B,disc1,disc2,fI,fO_A,fO_B,fP_A,fP_B,fRi,fRo,fS,good_A,good_B,no_disc,pick,put,redo_A,redo_B,sI,sO_A,sO_B,sP_A,sP_B,sQ_A,sQ_Ar,sQ_B,sQ_Br,sRi,sRo,sS,test1,test2,turn1,turn2
-28086,-27815,-180,-144,-796,-392,-205,-18,-629,-400,-697,-558,27811,28634,-198,-367,-40,-2479,-5707,-34,-29,-79,-100,-782,-38,-450,-217,-111,-500,-147,-246,-151,-391,-245,-229
0.31870087990121676,0.45027763673093735,-1.0,-1.0,-1.0,-1.0,-1.0,-1.0,-1.0,-1.0,-1.0,-1.0,0.8343433175582174,0.16029271667746034,-1.0,-1.0,-1.0,0.21534651298855653,0.8708805184471435,-1.0,-1.0,-1.0,-1.0,-1.0,-1.0,-1.0,-1.0,-1.0,-1.0,-1.0,-1.0,-1.0,-1.0,-1.0,-1.0
