bad_A,bad_B,disc1,disc2,fI,fO_A,fO_B,fP_A,fP_B,fRi,fRo,fS,good_A,good_B,no_disc,pick,put,redo_A,redo_B,sI,sO_A,sO_B,sP_A,sP_B,sQ_A,sQ_Ar,sQ_B,sQ_Br,sRi,sRo,sS,test1,test2,turn1,turn2
-27748,-20334,-365,-231,-181,-530,-788,-718,-467,-790,-286,-57,22462,25840,-791,-720,-488,-2449,-2473,-370,-715,-600,-459,-707,-626,-607,-142,-752,-362,-320,-22,-775,-344,-618,-569
0.3006661132769727,0.7340707350898455,-1.0,-1.0,-1.0,-1.0,-1.0,-1.0,-1.0,-1.0,-1.0,-1.0,0.4120790126755005,0.8802915647294092,-1.0,-1.0,-1.0,0.5407915502852074,0.34091858317986967,-1.0,-1.0,-1.0,-1.0,-1.0,-1.0,-1.0,-1.0,-1.0,-1.0,-1.0,-1.0,-1.0,-1.0,-1.0,-1.0
