bad_A,bad_B,disc1,disc2,fI,fO_A,fO_B,fP_A,fP_B,fRi,fRo,fS,good_A,good_B,no_disc,pick,put,redo_A,redo_B,sI,sO_A,sO_B,sP_A,sP_B,sQ_A,sQ_Ar,sQ_B,sQ_Br,sRi,sRo,sS,test1,test2,turn1,turn2
-38780,-22960,-49,-415,-292,-223,-389,-236,-342,-488,-689,-338,26309,22574,-174,-592,-411,-8688,-3611,-20,-109,-284,-565,-454,-50,-124,-426,-667,-146,-91,-590,-396,-434,-509,-486
0.714244177133286,0.12703989605593888,-1.0,-1.0,-1.0,-1.0,-1.0,-1.0,-1.0,-1.0,-1.0,-1.0,0.46697471263951107,0.28759156110401723,-1.0,-1.0,-1.0,0.5333641060562034,0.24467597745802952,-1.0,-1.0,-1.0,-1.0,-1.0,-1.0,-1.0,-1.0,-1.0,-1.0,-1.0,-1.0,-1.0,-1.0,-1.0,-1.0
