bad_A,bad_B,disc1,disc2,fI,fO_A,fO_B,fP_A,fP_B,fRi,fRo,fS,good_A,good_B,no_disc,pick,put,redo_A,redo_B,sI,sO_A,sO_B,sP_A,sP_B,sQ_A,sQ_Ar,sQ_B,sQ_Br,sRi,sRo,sS,test1,test2,turn1,turn2
-27189,-39931,-714,-471,-43,-161,-238,-395,-166,-84,-536,-609,38633,35733,-757,-361,-137,-3855,-7282,-690,-687,-188,-391,-761,-29,-258,-361,-93,-344,-582,-269,-752,-140,-726,-67
0.3121253115841679,0.20317507070337984,-1.0,-1.0,-1.0,-1.0,-1.0,-1.0,-1.0,-1.0,-1.0,-1.0,0.2514805165797698,0.17404626795185474,-1.0,-1.0,-1.0,0.13531569027042745,0.3741244598958807,-1.0,-1.0,-1.0,-1.0,-1.0,-1.0,-1.0,-1.0,-1.0,-1.0,-1.0,-1.0,-1.0,-1.0,-1.0,-1.0
