bad_A,bad_B,disc1,disc2,fI,fO_A,fO_B,fP_A,fP_B,fRi,fRo,fS,good_A,good_B,no_disc,pick,put,redo_A,redo_B,sI,sO_A,sO_B,sP_A,sP_B,sQ_A,sQ_Ar,sQ_B,sQ_Br,sRi,sRo,sS,test1,test2,turn1,turn2
-33061,-32962,-209,-163,-779,-172,-789,-252,-600,-465,-776,-91,33740,35656,-734,-58,-730,-5704,-2455,-768,-318,-604,-589,-750,-372,-775,-714,-569,-223,-369,-419,-341,-151,-566,-705
0.599098410484352,0.1221653924101001,-1.0,-1.0,-1.0,-1.0,-1.0,-1.0,-1.0,-1.0,-1.0,-1.0,0.1569887720407877,0.1981621206045503,-1.0,-1.0,-1.0,0.6826899421711917,0.8313336358670084,-1.0,-1.0,-1.0,-1.0,-1.0,-1.0,-1.0,-1.0,-1.0,-1.0,-1.0,-1.0,-1.0,-1.0,-1.0,-1.0
