bad_A,bad_B,disc1,disc2,fI,fO_A,fO_B,fP_A,fP_B,fRi,fRo,fS,good_A,good_B,no_disc,pick,put,redo_A,redo_B,sI,sO_A,sO_B,sP_A,sP_B,sQ_A,sQ_Ar,sQ_B,sQ_Br,sRi,sRo,sS,test1,test2,turn1,turn2
-37169,-28254,-707,-397,-219,-178,-520,-759,-76,-709,-371,-613,28334,37577,-584,-695,-100,-7734,-7441,-699,-493,-321,-532,-501,-314,-631,-363,-26,-794,-109,-540,-745,-762,-111,-176
0.8192138901841172,0.8991529431481203,-1.0,-1.0,-1.0,-1.0,-1.0,-1.0,-1.0,-1.0,-1.0,-1.0,0.5149723135317994,0.3578321344234411,-1.0,-1.0,-1.0,0.6710059711596472,0.23023572456673175,-1.0,-1.0,-1.0,-1.0,-1.0,-1.0,-1.0,-1.0,-1.0,-1.0,-1.0,-1.0,-1.0,-1.0,-1.0,-1.0
