bad_A,bad_B,disc1,disc2,fI,fO_A,fO_B,fP_A,fP_B,fRi,fRo,fS,good_A,good_B,no_disc,pick,put,redo_A,redo_B,sI,sO_A,sO_B,sP_A,sP_B,sQ_A,sQ_Ar,sQ_B,sQ_Br,sRi,sRo,sS,test1,test2,turn1,turn2
-26649,-32839,-782,-571,-224,-359,-733,-86,-333,-192,-103,-633,24575,31556,-393,-375,-296,-1204,-2721,-703,-420,-768,-709,-389,-609,-126,-798,-377,-572,-397,-553,-456,-763,-681,-517
0.8585410326283344,0.30829047206431137,-1.0,-1.0,-1.0,-1.0,-1.0,-1.0,-1.0,-1.0,-1.0,-1.0,0.5905404382654512,0.4351743467603376,-1.0,-1.0,-1.0,0.11150708826955694,0.5017463280775953,-1.0,-1.0,-1.0,-1.0,-1.0,-1.0,-1.0,-1.0,-1.0,-1.0,-1.0,-1.0,-1.0,-1.0,-1.0,-1.0
