bad_A,bad_B,disc1,disc2,fI,fO_A,fO_B,fP_A,fP_B,fRi,fRo,fS,good_A,good_B,no_disc,pick,put,redo_A,redo_B,sI,sO_A,sO_B,sP_A,sP_B,sQ_A,sQ_Ar,sQ_B,sQ_Br,sRi,sRo,sS,test1,test2,turn1,turn2
-21216,-22874,-322,-315,-186,-229,-192,-55,-439,-83,-483,-650,20648,39058,-156,-349,-278,-4387,-2161,-237,-414,-365,-702,-573,-435,-258,-773,-232,-280,-486,-612,-475,-173,-361,-208
0.305965952774384,0.607138763589892,-1.0,-1.0,-1.0,-1.0,-1.0,-1.0,-1.0,-1.0,-1.0,-1.0,0.8573220495922084,0.6481096787954598,-1.0,-1.0,-1.0,0.4234996823038053,0.8514840037592709,-1.0,-1.0,-1.0,-1.0,-1.0,-1.0,-1.0,-1.0,-1.0,-1.0,-1.0,-1.0,-1.0,-1.0,-1.0,-1.0
