bad_A,bad_B,disc1,disc2,fI,fO_A,fO_B,fP_A,fP_B,fRi,fRo,fS,good_A,good_B,no_disc,pick,put,redo_A,redo_B,sI,sO_A,sO_B,sP_A,sP_B,sQ_A,sQ_Ar,sQ_B,sQ_Br,sRi,sRo,sS,test1,test2,turn1,turn2
-31923,-32245,-459,-521,-634,-223,-216,-349,-277,-766,-268,-412,36353,23366,-352,-246,-149,-1348,-3640,-446,-258,-76,-538,-673,-250,-97,-585,-90,-12,-189,-580,-662,-270,-95,-590
0.7105283523112064,0.19585271150196065,-1.0,-1.0,-1.0,-1.0,-1.0,-1.0,-1.0,-1.0,-1.0,-1.0,0.614431437605391,0.8121061032938374,-1.0,-1.0,-1.0,0.22702964943734774,0.709501139008644,-1.0,-1.0,-1.0,-1.0,-1.0,-1.0,-1.0,-1.0,-1.0,-1.0,-1.0,-1.0,-1.0,-1.0,-1.0,-1.0
