bad_A,bad_B,disc1,disc2,fI,fO_A,fO_B,fP_A,fP_B,fRi,fRo,fS,good_A,good_B,no_disc,pick,put,redo_A,redo_B,sI,sO_A,sO_B,sP_A,sP_B,sQ_A,sQ_Ar,sQ_B,sQ_Br,sRi,sRo,sS,test1,test2,turn1,turn2
-21696,-37616,-131,-650,-474,-447,-97,-571,-668,-596,-736,-458,32822,37058,-192,-423,-749,-6488,-6106,-131,-715,-99,-29,-210,-299,-537,-429,-533,-529,-626,-118,-706,-354,-727,-786
0.7629501427504947,0.8100889831564341,-1.0,-1.0,-1.0,-1.0,-1.0,-1.0,-1.0,-1.0,-1.0,-1.0,0.1764817999643465,0.8476427362763423,-1.0,-1.0,-1.0,0.31483419312151695,0.41521542832608105,-1.0,-1.0,-1.0,-1.0,-1.0,-1.0,-1.0,-1.0,-1.0,-1.0,-1.0,-1.0,-1.0,-1.0,-1.0,-1.0
