bad_A,bad_B,disc1,disc2,fI,fO_A,fO_B,fP_A,fP_B,fRi,fRo,fS,good_A,good_B,no_disc,pick,put,redo_A,redo_B,sI,sO_A,sO_B,sP_A,sP_B,sQ_A,sQ_Ar,sQ_B,sQ_Br,sRi,sRo,sS,test1,test2,turn1,turn2
-25062,-30684,-492,-772,-519,-475,-248,-718,-98,-558,-473,-23,35498,31815,-504,-168,-626,-1534,-7570,-256,-117,-123,-119,-371,-753,-620,-471,-304,-624,-203,-147,-691,-114,-243,-789
0.7601407954791556,0.8547017194951978,-1.0,-1.0,-1.0,-1.0,-1.0,-1.0,-1.0,-1.0,-1.0,-1.0,0.830820057428907,0.548418399019388,-1.0,-1.0,-1.0,0.7227671261327917,0.5220148092732896,-1.0,-1.0,-1.0,-1.0,-1.0,-1.0,-1.0,-1.0,-1.0,-1.0,-1.0,-1.0,-1.0,-1.0,-1.0,-1.0
