bad_A,bad_B,disc1,disc2,fI,fO_A,fO_B,fP_A,fP_B,fRi,fRo,fS,good_A,good_B,no_disc,pick,put,redo_A,redo_B,sI,sO_A,sO_B,sP_A,sP_B,sQ_A,sQ_Ar,sQ_B,sQ_Br,sRi,sRo,sS,test1,test2,turn1,turn2
-25199,-37178,-726,-286,-258,-409,-86,-27,-781,-632,-323,-117,33148,29073,-125,-565,-526,-7471,-7157,-628,-595,-171,-561,-731,-44,-269,-385,-475,-215,-138,-17,-128,-28,-363,-160
0.8771137655483637,0.4177082165180457,-1.0,-1.0,-1.0,-1.0,-1.0,-1.0,-1.0,-1.0,-1.0,-1.0,0.35017341864817697,0.15286381913079997,-1.0,-1.0,-1.0,0.8133838137794726,0.633304732790042,-1.0,-1.0,-1.0,-1.0,-1.0,-1.0,-1.0,-1.0,-1.0,-1.0,-1.0,-1.0,-1.0,-1.0,-1.0,-1.0
