bad_A,bad_B,disc1,disc2,fI,fO_A,fO_B,fP_A,fP_B,fRi,fRo,fS,good_A,good_B,no_disc,pick,put,redo_A,redo_B,sI,sO_A,sO_B,sP_A,sP_B,sQ_A,sQ_Ar,sQ_B,sQ_Br,sRi,sRo,sS,test1,test2,turn1,turn2
-38963,-24751,-800,-378,-83,-662,-258,-316,-575,-608,-628,-649,31526,23279,-401,-484,-455,-7010,-7653,-361,-604,-467,-624,-791,-251,-618,-610,-244,-782,-194,-207,-140,-608,-265,-659
0.8157632218960807,0.2610296322856187,-1.0,-1.0,-1.0,-1.0,-1.0,-1.0,-1.0,-1.0,-1.0,-1.0,0.11343250666795034,0.4684274295223876,-1.0,-1.0,-1.0,0.7418560639685284,0.22051137624900596,-1.0,-1.0,-1.0,-1.0,-1.0,-1.0,-1.0,-1.0,-1.0,-1.0,-1.0,-1.0,-1.0,-1.0,-1.0,-1.0
