bad_A,bad_B,disc1,disc2,fI,fO_A,fO_B,fP_A,fP_B,fRi,fRo,fS,good_A,good_B,no_disc,pick,put,redo_A,redo_B,sI,sO_A,sO_B,sP_A,sP_B,sQ_A,sQ_Ar,sQ_B,sQ_Br,sRi,sRo,sS,test1,test2,turn1,turn2
-37901,-38920,-708,-460,-49,-380,-306,-416,-346,-557,-53,-331,32231,23475,-674,-757,-493,-7981,-2801,-543,-657,-34,-478,-778,-153,-177,-416,-707,-454,-158,-434,-442,-593,-407,-207
0.886281205294407,0.44604336728035654,-1.0,-1.0,-1.0,-1.0,-1.0,-1.0,-1.0,-1.0,-1.0,-1.0,0.6887949647965188,0.35982928762136857,-1.0,-1.0,-1.0,0.17996526164797455,0.714633513032861,-1.0,-1.0,-1.0,-1.0,-1.0,-1.0,-1.0,-1.0,-1.0,-1.0,-1.0,-1.0,-1.0,-1.0,-1.0,-1.0
