bad_A,bad_B,disc1,disc2,fI,fO_A,fO_B,fP_A,fP_B,fRi,fRo,fS,good_A,good_B,no_disc,pick,put,redo_A,redo_B,sI,sO_A,sO_B,sP_A,sP_B,sQ_A,sQ_Ar,sQ_B,sQ_Br,sRi,sRo,sS,test1,test2,turn1,turn2
-38166,-20104,-661,-419,-755,-82,-147,-139,-452,-664,-669,-209,34311,23329,-316,-330,-243,-8862,-5745,-252,-444,-525,-600,-545,-82,-483,-67,-40,-444,-196,-609,-313,-115,-605,-592
0.32727521220173983,0.559579697215444,-1.0,-1.0,-1.0,-1.0,-1.0,-1.0,-1.0,-1.0,-1.0,-1.0,0.2633174995913732,0.6201179228967126,-1.0,-1.0,-1.0,0.1654147733259105,0.36176929178646366,-1.0,-1.0,-1.0,-1.0,-1.0,-1.0,-1.0,-1.0,-1.0,-1.0,-1.0,-1.0,-1.0,-1.0,-1.0,-1.0
