bad_A,bad_B,disc1,disc2,fI,fO_A,fO_B,fP_A,fP_B,fRi,fRo,fS,good_A,good_B,no_disc,pick,put,redo_A,redo_B,sI,sO_A,sO_B,sP_A,sP_B,sQ_A,sQ_Ar,sQ_B,sQ_Br,sRi,sRo,sS,test1,test2,turn1,turn2
-27353,-21465,-15,-91,-698,-486,-342,-743,-355,-618,-665,-18,26908,24105,-718,-386,-243,-2342,-3916,-97,-719,-243,-106,-88,-664,-221,-380,-474,-113,-697,-140,-372,-289,-420,-742
0.6667252762646705,0.7738431977154157,-1.0,-1.0,-1.0,-1.0,-1.0,-1.0,-1.0,-1.0,-1.0,-1.0,0.8703119136366424,0.8966617636374932,-1.0,-1.0,-1.0,0.6897910871544528,0.8720813698991945,-1.0,-1.0,-1.0,-1.0,-1.0,-1.0,-1.0,-1.0,-1.0,-1.0,-1.0,-1.0,-1.0,-1.0,-1.0,-1.0
