bad_A,bad_B,disc1,disc2,fI,fO_A,fO_B,fP_A,fP_B,fRi,fRo,fS,good_A,good_B,no_disc,pick,put,redo_A,redo_B,sI,sO_A,sO_B,sP_A,sP_B,sQ_A,sQ_Ar,sQ_B,sQ_Br,sRi,sRo,sS,test1,test2,turn1,turn2
-25367,-33660,-155,-318,-438,-297,-625,-615,-57,-800,-514,-33,34033,23213,-783,-554,-547,-8830,-7078,-77,-175,-121,-22,-54,-103,-302,-298,-631,-305,-440,-199,-255,-723,-402,-331
0.7376295553045039,0.4009944252294856,-1.0,-1.0,-1.0,-1.0,-1.0,-1.0,-1.0,-1.0,-1.0,-1.0,0.8101015523570941,0.8202021329533535,-1.0,-1.0,-1.0,0.29255875598190945,0.5409025321422283,-1.0,-1.0,-1.0,-1.0,-1.0,-1.0,-1.0,-1.0,-1.0,-1.0,-1.0,-1.0,-1.0,-1.0,-1.0,-1.0
