bad_A,bad_B,disc1,disc2,fI,fO_A,fO_B,fP_A,fP_B,fRi,fRo,fS,good_A,good_B,no_disc,pick,put,redo_A,redo_B,sI,sO_A,sO_B,sP_A,sP_B,sQ_A,sQ_Ar,sQ_B,sQ_Br,sRi,sRo,sS,test1,test2,turn1,turn2
-22427,-20960,-666,-588,-300,-343,-371,-368,-189,-200,-491,-717,20274,25353,-26,-112,-296,-6012,-8494,-310,-685,-304,-745,-665,-545,-287,-567,-210,-261,-400,-161,-249,-377,-31,-349
0.6653650110818142,0.2035713311185826,-1.0,-1.0,-1.0,-1.0,-1.0,-1.0,-1.0,-1.0,-1.0,-1.0,0.45917527892096754,0.6211069253918274,-1.0,-1.0,-1.0,0.36621528644064105,0.12478238047244812,-1.0,-1.0,-1.0,-1.0,-1.0,-1.0,-1.0,-1.0,-1.0,-1.0,-1.0,-1.0,-1.0,-1.0,-1.0,-1.0
