bad_A,bad_B,disc1,disc2,fI,fO_A,fO_B,fP_A,fP_B,fRi,fRo,fS,good_A,good_B,no_disc,pick,put,redo_A,redo_B,sI,sO_A,sO_B,sP_A,sP_B,sQ_A,sQ_Ar,sQ_B,sQ_Br,sRi,sRo,sS,test1,test2,turn1,turn2
-30791,-29182,-691,-536,-242,-273,-74,-179,-741,-161,-138,-681,38645,21458,-122,-548,-616,-6554,-2715,-37,-362,-704,-396,-416,-390,-528,-782,-386,-532,-123,-174,-206,-46,-692,-254
0.8703263708446146,0.7303723749391998,-1.0,-1.0,-1.0,-1.0,-1.0,-1.0,-1.0,-1.0,-1.0,-1.0,0.2369532372824404,0.830687162743434,-1.0,-1.0,-1.0,0.26755341635374863,0.1661012907711671,-1.0,-1.0,-1.0,-1.0,-1.0,-1.0,-1.0,-1.0,-1.0,-1.0,-1.0,-1.0,-1.0,-1.0,-1.0,-1.0
