bad_A,bad_B,disc1,disc2,fI,fO_A,fO_B,fP_A,fP_B,fRi,fRo,fS,good_A,good_B,no_disc,pick,put,redo_A,redo_B,sI,sO_A,sO_B,sP_A,sP_B,sQ_A,sQ_Ar,sQ_B,sQ_Br,sRi,sRo,sS,test1,test2,turn1,turn2
-26535,-22474,-654,-335,-10,-641,-187,-43,-348,-296,-469,-625,22092,20567,-327,-380,-450,-3293,-7727,-365,-692,-426,-654,-638,-537,-599,-46,-488,-196,-383,-252,-772,-610,-160,-616
0.1856209501057121,0.6346840425601166,-1.0,-1.0,-1.0,-1.0,-1.0,-1.0,-1.0,-1.0,-1.0,-1.0,0.26659920111113006,0.8507790984540783,-1.0,-1.0,-1.0,0.5516544898452981,0.693359073701473,-1.0,-1.0,-1.0,-1.0,-1.0,-1.0,-1.0,-1.0,-1.0,-1.0,-1.0,-1.0,-1.0,-1.0,-1.0,-1.0
