bad_A,bad_B,disc1,disc2,fI,fO_A,fO_B,fP_A,fP_B,fRi,fRo,fS,good_A,good_B,no_disc,pick,put,redo_A,redo_B,sI,sO_A,sO_B,sP_A,sP_B,sQ_A,sQ_Ar,sQ_B,sQ_Br,sRi,sRo,sS,test1,test2,turn1,turn2
-30885,-29192,-20,-494,-310,-477,-784,-302,-281,-49,-265,-170,38053,24012,-639,-525,-16,-5024,-7298,-122,-673,-163,-353,-527,-81,-437,-789,-152,-58,-19,-301,-564,-123,-370,-385
0.23729230665624065,0.4113795878090819,-1.0,-1.0,-1.0,-1.0,-1.0,-1.0,-1.0,-1.0,-1.0,-1.0,0.7978595618831914,0.8237994940641153,-1.0,-1.0,-1.0,0.23454081521949385,0.7314022148600219,-1.0,-1.0,-1.0,-1.0,-1.0,-1.0,-1.0,-1.0,-1.0,-1.0,-1.0,-1.0,-1.0,-1.0,-1.0,-1.0
