bad_A,bad_B,disc1,disc2,fI,fO_A,fO_B,fP_A,fP_B,fRi,fRo,fS,good_A,good_B,no_disc,pick,put,redo_A,redo_B,sI,sO_A,sO_B,sP_A,sP_B,sQ_A,sQ_Ar,sQ_B,sQ_Br,sRi,sRo,sS,test1,test2,turn1,turn2
-20498,-21310,-97,-172,-681,-194,-273,-632,-215,-586,-547,-684,23192,33467,-337,-293,-703,-5988,-8786,-205,-677,-430,-266,-383,-23,-428,-386,-384,-323,-574,-544,-702,-329,-82,-174
0.346808546982808,0.39968137123806335,-1.0,-1.0,-1.0,-1.0,-1.0,-1.0,-1.0,-1.0,-1.0,-1.0,0.7092981154094824,0.6020006155351804,-1.0,-1.0,-1.0,0.6969867476098053,0.42286369487396747,-1.0,-1.0,-1.0,-1.0,-1.0,-1.0,-1.0,-1.0,-1.0,-1.0,-1.0,-1.0,-1.0,-1.0,-1.0,-1.0
