bad_A,bad_B,disc1,disc2,fI,fO_A,fO_B,fP_A,fP_B,fRi,fRo,fS,good_A,good_B,no_disc,pick,put,redo_A,redo_B,sI,sO_A,sO_B,sP_A,sP_B,sQ_A,sQ_Ar,sQ_B,sQ_Br,sRi,sRo,sS,test1,test2,turn1,turn2
-36168,-22929,-361,-705,-579,-784,-468,-549,-497,-473,-576,-284,21154,20389,-104,-42,-718,-6298,-6483,-703,-323,-734,-236,-363,-384,-616,-277,-486,-738,-584,-567,-463,-519,-510,-576
0.5125658313759086,0.17409415919255258,-1.0,-1.0,-1.0,-1.0,-1.0,-1.0,-1.0,-1.0,-1.0,-1.0,0.29247591100378234,0.5185087895418578,-1.0,-1.0,-1.0,0.49090898780552494,0.39912943934288203,-1.0,-1.0,-1.0,-1.0,-1.0,-1.0,-1.0,-1.0,-1.0,-1.0,-1.0,-1.0,-1.0,-1.0,-1.0,-1.0
