bad_A,bad_B,disc1,disc2,fI,fO_A,fO_B,fP_A,fP_B,fRi,fRo,fS,good_A,good_B,no_disc,pick,put,redo_A,redo_B,sI,sO_A,sO_B,sP_A,sP_B,sQ_A,sQ_Ar,sQ_B,sQ_Br,sRi,sRo,sS,test1,test2,turn1,turn2
-36743,-37206,-106,-445,-669,-359,-183,-521,-268,-101,-182,-71,39931,39433,-33,-460,-191,-7922,-5477,-525,-140,-126,-458,-519,-596,-246,-759,-149,-489,-12,-584,-402,-251,-410,-553
0.6349613930777044,0.308493924093004,-1.0,-1.0,-1.0,-1.0,-1.0,-1.0,-1.0,-1.0,-1.0,-1.0,0.8788007152450726,0.5450889034961762,-1.0,-1.0,-1.0,0.22097099509832185,0.26045290878718574,-1.0,-1.0,-1.0,-1.0,-1.0,-1.0,-1.0,-1.0,-1.0,-1.0,-1.0,-1.0,-1.0,-1.0,-1.0,-1.0
