bad_A,bad_B,disc1,disc2,fI,fO_A,fO_B,fP_A,fP_B,fRi,fRo,fS,good_A,good_B,no_disc,pick,put,redo_A,redo_B,sI,sO_A,sO_B,sP_A,sP_B,sQ_A,sQ_Ar,sQ_B,sQ_Br,sRi,sRo,sS,test1,test2,turn1,turn2
-30338,-30818,-784,-46,-617,-269,-12,-371,-702,-697,-406,-233,32736,30018,-79,-186,-339,-7654,-2952,-643,-36,-43,-375,-292,-93,-739,-709,-767,-248,-80,-311,-743,-312,-275,-595
0.6302840816741786,0.11913338920848648,-1.0,-1.0,-1.0,-1.0,-1.0,-1.0,-1.0,-1.0,-1.0,-1.0,0.8183917242176207,0.8704895859211299,-1.0,-1.0,-1.0,0.6281895931041483,0.6348241855294171,-1.0,-1.0,-1.0,-1.0,-1.0,-1.0,-1.0,-1.0,-1.0,-1.0,-1.0,-1.0,-1.0,-1.0,-1.0,-1.0
