bad_A,bad_B,disc1,disc2,fI,fO_A,fO_B,fP_A,fP_B,fRi,fRo,fS,good_A,good_B,no_disc,pick,put,redo_A,redo_B,sI,sO_A,sO_B,sP_A,sP_B,sQ_A,sQ_Ar,sQ_B,sQ_Br,sRi,sRo,sS,test1,test2,turn1,turn2
-30869,-32765,-307,-641,-787,-293,-793,-324,-534,-57,-174,-675,37020,28150,-99,-377,-663,-4716,-3718,-528,-785,-169,-41,-568,-755,-415,-764,-638,-212,-75,-734,-460,-703,-269,-744
0.5399949680231847,0.5629024039016183,-1.0,-1.0,-1.0,-1.0,-1.0,-1.0,-1.0,-1.0,-1.0,-1.0,0.3736552347176597,0.2944901117686587,-1.0,-1.0,-1.0,0.29130906790362965,0.7487442278088909,-1.0,-1.0,-1.0,-1.0,-1.0,-1.0,-1.0,-1.0,-1.0,-1.0,-1.0,-1.0,-1.0,-1.0,-1.0,-1.0
