bad_A,bad_B,disc1,disc2,fI,fO_A,fO_B,fP_A,fP_B,fRi,fRo,fS,good_A,good_B,no_disc,pick,put,redo_A,redo_B,sI,sO_A,sO_B,sP_A,sP_B,sQ_A,sQ_Ar,sQ_B,sQ_Br,sRi,sRo,sS,test1,test2,turn1,turn2
-35505,-39884,-368,-383,-124,-594,-795,-750,-482,-94,-641,-11,38097,27839,-371,-395,-462,-3703,-2975,-419,-201,-441,-258,-196,-269,-327,-555,-795,-87,-380,-652,-720,-28,-387,-419
0.49195140847466445,0.4248121993431967,-1.0,-1.0,-1.0,-1.0,-1.0,-1.0,-1.0,-1.0,-1.0,-1.0,0.41141248296791255,0.8902061966116291,-1.0,-1.0,-1.0,0.3281646713706602,0.22157984240649534,-1.0,-1.0,-1.0,-1.0,-1.0,-1.0,-1.0,-1.0,-1.0,-1.0,-1.0,-1.0,-1.0,-1.0,-1.0,-1.0
