bad_A,bad_B,fI,fO_A,fO_B,fP_A,fp_B,fRi,fRo,fS,good_A,good_B,redo_A,redo_B,sI,sO_A,sO_B,sP_A,sP_B,sQ_A,sQ_Ar,sQ_B,sQ_Br,sRi,sRo,sS
-30239,-30274,-429,-356,-579,-588,-609,-191,-82,-232,28243,20221,-1144,-6440,-261,-632,-120,-555,-581,-589,-327,-288,-699,-426,-214,-174
0.24028501799914245,0.3875507589873538,-1.0,-1.0,-1.0,-1.0,-1.0,-1.0,-1.0,-1.0,0.6649396041518959,0.13906556929944414,0.5051672391714688,0.7757053133189716,-1.0,-1.0,-1.0,-1.0,-1.0,-1.0,-1.0,-1.0,-1.0,-1.0,-1.0,-1.0
