bad_A,bad_B,fI,fO_A,fO_B,fP_A,fp_B,fRi,fRo,fS,good_A,good_B,redo_A,redo_B,sI,sO_A,sO_B,sP_A,sP_B,sQ_A,sQ_Ar,sQ_B,sQ_Br,sRi,sRo,sS
-31897,-32101,-307,-115,-36,-412,-720,-67,-58,-413,29098,27534,-3031,-7136,-442,-436,-197,-367,-739,-171,-231,-476,-156,-782,-577,-64
0.6743013253390505,0.5541058470073552,-1.0,-1.0,-1.0,-1.0,-1.0,-1.0,-1.0,-1.0,0.7488354118013694,0.14256629757564587,0.6385948270039956,0.3252589256490349,-1.0,-1.0,-1.0,-1.0,-1.0,-1.0,-1.0,-1.0,-1.0,-1.0,-1.0,-1.0
