bad_A,bad_B,fI,fO_A,fO_B,fP_A,fp_B,fRi,fRo,fS,good_A,good_B,redo_A,redo_B,sI,sO_A,sO_B,sP_A,sP_B,sQ_A,sQ_Ar,sQ_B,sQ_Br,sRi,sRo,sS
-31132,-37183,-777,-77,-615,-356,-246,-596,-716,-729,33309,27327,-5361,-8703,-257,-187,-326,-88,-176,-43,-703,-282,-112,-534,-136,-420
0.18174021989282513,0.5026740808966391,-1.0,-1.0,-1.0,-1.0,-1.0,-1.0,-1.0,-1.0,0.6297114728384254,0.38338382748523114,0.2809851053679925,0.3672642326984591,-1.0,-1.0,-1.0,-1.0,-1.0,-1.0,-1.0,-1.0,-1.0,-1.0,-1.0,-1.0
