bad_A,bad_B,fI,fO_A,fO_B,fP_A,fp_B,fRi,fRo,fS,good_A,good_B,redo_A,redo_B,sI,sO_A,sO_B,sP_A,sP_B,sQ_A,sQ_Ar,sQ_B,sQ_Br,sRi,sRo,sS
-32039,-22514,-85,-539,-142,-480,-530,-314,-478,-787,28045,34505,-4197,-5059,-565,-577,-384,-611,-14,-15,-186,-765,-504,-527,-88,-164
0.20800908598815449,0.3534148190308677,-1.0,-1.0,-1.0,-1.0,-1.0,-1.0,-1.0,-1.0,0.22605635826530232,0.4560187907808163,0.7513060761303123,0.43177113888858665,-1.0,-1.0,-1.0,-1.0,-1.0,-1.0,-1.0,-1.0,-1.0,-1.0,-1.0,-1.0
