bad_A,bad_B,fI,fO_A,fO_B,fP_A,fp_B,fRi,fRo,fS,good_A,good_B,redo_A,redo_B,sI,sO_A,sO_B,sP_A,sP_B,sQ_A,sQ_Ar,sQ_B,sQ_Br,sRi,sRo,sS
-31461,-36185,-174,-501,-651,-579,-571,-106,-238,-476,31487,37169,-8124,-3359,-598,-356,-321,-82,-59,-125,-520,-192,-491,-164,-153,-775
0.7839024726603306,0.6560153156052343,-1.0,-1.0,-1.0,-1.0,-1.0,-1.0,-1.0,-1.0,0.13864107233104628,0.23678507958860742,0.2990567287864783,0.8858230959808521,-1.0,-1.0,-1.0,-1.0,-1.0,-1.0,-1.0,-1.0,-1.0,-1.0,-1.0,-1.0
