bad_A,bad_B,disc1,disc2,fI,fO_A,fO_B,fP_A,fP_B,fRi,fRo,fS,good_A,good_B,no_disc,pick,put,redo_A,redo_B,sI,sO_A,sO_B,sP_A,sP_B,sQ_A,sQ_Ar,sQ_B,sQ_Br,sRi,sRo,sS,test1,test2,turn1,turn2
-23300,-30669,-250,-376,-136,-200,-611,-623,-27,-607,-246,-749,38557,24857,-737,-749,-181,-6869,-2937,-535,-655,-327,-229,-85,-469,-194,-319,-445,-425,-535,-582,-432,-726,-51,-72
0.3076463978464127,0.32049809010912533,-1.0,-1.0,-1.0,-1.0,-1.0,-1.0,-1.0,-1.0,-1.0,-1.0,0.4833302467624422,0.7316387051109502,-1.0,-1.0,-1.0,0.5144095251031883,0.6040270048735208,-1.0,-1.0,-1.0,-1.0,-1.0,-1.0,-1.0,-1.0,-1.0,-1.0,-1.0,-1.0,-1.0,-1.0,-1.0,-1.0
