bad_A,bad_B,disc1,disc2,fI,fO_A,fO_B,fP_A,fP_B,fRi,fRo,fS,good_A,good_B,no_disc,pick,put,redo_A,redo_B,sI,sO_A,sO_B,sP_A,sP_B,sQ_A,sQ_Ar,sQ_B,sQ_Br,sRi,sRo,sS,test1,test2,turn1,turn2
-27113,-28316,-749,-321,-750,-246,-166,-139,-584,-172,-580,-457,37215,23858,-486,-455,-399,-2168,-1304,-367,-519,-224,-99,-454,-741,-248,-112,-222,-196,-392,-162,-498,-374,-29,-800
0.23612289249920748,0.6167783246814251,-1.0,-1.0,-1.0,-1.0,-1.0,-1.0,-1.0,-1.0,-1.0,-1.0,0.8247966026754437,0.4881422650392827,-1.0,-1.0,-1.0,0.5264935026994583,0.1207814137824415,-1.0,-1.0,-1.0,-1.0,-1.0,-1.0,-1.0,-1.0,-1.0,-1.0,-1.0,-1.0,-1.0,-1.0,-1.0,-1.0
