bad_A,bad_B,disc1,disc2,fI,fO_A,fO_B,fP_A,fP_B,fRi,fRo,fS,good_A,good_B,no_disc,pick,put,redo_A,redo_B,sI,sO_A,sO_B,sP_A,sP_B,sQ_A,sQ_Ar,sQ_B,sQ_Br,sRi,sRo,sS,test1,test2,turn1,turn2
-28797,-37698,-19,-746,-769,-389,-410,-764,-763,-675,-420,-311,27559,39544,-263,-717,-232,-2003,-5133,-771,-52,-50,-566,-62,-280,-376,-615,-503,-145,-272,-262,-751,-679,-585,-109
0.828618143825861,0.8755208760796473,-1.0,-1.0,-1.0,-1.0,-1.0,-1.0,-1.0,-1.0,-1.0,-1.0,0.6329085587077935,0.7355771151671767,-1.0,-1.0,-1.0,0.384893391061618,0.6861367665666754,-1.0,-1.0,-1.0,-1.0,-1.0,-1.0,-1.0,-1.0,-1.0,-1.0,-1.0,-1.0,-1.0,-1.0,-1.0,-1.0
