bad_A,bad_B,disc1,disc2,fI,fO_A,fO_B,fP_A,fP_B,fRi,fRo,fS,good_A,good_B,no_disc,pick,put,redo_A,redo_B,sI,sO_A,sO_B,sP_A,sP_B,sQ_A,sQ_Ar,sQ_B,sQ_Br,sRi,sRo,sS,test1,test2,turn1,turn2
-25168,-38574,-517,-183,-791,-561,-377,-364,-414,-462,-554,-650,33162,32255,-106,-24,-92,-7808,-3869,-678,-46,-111,-430,-616,-742,-504,-187,-95,-558,-749,-36,-490,-782,-746,-63
0.29333335713257747,0.47486733580036933,-1.0,-1.0,-1.0,-1.0,-1.0,-1.0,-1.0,-1.0,-1.0,-1.0,0.4577273772970937,0.4839719568656061,-1.0,-1.0,-1.0,0.19756822433202031,0.8809548465420598,-1.0,-1.0,-1.0,-1.0,-1.0,-1.0,-1.0,-1.0,-1.0,-1.0,-1.0,-1.0,-1.0,-1.0,-1.0,-1.0
