bad_A,bad_B,disc1,disc2,fI,fO_A,fO_B,fP_A,fP_B,fRi,fRo,fS,good_A,good_B,no_disc,pick,put,redo_A,redo_B,sI,sO_A,sO_B,sP_A,sP_B,sQ_A,sQ_Ar,sQ_B,sQ_Br,sRi,sRo,sS,test1,test2,turn1,turn2
-39750,-21035,-599,-154,-734,-683,-621,-271,-250,-76,-658,-321,24073,27740,-587,-678,-221,-4458,-2370,-119,-305,-521,-207,-620,-503,-128,-626,-151,-780,-780,-303,-648,-784,-131,-131
0.499279677947711,0.4527350642839828,-1.0,-1.0,-1.0,-1.0,-1.0,-1.0,-1.0,-1.0,-1.0,-1.0,0.8409008449536107,0.11347885805770988,-1.0,-1.0,-1.0,0.5844076642862025,0.7750998813275093,-1.0,-1.0,-1.0,-1.0,-1.0,-1.0,-1.0,-1.0,-1.0,-1.0,-1.0,-1.0,-1.0,-1.0,-1.0,-1.0
