bad_A,bad_B,disc1,disc2,fI,fO_A,fO_B,fP_A,fP_B,fRi,fRo,fS,good_A,good_B,no_disc,pick,put,redo_A,redo_B,sI,sO_A,sO_B,sP_A,sP_B,sQ_A,sQ_Ar,sQ_B,sQ_Br,sRi,sRo,sS,test1,test2,turn1,turn2
-38010,-38692,-63,-620,-541,-552,-375,-231,-698,-558,-73,-615,33670,32858,-531,-365,-101,-6812,-2274,-491,-75,-445,-454,-732,-424,-673,-730,-704,-193,-613,-369,-595,-602,-628,-291
0.17675371771167214,0.37690687152625213,-1.0,-1.0,-1.0,-1.0,-1.0,-1.0,-1.0,-1.0,-1.0,-1.0,0.27521185706243645,0.7304029142899978,-1.0,-1.0,-1.0,0.8115812025580359,0.6456514640552492,-1.0,-1.0,-1.0,-1.0,-1.0,-1.0,-1.0,-1.0,-1.0,-1.0,-1.0,-1.0,-1.0,-1.0,-1.0,-1.0
