bad_A,bad_B,disc1,disc2,fI,fO_A,fO_B,fP_A,fP_B,fRi,fRo,fS,good_A,good_B,no_disc,pick,put,redo_A,redo_B,sI,sO_A,sO_B,sP_A,sP_B,sQ_A,sQ_Ar,sQ_B,sQ_Br,sRi,sRo,sS,test1,test2,turn1,turn2
-35025,-21664,-623,-353,-221,-564,-660,-163,-19,-789,-25,-334,34688,21353,-769,-87,-14,-1174,-6783,-10,-488,-310,-319,-90,-204,-332,-176,-743,-635,-758,-512,-674,-221,-259,-467
0.2784235026487911,0.7044151841045588,-1.0,-1.0,-1.0,-1.0,-1.0,-1.0,-1.0,-1.0,-1.0,-1.0,0.3553672523851572,0.2637212464177905,-1.0,-1.0,-1.0,0.14020762227258177,0.5777882375110676,-1.0,-1.0,-1.0,-1.0,-1.0,-1.0,-1.0,-1.0,-1.0,-1.0,-1.0,-1.0,-1.0,-1.0,-1.0,-1.0
