bad_A,bad_B,disc1,disc2,fI,fO_A,fO_B,fP_A,fP_B,fRi,fRo,fS,good_A,good_B,no_disc,pick,put,redo_A,redo_B,sI,sO_A,sO_B,sP_A,sP_B,sQ_A,sQ_Ar,sQ_B,sQ_Br,sRi,sRo,sS,test1,test2,turn1,turn2
-28318,-24577,-265,-238,-247,-273,-613,-762,-215,-793,-465,-79,22280,28050,-525,-423,-423,-1136,-2014,-421,-169,-798,-440,-673,-530,-421,-74,-59,-273,-592,-21,-599,-66,-488,-681
0.23583056559468762,0.5491536094188272,-1.0,-1.0,-1.0,-1.0,-1.0,-1.0,-1.0,-1.0,-1.0,-1.0,0.8429388410047262,0.6517837050374325,-1.0,-1.0,-1.0,0.27552860175693655,0.6928240635688547,-1.0,-1.0,-1.0,-1.0,-1.0,-1.0,-1.0,-1.0,-1.0,-1.0,-1.0,-1.0,-1.0,-1.0,-1.0,-1.0
