bad_A,bad_B,disc1,disc2,fI,fO_A,fO_B,fP_A,fP_B,fRi,fRo,fS,good_A,good_B,no_disc,pick,put,redo_A,redo_B,sI,sO_A,sO_B,sP_A,sP_B,sQ_A,sQ_Ar,sQ_B,sQ_Br,sRi,sRo,sS,test1,test2,turn1,turn2
-24020,-23321,-81,-584,-762,-720,-371,-320,-794,-390,-170,-684,35049,33207,-149,-628,-514,-1428,-3037,-799,-181,-143,-550,-315,-94,-721,-744,-690,-722,-457,-703,-73,-62,-256,-271
0.7141393720432456,0.5959924654917645,-1.0,-1.0,-1.0,-1.0,-1.0,-1.0,-1.0,-1.0,-1.0,-1.0,0.7673114631579844,0.8619840929576047,-1.0,-1.0,-1.0,0.44560175403408675,0.20198355442196914,-1.0,-1.0,-1.0,-1.0,-1.0,-1.0,-1.0,-1.0,-1.0,-1.0,-1.0,-1.0,-1.0,-1.0,-1.0,-1.0
