bad_A,bad_B,disc1,disc2,fI,fO_A,fO_B,fP_A,fP_B,fRi,fRo,fS,good_A,good_B,no_disc,pick,put,redo_A,redo_B,sI,sO_A,sO_B,sP_A,sP_B,sQ_A,sQ_Ar,sQ_B,sQ_Br,sRi,sRo,sS,test1,test2,turn1,turn2
-32806,-38181,-700,-609,-38,-506,-537,-30,-160,-336,-302,-382,24899,29154,-542,-691,-320,-4773,-8917,-727,-580,-115,-636,-335,-434,-660,-182,-645,-141,-638,-653,-325,-204,-447,-237
0.8495707449415708,0.5515941953893443,-1.0,-1.0,-1.0,-1.0,-1.0,-1.0,-1.0,-1.0,-1.0,-1.0,0.2839474150357847,0.5980267976308611,-1.0,-1.0,-1.0,0.6769085748554359,0.7249524985543204,-1.0,-1.0,-1.0,-1.0,-1.0,-1.0,-1.0,-1.0,-1.0,-1.0,-1.0,-1.0,-1.0,-1.0,-1.0,-1.0
