bad_A,bad_B,disc1,disc2,fI,fO_A,fO_B,fP_A,fP_B,fRi,fRo,fS,good_A,good_B,no_disc,pick,put,redo_A,redo_B,sI,sO_A,sO_B,sP_A,sP_B,sQ_A,sQ_Ar,sQ_B,sQ_Br,sRi,sRo,sS,test1,test2,turn1,turn2
-34291,-27223,-13,-769,-276,-57,-536,-439,-699,-41,-89,-529,24477,22971,-28,-615,-790,-6155,-5638,-65,-592,-797,-40,-642,-204,-234,-430,-274,-385,-323,-464,-131,-31,-490,-65
0.2455783530081692,0.7366504896246696,-1.0,-1.0,-1.0,-1.0,-1.0,-1.0,-1.0,-1.0,-1.0,-1.0,0.1613885352203882,0.7134258028791399,-1.0,-1.0,-1.0,0.6120258213364265,0.8532541893890301,-1.0,-1.0,-1.0,-1.0,-1.0,-1.0,-1.0,-1.0,-1.0,-1.0,-1.0,-1.0,-1.0,-1.0,-1.0,-1.0
