bad_A,bad_B,disc1,disc2,fI,fO_A,fO_B,fP_A,fP_B,fRi,fRo,fS,good_A,good_B,no_disc,pick,put,redo_A,redo_B,sI,sO_A,sO_B,sP_A,sP_B,sQ_A,sQ_Ar,sQ_B,sQ_Br,sRi,sRo,sS,test1,test2,turn1,turn2
-30155,-23699,-608,-580,-610,-69,-734,-641,-43,-729,-33,-425,27090,24249,-145,-212,-81,-6071,-5515,-655,-550,-66,-710,-206,-769,-234,-85,-730,-54,-751,-582,-536,-273,-332,-158
0.2765321540747371,0.18224585921798014,-1.0,-1.0,-1.0,-1.0,-1.0,-1.0,-1.0,-1.0,-1.0,-1.0,0.7896684158341926,0.28024530648147206,-1.0,-1.0,-1.0,0.3214427309267374,0.4910947871948055,-1.0,-1.0,-1.0,-1.0,-1.0,-1.0,-1.0,-1.0,-1.0,-1.0,-1.0,-1.0,-1.0,-1.0,-1.0,-1.0
