bad_A,bad_B,disc1,disc2,fI,fO_A,fO_B,fP_A,fP_B,fRi,fRo,fS,good_A,good_B,no_disc,pick,put,redo_A,redo_B,sI,sO_A,sO_B,sP_A,sP_B,sQ_A,sQ_Ar,sQ_B,sQ_Br,sRi,sRo,sS,test1,test2,turn1,turn2
-32381,-39092,-22,-216,-385,-784,-798,-409,-63,-17,-367,-26,23297,21057,-448,-32,-604,-7863,-7158,-368,-270,-551,-28,-54,-700,-593,-624,-694,-439,-732,-622,-92,-203,-482,-717
0.1477157394151079,0.1703508879958041,-1.0,-1.0,-1.0,-1.0,-1.0,-1.0,-1.0,-1.0,-1.0,-1.0,0.4842582799793569,0.15816736810800844,-1.0,-1.0,-1.0,0.7400158977351671,0.8874543125755879,-1.0,-1.0,-1.0,-1.0,-1.0,-1.0,-1.0,-1.0,-1.0,-1.0,-1.0,-1.0,-1.0,-1.0,-1.0,-1.0
