bad_A,bad_B,disc1,disc2,fI,fO_A,fO_B,fP_A,fP_B,fRi,fRo,fS,good_A,good_B,no_disc,pick,put,redo_A,redo_B,sI,sO_A,sO_B,sP_A,sP_B,sQ_A,sQ_Ar,sQ_B,sQ_Br,sRi,sRo,sS,test1,test2,turn1,turn2
-30821,-30384,-338,-731,-278,-240,-767,-253,-721,-128,-226,-559,24321,27306,-181,-435,-444,-7978,-8303,-764,-486,-728,-662,-480,-323,-418,-503,-173,-169,-287,-20,-742,-746,-628,-527
0.25778946700682226,0.5366813587684701,-1.0,-1.0,-1.0,-1.0,-1.0,-1.0,-1.0,-1.0,-1.0,-1.0,0.6407654429508711,0.27552416241327093,-1.0,-1.0,-1.0,0.6361741932569555,0.33092709743452386,-1.0,-1.0,-1.0,-1.0,-1.0,-1.0,-1.0,-1.0,-1.0,-1.0,-1.0,-1.0,-1.0,-1.0,-1.0,-1.0
