bad_A,bad_B,disc1,disc2,fI,fO_A,fO_B,fP_A,fP_B,fRi,fRo,fS,good_A,good_B,no_disc,pick,put,redo_A,redo_B,sI,sO_A,sO_B,sP_A,sP_B,sQ_A,sQ_Ar,sQ_B,sQ_Br,sRi,sRo,sS,test1,test2,turn1,turn2
-37116,-28277,-754,-227,-83,-540,-94,-198,-632,-522,-53,-579,22060,39010,-625,-96,-517,-4490,-6671,-572,-693,-169,-611,-319,-209,-251,-662,-170,-38,-609,-418,-457,-719,-241,-521
0.6111289133678115,0.2736611949221912,-1.0,-1.0,-1.0,-1.0,-1.0,-1.0,-1.0,-1.0,-1.0,-1.0,0.8414487554316191,0.24167305727900992,-1.0,-1.0,-1.0,0.3662806087906485,0.28619673336083773,-1.0,-1.0,-1.0,-1.0,-1.0,-1.0,-1.0,-1.0,-1.0,-1.0,-1.0,-1.0,-1.0,-1.0,-1.0,-1.0
