bad_A,bad_B,disc1,disc2,fI,fO_A,fO_B,fP_A,fP_B,fRi,fRo,fS,good_A,good_B,no_disc,pick,put,redo_A,redo_B,sI,sO_A,sO_B,sP_A,sP_B,sQ_A,sQ_Ar,sQ_B,sQ_Br,sRi,sRo,sS,test1,test2,turn1,turn2
-25102,-26872,-163,-669,-657,-107,-78,-20,-535,-400,-290,-271,32461,36790,-263,-215,-153,-8645,-8374,-331,-560,-94,-800,-445,-317,-357,-707,-580,-310,-114,-337,-449,-603,-27,-636
0.6800232083669435,0.4341461662661553,-1.0,-1.0,-1.0,-1.0,-1.0,-1.0,-1.0,-1.0,-1.0,-1.0,0.5841284647303587,0.3761125580201877,-1.0,-1.0,-1.0,0.2199560073801221,0.7134518366423738,-1.0,-1.0,-1.0,-1.0,-1.0,-1.0,-1.0,-1.0,-1.0,-1.0,-1.0,-1.0,-1.0,-1.0,-1.0,-1.0
