bad_A,bad_B,disc1,disc2,fI,fO_A,fO_B,fP_A,fP_B,fRi,fRo,fS,good_A,good_B,no_disc,pick,put,redo_A,redo_B,sI,sO_A,sO_B,sP_A,sP_B,sQ_A,sQ_Ar,sQ_B,sQ_Br,sRi,sRo,sS,test1,test2,turn1,turn2
-24927,-35894,-602,-695,-148,-716,-31,-130,-441,-294,-632,-790,33485,27002,-296,-566,-546,-5060,-1551,-710,-666,-79,-545,-251,-262,-615,-12,-673,-454,-188,-394,-323,-720,-407,-19
0.775267997085728,0.6954512888333453,-1.0,-1.0,-1.0,-1.0,-1.0,-1.0,-1.0,-1.0,-1.0,-1.0,0.6265931425676075,0.4449076044691561,-1.0,-1.0,-1.0,0.1911814250489604,0.43059310935092077,-1.0,-1.0,-1.0,-1.0,-1.0,-1.0,-1.0,-1.0,-1.0,-1.0,-1.0,-1.0,-1.0,-1.0,-1.0,-1.0
