bad_A,bad_B,disc1,disc2,fI,fO_A,fO_B,fP_A,fP_B,fRi,fRo,fS,good_A,good_B,no_disc,pick,put,redo_A,redo_B,sI,sO_A,sO_B,sP_A,sP_B,sQ_A,sQ_Ar,sQ_B,sQ_Br,sRi,sRo,sS,test1,test2,turn1,turn2
-26693,-31056,-487,-601,-451,-196,-55,-18,-477,-544,-500,-121,23625,34194,-241,-668,-87,-3627,-8023,-757,-227,-105,-106,-468,-143,-623,-558,-683,-291,-69,-640,-373,-205,-337,-791
0.440666811518585,0.38967491293847367,-1.0,-1.0,-1.0,-1.0,-1.0,-1.0,-1.0,-1.0,-1.0,-1.0,0.36703358334305336,0.7882238150890595,-1.0,-1.0,-1.0,0.5173504588332664,0.6623964934962745,-1.0,-1.0,-1.0,-1.0,-1.0,-1.0,-1.0,-1.0,-1.0,-1.0,-1.0,-1.0,-1.0,-1.0,-1.0,-1.0
