bad_A,bad_B,disc1,disc2,fI,fO_A,fO_B,fP_A,fP_B,fRi,fRo,fS,good_A,good_B,no_disc,pick,put,redo_A,redo_B,sI,sO_A,sO_B,sP_A,sP_B,sQ_A,sQ_Ar,sQ_B,sQ_Br,sRi,sRo,sS,test1,test2,turn1,turn2
-30437,-23685,-495,-736,-266,-74,-384,-751,-722,-231,-24,-296,21998,35449,-545,-418,-476,-1531,-4606,-317,-348,-492,-458,-155,-380,-372,-419,-381,-446,-212,-238,-382,-497,-265,-80
0.29630135646997263,0.7698072597156985,-1.0,-1.0,-1.0,-1.0,-1.0,-1.0,-1.0,-1.0,-1.0,-1.0,0.36916926318056575,0.28222777727830994,-1.0,-1.0,-1.0,0.7781515478093207,0.1439516393724512,-1.0,-1.0,-1.0,-1.0,-1.0,-1.0,-1.0,-1.0,-1.0,-1.0,-1.0,-1.0,-1.0,-1.0,-1.0,-1.0
