bad_A,bad_B,disc1,disc2,fI,fO_A,fO_B,fP_A,fP_B,fRi,fRo,fS,good_A,good_B,no_disc,pick,put,redo_A,redo_B,sI,sO_A,sO_B,sP_A,sP_B,sQ_A,sQ_Ar,sQ_B,sQ_Br,sRi,sRo,sS,test1,test2,turn1,turn2
-27863,-23366,-512,-419,-120,-206,-660,-761,-451,-129,-428,-738,32596,25743,-453,-618,-392,-3323,-5724,-98,-140,-576,-171,-39,-769,-608,-379,-116,-680,-599,-80,-78,-767,-142,-448
0.4232361999242018,0.11141875798031889,-1.0,-1.0,-1.0,-1.0,-1.0,-1.0,-1.0,-1.0,-1.0,-1.0,0.8887251975515772,0.3917346500336375,-1.0,-1.0,-1.0,0.2655254804141004,0.16878432661456272,-1.0,-1.0,-1.0,-1.0,-1.0,-1.0,-1.0,-1.0,-1.0,-1.0,-1.0,-1.0,-1.0,-1.0,-1.0,-1.0
