bad_A,bad_B,disc1,disc2,fI,fO_A,fO_B,fP_A,fP_B,fRi,fRo,fS,good_A,good_B,no_disc,pick,put,redo_A,redo_B,sI,sO_A,sO_B,sP_A,sP_B,sQ_A,sQ_Ar,sQ_B,sQ_Br,sRi,sRo,sS,test1,test2,turn1,turn2
-27527,-29034,-240,-92,-618,-449,-782,-665,-242,-784,-402,-27,37038,31845,-388,-537,-774,-8341,-6408,-780,-224,-96,-22,-376,-580,-233,-496,-385,-91,-237,-779,-434,-769,-324,-355
0.2942284887165172,0.2673481679982399,-1.0,-1.0,-1.0,-1.0,-1.0,-1.0,-1.0,-1.0,-1.0,-1.0,0.38004570557969397,0.21065594436962637,-1.0,-1.0,-1.0,0.6342824618426853,0.43443328392983627,-1.0,-1.0,-1.0,-1.0,-1.0,-1.0,-1.0,-1.0,-1.0,-1.0,-1.0,-1.0,-1.0,-1.0,-1.0,-1.0
