bad_A,bad_B,disc1,disc2,fI,fO_A,fO_B,fP_A,fP_B,fRi,fRo,fS,good_A,good_B,no_disc,pick,put,redo_A,redo_B,sI,sO_A,sO_B,sP_A,sP_B,sQ_A,sQ_Ar,sQ_B,sQ_Br,sRi,sRo,sS,test1,test2,turn1,turn2
-39627,-26750,-28,-266,-107,-715,-756,-277,-262,-120,-402,-640,33791,27376,-97,-504,-17,-3188,-7730,-303,-59,-278,-627,-81,-360,-411,-102,-721,-653,-631,-600,-400,-117,-404,-782
0.8658947465747261,0.5952049081398404,-1.0,-1.0,-1.0,-1.0,-1.0,-1.0,-1.0,-1.0,-1.0,-1.0,0.6249496256652415,0.5808005291968101,-1.0,-1.0,-1.0,0.5948474560678502,0.1533227723391243,-1.0,-1.0,-1.0,-1.0,-1.0,-1.0,-1.0,-1.0,-1.0,-1.0,-1.0,-1.0,-1.0,-1.0,-1.0,-1.0
