bad_A,bad_B,disc1,disc2,fI,fO_A,fO_B,fP_A,fP_B,fRi,fRo,fS,good_A,good_B,no_disc,pick,put,redo_A,redo_B,sI,sO_A,sO_B,sP_A,sP_B,sQ_A,sQ_Ar,sQ_B,sQ_Br,sRi,sRo,sS,test1,test2,turn1,turn2
-31575,-34457,-463,-423,-290,-742,-583,-769,-303,-287,-68,-347,28843,23476,-521,-627,-799,-6191,-6541,-645,-700,-543,-159,-487,-169,-718,-281,-284,-577,-767,-654,-189,-349,-659,-747
0.44942640906368925,0.21212759562881517,-1.0,-1.0,-1.0,-1.0,-1.0,-1.0,-1.0,-1.0,-1.0,-1.0,0.49522917318668846,0.34691249429074733,-1.0,-1.0,-1.0,0.6065300915974884,0.7953348829562782,-1.0,-1.0,-1.0,-1.0,-1.0,-1.0,-1.0,-1.0,-1.0,-1.0,-1.0,-1.0,-1.0,-1.0,-1.0,-1.0
