bad_A,bad_B,disc1,disc2,fI,fO_A,fO_B,fP_A,fP_B,fRi,fRo,fS,good_A,good_B,no_disc,pick,put,redo_A,redo_B,sI,sO_A,sO_B,sP_A,sP_B,sQ_A,sQ_Ar,sQ_B,sQ_Br,sRi,sRo,sS,test1,test2,turn1,turn2
-23979,-32519,-261,-563,-711,-626,-34,-786,-554,-189,-448,-437,37936,32722,-673,-665,-445,-3890,-3156,-479,-667,-90,-37,-582,-708,-280,-56,-784,-94,-571,-324,-45,-709,-390,-132
0.5660956540506029,0.33769976142657143,-1.0,-1.0,-1.0,-1.0,-1.0,-1.0,-1.0,-1.0,-1.0,-1.0,0.5585390865945657,0.26372975167377294,-1.0,-1.0,-1.0,0.24066379292098122,0.7215439882719428,-1.0,-1.0,-1.0,-1.0,-1.0,-1.0,-1.0,-1.0,-1.0,-1.0,-1.0,-1.0,-1.0,-1.0,-1.0,-1.0
