bad_A,bad_B,disc1,disc2,fI,fO_A,fO_B,fP_A,fP_B,fRi,fRo,fS,good_A,good_B,no_disc,pick,put,redo_A,redo_B,sI,sO_A,sO_B,sP_A,sP_B,sQ_A,sQ_Ar,sQ_B,sQ_Br,sRi,sRo,sS,test1,test2,turn1,turn2
-24209,-34138,-209,-652,-537,-630,-758,-221,-295,-418,-250,-119,31953,27395,-20,-150,-641,-5621,-7298,-404,-616,-625,-422,-165,-431,-555,-695,-410,-326,-164,-700,-471,-599,-67,-370
0.8214208616904187,0.28042925435348354,-1.0,-1.0,-1.0,-1.0,-1.0,-1.0,-1.0,-1.0,-1.0,-1.0,0.1275684790161626,0.14623144087151074,-1.0,-1.0,-1.0,0.8615730833060692,0.6918584387753516,-1.0,-1.0,-1.0,-1.0,-1.0,-1.0,-1.0,-1.0,-1.0,-1.0,-1.0,-1.0,-1.0,-1.0,-1.0,-1.0
