bad_A,bad_B,disc1,disc2,fI,fO_A,fO_B,fP_A,fP_B,fRi,fRo,fS,good_A,good_B,no_disc,pick,put,redo_A,redo_B,sI,sO_A,sO_B,sP_A,sP_B,sQ_A,sQ_Ar,sQ_B,sQ_Br,sRi,sRo,sS,test1,test2,turn1,turn2
-20425,-20291,-350,-96,-543,-475,-677,-248,-141,-258,-572,-508,28439,22655,-335,-36,-262,-8033,-6825,-163,-442,-25,-608,-526,-404,-36,-173,-125,-361,-143,-11,-385,-789,-147,-724
0.3242992612218174,0.5862448670895288,-1.0,-1.0,-1.0,-1.0,-1.0,-1.0,-1.0,-1.0,-1.0,-1.0,0.8866273669639816,0.37982750382059927,-1.0,-1.0,-1.0,0.7502911705611529,0.1315496135895786,-1.0,-1.0,-1.0,-1.0,-1.0,-1.0,-1.0,-1.0,-1.0,-1.0,-1.0,-1.0,-1.0,-1.0,-1.0,-1.0
