bad_A,bad_B,disc1,disc2,fI,fO_A,fO_B,fP_A,fP_B,fRi,fRo,fS,good_A,good_B,no_disc,pick,put,redo_A,redo_B,sI,sO_A,sO_B,sP_A,sP_B,sQ_A,sQ_Ar,sQ_B,sQ_Br,sRi,sRo,sS,test1,test2,turn1,turn2
-25194,-26375,-164,-731,-375,-343,-110,-601,-38,-285,-638,-639,30787,36093,-325,-222,-83,-5788,-7939,-692,-179,-386,-34,-605,-255,-200,-543,-278,-498,-279,-481,-474,-381,-221,-341
0.12528872508446798,0.531203952321202,-1.0,-1.0,-1.0,-1.0,-1.0,-1.0,-1.0,-1.0,-1.0,-1.0,0.6055122164793542,0.36812364725075164,-1.0,-1.0,-1.0,0.41956657942192976,0.3431610039777489,-1.0,-1.0,-1.0,-1.0,-1.0,-1.0,-1.0,-1.0,-1.0,-1.0,-1.0,-1.0,-1.0,-1.0,-1.0,-1.0
