bad_A,bad_B,disc1,disc2,fI,fO_A,fO_B,fP_A,fP_B,fRi,fRo,fS,good_A,good_B,no_disc,pick,put,redo_A,redo_B,sI,sO_A,sO_B,sP_A,sP_B,sQ_A,sQ_Ar,sQ_B,sQ_Br,sRi,sRo,sS,test1,test2,turn1,turn2
-21683,-24768,-748,-236,-657,-39,-466,-795,-48,-770,-105,-737,37276,33905,-112,-659,-661,-3995,-1858,-202,-574,-552,-685,-158,-78,-84,-249,-643,-472,-524,-510,-483,-264,-323,-408
0.7165559908755204,0.8638528880425619,-1.0,-1.0,-1.0,-1.0,-1.0,-1.0,-1.0,-1.0,-1.0,-1.0,0.8193503681574325,0.40655332638218933,-1.0,-1.0,-1.0,0.825527414640474,0.5548238703456246,-1.0,-1.0,-1.0,-1.0,-1.0,-1.0,-1.0,-1.0,-1.0,-1.0,-1.0,-1.0,-1.0,-1.0,-1.0,-1.0
