bad_A,bad_B,disc1,disc2,fI,fO_A,fO_B,fP_A,fP_B,fRi,fRo,fS,good_A,good_B,no_disc,pick,put,redo_A,redo_B,sI,sO_A,sO_B,sP_A,sP_B,sQ_A,sQ_Ar,sQ_B,sQ_Br,sRi,sRo,sS,test1,test2,turn1,turn2
-38212,-39376,-57,-353,-258,-480,-230,-230,-707,-610,-55,-508,21991,28115,-205,-349,-324,-4616,-2082,-172,-704,-794,-686,-25,-28,-242,-400,-800,-768,-13,-217,-147,-566,-416,-126
0.5338542153727623,0.3875269921503669,-1.0,-1.0,-1.0,-1.0,-1.0,-1.0,-1.0,-1.0,-1.0,-1.0,0.7388312198800756,0.4103005771053051,-1.0,-1.0,-1.0,0.8389241938066435,0.7510502251154116,-1.0,-1.0,-1.0,-1.0,-1.0,-1.0,-1.0,-1.0,-1.0,-1.0,-1.0,-1.0,-1.0,-1.0,-1.0,-1.0
