bad_A,bad_B,disc1,disc2,fI,fO_A,fO_B,fP_A,fP_B,fRi,fRo,fS,good_A,good_B,no_disc,pick,put,redo_A,redo_B,sI,sO_A,sO_B,sP_A,sP_B,sQ_A,sQ_Ar,sQ_B,sQ_Br,sRi,sRo,sS,test1,test2,turn1,turn2
-22698,-38199,-17,-96,-763,-82,-309,-657,-58,-778,-25,-206,21363,38214,-190,-680,-547,-4020,-8702,-453,-615,-635,-117,-568,-636,-498,-777,-413,-244,-748,-133,-212,-713,-61,-118
0.5181140904807138,0.5335781855496676,-1.0,-1.0,-1.0,-1.0,-1.0,-1.0,-1.0,-1.0,-1.0,-1.0,0.48361566976563897,0.5563639783525023,-1.0,-1.0,-1.0,0.3226444437790792,0.48096488689014094,-1.0,-1.0,-1.0,-1.0,-1.0,-1.0,-1.0,-1.0,-1.0,-1.0,-1.0,-1.0,-1.0,-1.0,-1.0,-1.0
