bad_A,bad_B,disc1,disc2,fI,fO_A,fO_B,fP_A,fP_B,fRi,fRo,fS,good_A,good_B,no_disc,pick,put,redo_A,redo_B,sI,sO_A,sO_B,sP_A,sP_B,sQ_A,sQ_Ar,sQ_B,sQ_Br,sRi,sRo,sS,test1,test2,turn1,turn2
-33654,-25987,-197,-431,-781,-547,-207,-230,-185,-384,-513,-349,27985,37551,-289,-744,-711,-7237,-6472,-288,-769,-140,-193,-692,-689,-252,-207,-387,-652,-422,-549,-598,-293,-473,-196
0.7283193111074556,0.7294651525687844,-1.0,-1.0,-1.0,-1.0,-1.0,-1.0,-1.0,-1.0,-1.0,-1.0,0.7896729239828465,0.14925414435865003,-1.0,-1.0,-1.0,0.3968090915322501,0.3176967337220371,-1.0,-1.0,-1.0,-1.0,-1.0,-1.0,-1.0,-1.0,-1.0,-1.0,-1.0,-1.0,-1.0,-1.0,-1.0,-1.0
