bad_A,bad_B,disc1,disc2,fI,fO_A,fO_B,fP_A,fP_B,fRi,fRo,fS,good_A,good_B,no_disc,pick,put,redo_A,redo_B,sI,sO_A,sO_B,sP_A,sP_B,sQ_A,sQ_Ar,sQ_B,sQ_Br,sRi,sRo,sS,test1,test2,turn1,turn2
-36991,-25337,-595,-84,-759,-613,-747,-279,-319,-269,-596,-601,28275,21734,-184,-568,-616,-2738,-8868,-262,-22,-507,-350,-657,-86,-557,-755,-213,-771,-450,-320,-22,-205,-798,-314
0.15334770878714166,0.5360926087291177,-1.0,-1.0,-1.0,-1.0,-1.0,-1.0,-1.0,-1.0,-1.0,-1.0,0.4411009217379446,0.8186765708992124,-1.0,-1.0,-1.0,0.630762079970818,0.8916469759573963,-1.0,-1.0,-1.0,-1.0,-1.0,-1.0,-1.0,-1.0,-1.0,-1.0,-1.0,-1.0,-1.0,-1.0,-1.0,-1.0
