bad_A,bad_B,disc1,disc2,fI,fO_A,fO_B,fP_A,fP_B,fRi,fRo,fS,good_A,good_B,no_disc,pick,put,redo_A,redo_B,sI,sO_A,sO_B,sP_A,sP_B,sQ_A,sQ_Ar,sQ_B,sQ_Br,sRi,sRo,sS,test1,test2,turn1,turn2
-32522,-35639,-32,-228,-771,-773,-61,-505,-404,-82,-604,-177,33662,34075,-202,-567,-739,-7445,-8750,-224,-587,-450,-310,-227,-727,-775,-797,-232,-783,-782,-139,-477,-278,-289,-127
0.5875160339025107,0.8948524899401871,-1.0,-1.0,-1.0,-1.0,-1.0,-1.0,-1.0,-1.0,-1.0,-1.0,0.8474554520237122,0.40312158109558005,-1.0,-1.0,-1.0,0.7568430788679724,0.437163382307442,-1.0,-1.0,-1.0,-1.0,-1.0,-1.0,-1.0,-1.0,-1.0,-1.0,-1.0,-1.0,-1.0,-1.0,-1.0,-1.0
