bad_A,bad_B,disc1,disc2,fI,fO_A,fO_B,fP_A,fP_B,fRi,fRo,fS,good_A,good_B,no_disc,pick,put,redo_A,redo_B,sI,sO_A,sO_B,sP_A,sP_B,sQ_A,sQ_Ar,sQ_B,sQ_Br,sRi,sRo,sS,test1,test2,turn1,turn2
-23332,-25169,-239,-404,-242,-192,-117,-386,-293,-771,-133,-535,38663,23275,-393,-167,-763,-7576,-8528,-683,-776,-369,-261,-229,-344,-465,-239,-353,-637,-664,-60,-463,-303,-379,-504
0.35539632503661556,0.3143736629231315,-1.0,-1.0,-1.0,-1.0,-1.0,-1.0,-1.0,-1.0,-1.0,-1.0,0.7342182797594771,0.10336835868754522,-1.0,-1.0,-1.0,0.47306577734486344,0.8910847250504992,-1.0,-1.0,-1.0,-1.0,-1.0,-1.0,-1.0,-1.0,-1.0,-1.0,-1.0,-1.0,-1.0,-1.0,-1.0,-1.0
