bad_A,bad_B,disc1,disc2,fI,fO_A,fO_B,fP_A,fP_B,fRi,fRo,fS,good_A,good_B,no_disc,pick,put,redo_A,redo_B,sI,sO_A,sO_B,sP_A,sP_B,sQ_A,sQ_Ar,sQ_B,sQ_Br,sRi,sRo,sS,test1,test2,turn1,turn2
-36577,-36193,-123,-370,-220,-751,-417,-761,-399,-441,-583,-241,23657,31362,-440,-130,-512,-1610,-3537,-438,-431,-37,-293,-265,-103,-462,-113,-346,-72,-365,-179,-793,-515,-652,-313
0.32948870882948134,0.47212095962719103,-1.0,-1.0,-1.0,-1.0,-1.0,-1.0,-1.0,-1.0,-1.0,-1.0,0.3292879508566229,0.7568050769129342,-1.0,-1.0,-1.0,0.7479813590982919,0.37582847296720057,-1.0,-1.0,-1.0,-1.0,-1.0,-1.0,-1.0,-1.0,-1.0,-1.0,-1.0,-1.0,-1.0,-1.0,-1.0,-1.0
