bad_A,bad_B,disc1,disc2,fI,fO_A,fO_B,fP_A,fP_B,fRi,fRo,fS,good_A,good_B,no_disc,pick,put,redo_A,redo_B,sI,sO_A,sO_B,sP_A,sP_B,sQ_A,sQ_Ar,sQ_B,sQ_Br,sRi,sRo,sS,test1,test2,turn1,turn2
-26730,-26953,-36,-332,-646,-778,-47,-402,-731,-782,-292,-296,34571,32670,-795,-337,-315,-7910,-3046,-253,-341,-32,-628,-276,-148,-495,-480,-295,-517,-239,-725,-287,-208,-747,-699
0.6782561835071639,0.26560240082908404,-1.0,-1.0,-1.0,-1.0,-1.0,-1.0,-1.0,-1.0,-1.0,-1.0,0.10955075041810841,0.6104374203845766,-1.0,-1.0,-1.0,0.1133063941984311,0.25811898026538815,-1.0,-1.0,-1.0,-1.0,-1.0,-1.0,-1.0,-1.0,-1.0,-1.0,-1.0,-1.0,-1.0,-1.0,-1.0,-1.0
