bad_A,bad_B,disc1,disc2,fI,fO_A,fO_B,fP_A,fP_B,fRi,fRo,fS,good_A,good_B,no_disc,pick,put,redo_A,redo_B,sI,sO_A,sO_B,sP_A,sP_B,sQ_A,sQ_Ar,sQ_B,sQ_Br,sRi,sRo,sS,test1,test2,turn1,turn2
-28456,-28521,-134,-287,-583,-544,-14,-540,-247,-642,-200,-791,33256,27195,-245,-439,-675,-5691,-2099,-314,-459,-271,-214,-273,-273,-150,-581,-390,-210,-700,-583,-94,-21,-663,-576
0.1336523217918801,0.7701811821874233,-1.0,-1.0,-1.0,-1.0,-1.0,-1.0,-1.0,-1.0,-1.0,-1.0,0.7211292730765373,0.19298319880998013,-1.0,-1.0,-1.0,0.5802496807167168,0.6865628503300052,-1.0,-1.0,-1.0,-1.0,-1.0,-1.0,-1.0,-1.0,-1.0,-1.0,-1.0,-1.0,-1.0,-1.0,-1.0,-1.0
