bad_A,bad_B,disc1,disc2,fI,fO_A,fO_B,fP_A,fP_B,fRi,fRo,fS,good_A,good_B,no_disc,pick,put,redo_A,redo_B,sI,sO_A,sO_B,sP_A,sP_B,sQ_A,sQ_Ar,sQ_B,sQ_Br,sRi,sRo,sS,test1,test2,turn1,turn2
-27946,-35458,-498,-119,-118,-412,-268,-44,-735,-72,-409,-326,30666,39324,-724,-473,-89,-1188,-2373,-694,-153,-498,-32,-667,-76,-251,-383,-474,-132,-214,-359,-243,-450,-413,-87
0.5591742620733048,0.8752270767168443,-1.0,-1.0,-1.0,-1.0,-1.0,-1.0,-1.0,-1.0,-1.0,-1.0,0.2065258177158894,0.4939677588828605,-1.0,-1.0,-1.0,0.6006660838707724,0.17111139649304025,-1.0,-1.0,-1.0,-1.0,-1.0,-1.0,-1.0,-1.0,-1.0,-1.0,-1.0,-1.0,-1.0,-1.0,-1.0,-1.0
