bad_A,bad_B,disc1,disc2,fI,fO_A,fO_B,fP_A,fP_B,fRi,fRo,fS,good_A,good_B,no_disc,pick,put,redo_A,redo_B,sI,sO_A,sO_B,sP_A,sP_B,sQ_A,sQ_Ar,sQ_B,sQ_Br,sRi,sRo,sS,test1,test2,turn1,turn2
-35068,-38725,-172,-499,-128,-374,-448,-694,-244,-173,-269,-69,23919,30473,-518,-32,-276,-6366,-6109,-257,-546,-636,-215,-574,-354,-741,-571,-559,-351,-610,-406,-413,-124,-207,-138
0.614101813738269,0.8958975020064658,-1.0,-1.0,-1.0,-1.0,-1.0,-1.0,-1.0,-1.0,-1.0,-1.0,0.807517295236758,0.714700284465211,-1.0,-1.0,-1.0,0.17487796445061993,0.4206228800850702,-1.0,-1.0,-1.0,-1.0,-1.0,-1.0,-1.0,-1.0,-1.0,-1.0,-1.0,-1.0,-1.0,-1.0,-1.0,-1.0
