bad_A,bad_B,disc1,disc2,fI,fO_A,fO_B,fP_A,fP_B,fRi,fRo,fS,good_A,good_B,no_disc,pick,put,redo_A,redo_B,sI,sO_A,sO_B,sP_A,sP_B,sQ_A,sQ_Ar,sQ_B,sQ_Br,sRi,sRo,sS,test1,test2,turn1,turn2
-20955,-27194,-384,-691,-486,-486,-457,-25,-695,-84,-79,-795,31617,39316,-660,-332,-503,-1101,-8226,-400,-54,-215,-735,-650,-580,-121,-211,-800,-210,-547,-285,-169,-170,-474,-88
0.8132890408914117,0.39537179050277227,-1.0,-1.0,-1.0,-1.0,-1.0,-1.0,-1.0,-1.0,-1.0,-1.0,0.8451462072635738,0.7977146285716739,-1.0,-1.0,-1.0,0.6662948537052749,0.6216046099657417,-1.0,-1.0,-1.0,-1.0,-1.0,-1.0,-1.0,-1.0,-1.0,-1.0,-1.0,-1.0,-1.0,-1.0,-1.0,-1.0
