bad_A,bad_B,disc1,disc2,fI,fO_A,fO_B,fP_A,fP_B,fRi,fRo,fS,good_A,good_B,no_disc,pick,put,redo_A,redo_B,sI,sO_A,sO_B,sP_A,sP_B,sQ_A,sQ_Ar,sQ_B,sQ_Br,sRi,sRo,sS,test1,test2,turn1,turn2
-26307,-31518,-349,-355,-694,-492,-716,-19,-632,-732,-221,-187,36442,21292,-136,-186,-757,-3526,-5044,-735,-152,-67,-222,-503,-277,-759,-640,-466,-94,-421,-26,-773,-780,-50,-794
0.3570821644763085,0.6251867626349271,-1.0,-1.0,-1.0,-1.0,-1.0,-1.0,-1.0,-1.0,-1.0,-1.0,0.46144287500300674,0.14822429142413213,-1.0,-1.0,-1.0,0.7259013197546257,0.7372958086468404,-1.0,-1.0,-1.0,-1.0,-1.0,-1.0,-1.0,-1.0,-1.0,-1.0,-1.0,-1.0,-1.0,-1.0,-1.0,-1.0
