bad_A,bad_B,fI,fO_A,fO_B,fP_A,fp_B,fRi,fRo,fS,good_A,good_B,redo_A,redo_B,sI,sO_A,sO_B,sP_A,sP_B,sQ_A,sQ_Ar,sQ_B,sQ_Br,sRi,sRo,sS
-32506,-36581,-99,-430,-714,-589,-429,-575,-164,-330,29304,28670,-5396,-8796,-165,-460,-62,-571,-71,-268,-55,-153,-371,-158,-544,-441
0.6450521619555455,0.7168918414392083,-1.0,-1.0,-1.0,-1.0,-1.0,-1.0,-1.0,-1.0,0.2409916439993058,0.769944449922017,0.1270640088094912,0.13122890842023419,-1.0,-1.0,-1.0,-1.0,-1.0,-1.0,-1.0,-1.0,-1.0,-1.0,-1.0,-1.0
