bad_A,bad_B,fI,fO_A,fO_B,fP_A,fp_B,fRi,fRo,fS,good_A,good_B,redo_A,redo_B,sI,sO_A,sO_B,sP_A,sP_B,sQ_A,sQ_Ar,sQ_B,sQ_Br,sRi,sRo,sS
-37063,-38783,-196,-556,-252,-91,-474,-84,-458,-451,25323,39433,-5393,-4294,-311,-761,-325,-417,-489,-527,-191,-665,-183,-27,-15,-775
0.623495657985197,0.38315001380444946,-1.0,-1.0,-1.0,-1.0,-1.0,-1.0,-1.0,-1.0,0.7553829611316667,0.2105118697622145,0.6894398966248877,0.25919862310328246,-1.0,-1.0,-1.0,-1.0,-1.0,-1.0,-1.0,-1.0,-1.0,-1.0,-1.0,-1.0
