bad_A,bad_B,fI,fO_A,fO_B,fP_A,fp_B,fRi,fRo,fS,good_A,good_B,redo_A,redo_B,sI,sO_A,sO_B,sP_A,sP_B,sQ_A,sQ_Ar,sQ_B,sQ_Br,sRi,sRo,sS
-33358,-31253,-657,-260,-261,-349,-130,-596,-361,-154,31797,38945,-8397,-3796,-770,-191,-620,-129,-21,-428,-722,-690,-686,-312,-239,-253
0.6061861718443022,0.4209094258559205,-1.0,-1.0,-1.0,-1.0,-1.0,-1.0,-1.0,-1.0,0.21122192253710487,0.7397528151094472,0.8800751991314533,0.39488770169304943,-1.0,-1.0,-1.0,-1.0,-1.0,-1.0,-1.0,-1.0,-1.0,-1.0,-1.0,-1.0
