bad_A,bad_B,fI,fO_A,fO_B,fP_A,fp_B,fRi,fRo,fS,good_A,good_B,redo_A,redo_B,sI,sO_A,sO_B,sP_A,sP_B,sQ_A,sQ_Ar,sQ_B,sQ_Br,sRi,sRo,sS
-35632,-29632,-357,-123,-414,-288,-649,-452,-424,-637,37835,37962,-6476,-7697,-685,-379,-291,-129,-780,-60,-442,-48,-475,-677,-150,-577
0.6545904269642875,0.3168001883628223,-1.0,-1.0,-1.0,-1.0,-1.0,-1.0,-1.0,-1.0,0.16294751248486428,0.5684430441584508,0.6656007871685128,0.653540160175053,-1.0,-1.0,-1.0,-1.0,-1.0,-1.0,-1.0,-1.0,-1.0,-1.0,-1.0,-1.0
