bad_A,bad_B,fI,fO_A,fO_B,fP_A,fp_B,fRi,fRo,fS,good_A,good_B,redo_A,redo_B,sI,sO_A,sO_B,sP_A,sP_B,sQ_A,sQ_Ar,sQ_B,sQ_Br,sRi,sRo,sS
-29610,-27014,-439,-760,-347,-596,-541,-361,-224,-661,23441,37516,-7596,-1407,-238,-32,-197,-566,-43,-545,-91,-515,-420,-570,-523,-230
0.6422917511060884,0.21162816661076667,-1.0,-1.0,-1.0,-1.0,-1.0,-1.0,-1.0,-1.0,0.7266583792995681,0.46515336362321735,0.7473476993312675,0.2990559884958224,-1.0,-1.0,-1.0,-1.0,-1.0,-1.0,-1.0,-1.0,-1.0,-1.0,-1.0,-1.0
