bad_A,bad_B,disc1,disc2,fI,fO_A,fO_B,fP_A,fP_B,fRi,fRo,fS,good_A,good_B,no_disc,pick,put,redo_A,redo_B,sI,sO_A,sO_B,sP_A,sP_B,sQ_A,sQ_Ar,sQ_B,sQ_Br,sRi,sRo,sS,test1,test2,turn1,turn2
-28271,-39906,-136,-764,-87,-86,-800,-141,-436,-360,-68,-716,38562,20509,-524,-440,-105,-1675,-6964,-773,-344,-618,-585,-593,-785,-765,-28,-22,-212,-400,-521,-43,-640,-327,-324
0.8621420872268596,0.8418385036866564,-1.0,-1.0,-1.0,-1.0,-1.0,-1.0,-1.0,-1.0,-1.0,-1.0,0.7781533412640098,0.17747742524103682,-1.0,-1.0,-1.0,0.12301037202258601,0.18375318256662274,-1.0,-1.0,-1.0,-1.0,-1.0,-1.0,-1.0,-1.0,-1.0,-1.0,-1.0,-1.0,-1.0,-1.0,-1.0,-1.0
