bad_A,bad_B,disc1,disc2,fI,fO_A,fO_B,fP_A,fP_B,fRi,fRo,fS,good_A,good_B,no_disc,pick,put,redo_A,redo_B,sI,sO_A,sO_B,sP_A,sP_B,sQ_A,sQ_Ar,sQ_B,sQ_Br,sRi,sRo,sS,test1,test2,turn1,turn2
-37888,-21536,-800,-657,-322,-216,-535,-143,-243,-478,-708,-581,30502,38596,-794,-742,-736,-3799,-4847,-688,-255,-624,-285,-640,-299,-681,-65,-551,-688,-328,-196,-389,-657,-377,-531
0.721788164337443,0.18984245212524195,-1.0,-1.0,-1.0,-1.0,-1.0,-1.0,-1.0,-1.0,-1.0,-1.0,0.6828246846332984,0.6080248107595054,-1.0,-1.0,-1.0,0.7860436196371913,0.13428659047788535,-1.0,-1.0,-1.0,-1.0,-1.0,-1.0,-1.0,-1.0,-1.0,-1.0,-1.0,-1.0,-1.0,-1.0,-1.0,-1.0
