bad_A,bad_B,disc1,disc2,fI,fO_A,fO_B,fP_A,fP_B,fRi,fRo,fS,good_A,good_B,no_disc,pick,put,redo_A,redo_B,sI,sO_A,sO_B,sP_A,sP_B,sQ_A,sQ_Ar,sQ_B,sQ_Br,sRi,sRo,sS,test1,test2,turn1,turn2
-21480,-39350,-164,-413,-264,-104,-44,-669,-265,-230,-659,-713,25934,37843,-294,-208,-770,-5265,-2024,-690,-630,-483,-570,-419,-566,-252,-258,-713,-75,-590,-392,-430,-393,-447,-270
0.5258912956067082,0.6568880363614064,-1.0,-1.0,-1.0,-1.0,-1.0,-1.0,-1.0,-1.0,-1.0,-1.0,0.6359181403987757,0.6984390933429598,-1.0,-1.0,-1.0,0.660387866324457,0.5062757326200769,-1.0,-1.0,-1.0,-1.0,-1.0,-1.0,-1.0,-1.0,-1.0,-1.0,-1.0,-1.0,-1.0,-1.0,-1.0,-1.0
