bad_A,bad_B,disc1,disc2,fI,fO_A,fO_B,fP_A,fP_B,fRi,fRo,fS,good_A,good_B,no_disc,pick,put,redo_A,redo_B,sI,sO_A,sO_B,sP_A,sP_B,sQ_A,sQ_Ar,sQ_B,sQ_Br,sRi,sRo,sS,test1,test2,turn1,turn2
-26507,-20344,-308,-562,-151,-412,-274,-72,-67,-337,-115,-290,28717,28748,-441,-679,-130,-7957,-7146,-186,-121,-496,-489,-75,-29,-22,-451,-94,-455,-103,-746,-205,-515,-473,-65
0.5019868127923662,0.6360204597784069,-1.0,-1.0,-1.0,-1.0,-1.0,-1.0,-1.0,-1.0,-1.0,-1.0,0.7283183155109153,0.6384784275350173,-1.0,-1.0,-1.0,0.7342530413334439,0.5324174939003599,-1.0,-1.0,-1.0,-1.0,-1.0,-1.0,-1.0,-1.0,-1.0,-1.0,-1.0,-1.0,-1.0,-1.0,-1.0,-1.0
