bad_A,bad_B,disc1,disc2,fI,fO_A,fO_B,fP_A,fP_B,fRi,fRo,fS,good_A,good_B,no_disc,pick,put,redo_A,redo_B,sI,sO_A,sO_B,sP_A,sP_B,sQ_A,sQ_Ar,sQ_B,sQ_Br,sRi,sRo,sS,test1,test2,turn1,turn2
-23420,-33538,-410,-145,-754,-718,-691,-171,-62,-679,-516,-769,26383,35276,-691,-510,-458,-4933,-7381,-308,-313,-798,-329,-710,-542,-527,-556,-287,-208,-72,-713,-256,-16,-455,-685
0.409445370519287,0.7972653892047276,-1.0,-1.0,-1.0,-1.0,-1.0,-1.0,-1.0,-1.0,-1.0,-1.0,0.1021491142867455,0.7684215708448152,-1.0,-1.0,-1.0,0.5921434987851931,0.8462474623720143,-1.0,-1.0,-1.0,-1.0,-1.0,-1.0,-1.0,-1.0,-1.0,-1.0,-1.0,-1.0,-1.0,-1.0,-1.0,-1.0
