bad_A,bad_B,disc1,disc2,fI,fO_A,fO_B,fP_A,fP_B,fRi,fRo,fS,good_A,good_B,no_disc,pick,put,redo_A,redo_B,sI,sO_A,sO_B,sP_A,sP_B,sQ_A,sQ_Ar,sQ_B,sQ_Br,sRi,sRo,sS,test1,test2,turn1,turn2
-24366,-37673,-537,-199,-665,-604,-233,-668,-542,-536,-125,-13,37828,27701,-735,-229,-383,-2548,-3170,-195,-185,-240,-738,-163,-277,-65,-584,-271,-58,-541,-135,-453,-468,-432,-164
0.2833173548966539,0.3580335452190071,-1.0,-1.0,-1.0,-1.0,-1.0,-1.0,-1.0,-1.0,-1.0,-1.0,0.8014542807524417,0.3994755586433174,-1.0,-1.0,-1.0,0.4861453909650949,0.5740940736556267,-1.0,-1.0,-1.0,-1.0,-1.0,-1.0,-1.0,-1.0,-1.0,-1.0,-1.0,-1.0,-1.0,-1.0,-1.0,-1.0
