bad_A,bad_B,disc1,disc2,fI,fO_A,fO_B,fP_A,fP_B,fRi,fRo,fS,good_A,good_B,no_disc,pick,put,redo_A,redo_B,sI,sO_A,sO_B,sP_A,sP_B,sQ_A,sQ_Ar,sQ_B,sQ_Br,sRi,sRo,sS,test1,test2,turn1,turn2
-33199,-35235,-377,-102,-361,-283,-269,-486,-690,-373,-253,-62,36207,36280,-621,-51,-581,-3964,-1438,-203,-451,-121,-516,-32,-503,-706,-142,-90,-269,-164,-443,-110,-567,-510,-687
0.5963629260592768,0.6172571858991412,-1.0,-1.0,-1.0,-1.0,-1.0,-1.0,-1.0,-1.0,-1.0,-1.0,0.7661267341065132,0.2720910995996366,-1.0,-1.0,-1.0,0.8736277293017467,0.16081154697254585,-1.0,-1.0,-1.0,-1.0,-1.0,-1.0,-1.0,-1.0,-1.0,-1.0,-1.0,-1.0,-1.0,-1.0,-1.0,-1.0
