bad_A,bad_B,disc1,disc2,fI,fO_A,fO_B,fP_A,fP_B,fRi,fRo,fS,good_A,good_B,no_disc,pick,put,redo_A,redo_B,sI,sO_A,sO_B,sP_A,sP_B,sQ_A,sQ_Ar,sQ_B,sQ_Br,sRi,sRo,sS,test1,test2,turn1,turn2
-27987,-27139,-523,-88,-288,-127,-789,-666,-485,-267,-636,-516,32160,38217,-495,-507,-346,-3403,-4382,-527,-280,-239,-129,-555,-241,-97,-364,-486,-653,-757,-395,-439,-443,-492,-99
0.5315538902895471,0.35659778153171884,-1.0,-1.0,-1.0,-1.0,-1.0,-1.0,-1.0,-1.0,-1.0,-1.0,0.5065194467975114,0.1627394157149104,-1.0,-1.0,-1.0,0.5977838653393321,0.6259652344395327,-1.0,-1.0,-1.0,-1.0,-1.0,-1.0,-1.0,-1.0,-1.0,-1.0,-1.0,-1.0,-1.0,-1.0,-1.0,-1.0
