bad_A,bad_B,disc1,disc2,fI,fO_A,fO_B,fP_A,fP_B,fRi,fRo,fS,good_A,good_B,no_disc,pick,put,redo_A,redo_B,sI,sO_A,sO_B,sP_A,sP_B,sQ_A,sQ_Ar,sQ_B,sQ_Br,sRi,sRo,sS,test1,test2,turn1,turn2
-21446,-25755,-267,-213,-760,-481,-183,-450,-377,-239,-329,-509,39860,38843,-433,-482,-154,-7303,-4398,-26,-740,-395,-571,-75,-178,-248,-770,-187,-544,-165,-702,-633,-151,-156,-183
0.7132340878491252,0.5572491446598327,-1.0,-1.0,-1.0,-1.0,-1.0,-1.0,-1.0,-1.0,-1.0,-1.0,0.7883051716617131,0.6926755311320059,-1.0,-1.0,-1.0,0.3797817888321897,0.5352278327848862,-1.0,-1.0,-1.0,-1.0,-1.0,-1.0,-1.0,-1.0,-1.0,-1.0,-1.0,-1.0,-1.0,-1.0,-1.0,-1.0
