bad_A,bad_B,disc1,disc2,fI,fO_A,fO_B,fP_A,fP_B,fRi,fRo,fS,good_A,good_B,no_disc,pick,put,redo_A,redo_B,sI,sO_A,sO_B,sP_A,sP_B,sQ_A,sQ_Ar,sQ_B,sQ_Br,sRi,sRo,sS,test1,test2,turn1,turn2
-31568,-36942,-626,-713,-684,-384,-535,-550,-562,-602,-648,-128,24921,26156,-64,-777,-179,-1805,-6754,-645,-750,-568,-684,-374,-548,-595,-794,-225,-796,-58,-554,-777,-548,-496,-610
0.41136684548041824,0.31092819631870683,-1.0,-1.0,-1.0,-1.0,-1.0,-1.0,-1.0,-1.0,-1.0,-1.0,0.6097593581651191,0.35678154662162065,-1.0,-1.0,-1.0,0.20408210783700975,0.49190132897136085,-1.0,-1.0,-1.0,-1.0,-1.0,-1.0,-1.0,-1.0,-1.0,-1.0,-1.0,-1.0,-1.0,-1.0,-1.0,-1.0
