bad_A,bad_B,disc1,disc2,fI,fO_A,fO_B,fP_A,fP_B,fRi,fRo,fS,good_A,good_B,no_disc,pick,put,redo_A,redo_B,sI,sO_A,sO_B,sP_A,sP_B,sQ_A,sQ_Ar,sQ_B,sQ_Br,sRi,sRo,sS,test1,test2,turn1,turn2
-38206,-31382,-68,-441,-480,-601,-436,-374,-426,-33,-39,-716,36950,23516,-213,-672,-667,-8238,-8174,-345,-486,-13,-612,-262,-757,-74,-304,-786,-566,-348,-176,-148,-661,-351,-246
0.38233338328306476,0.7758489015333038,-1.0,-1.0,-1.0,-1.0,-1.0,-1.0,-1.0,-1.0,-1.0,-1.0,0.12286795903732034,0.5746983334941288,-1.0,-1.0,-1.0,0.4682753366753477,0.39796269368681925,-1.0,-1.0,-1.0,-1.0,-1.0,-1.0,-1.0,-1.0,-1.0,-1.0,-1.0,-1.0,-1.0,-1.0,-1.0,-1.0
