bad_A,bad_B,disc1,disc2,fI,fO_A,fO_B,fP_A,fP_B,fRi,fRo,fS,good_A,good_B,no_disc,pick,put,redo_A,redo_B,sI,sO_A,sO_B,sP_A,sP_B,sQ_A,sQ_Ar,sQ_B,sQ_Br,sRi,sRo,sS,test1,test2,turn1,turn2
-24285,-32108,-603,-590,-560,-420,-554,-731,-41,-534,-481,-679,31815,29496,-247,-575,-605,-2197,-1278,-797,-438,-739,-256,-292,-407,-273,-24,-683,-128,-268,-727,-734,-710,-773,-595
0.6681514462499839,0.879368135861529,-1.0,-1.0,-1.0,-1.0,-1.0,-1.0,-1.0,-1.0,-1.0,-1.0,0.8075277370667518,0.44218913666299975,-1.0,-1.0,-1.0,0.3046713702290348,0.6618460336558797,-1.0,-1.0,-1.0,-1.0,-1.0,-1.0,-1.0,-1.0,-1.0,-1.0,-1.0,-1.0,-1.0,-1.0,-1.0,-1.0
