bad_A,bad_B,disc1,disc2,fI,fO_A,fO_B,fP_A,fP_B,fRi,fRo,fS,good_A,good_B,no_disc,pick,put,redo_A,redo_B,sI,sO_A,sO_B,sP_A,sP_B,sQ_A,sQ_Ar,sQ_B,sQ_Br,sRi,sRo,sS,test1,test2,turn1,turn2
-35117,-30441,-271,-701,-152,-49,-613,-225,-221,-553,-750,-336,20649,23266,-241,-536,-751,-3886,-8225,-346,-250,-347,-787,-649,-451,-548,-500,-676,-152,-103,-188,-137,-579,-765,-275
0.15241752657118798,0.7078558473660108,-1.0,-1.0,-1.0,-1.0,-1.0,-1.0,-1.0,-1.0,-1.0,-1.0,0.6621745408100131,0.4051551362983682,-1.0,-1.0,-1.0,0.40385897695209083,0.5462241790598412,-1.0,-1.0,-1.0,-1.0,-1.0,-1.0,-1.0,-1.0,-1.0,-1.0,-1.0,-1.0,-1.0,-1.0,-1.0,-1.0
