bad_A,bad_B,disc1,disc2,fI,fO_A,fO_B,fP_A,fP_B,fRi,fRo,fS,good_A,good_B,no_disc,pick,put,redo_A,redo_B,sI,sO_A,sO_B,sP_A,sP_B,sQ_A,sQ_Ar,sQ_B,sQ_Br,sRi,sRo,sS,test1,test2,turn1,turn2
-25340,-35162,-713,-134,-163,-384,-666,-726,-438,-535,-606,-296,34236,30498,-203,-79,-273,-3395,-2670,-790,-320,-703,-468,-282,-544,-260,-499,-112,-735,-522,-335,-513,-47,-741,-740
0.33276302252939316,0.47628698050248675,-1.0,-1.0,-1.0,-1.0,-1.0,-1.0,-1.0,-1.0,-1.0,-1.0,0.6443810905598479,0.4235119422326109,-1.0,-1.0,-1.0,0.21721943173375735,0.7012550233415994,-1.0,-1.0,-1.0,-1.0,-1.0,-1.0,-1.0,-1.0,-1.0,-1.0,-1.0,-1.0,-1.0,-1.0,-1.0,-1.0
