bad_A,bad_B,disc1,disc2,fI,fO_A,fO_B,fP_A,fP_B,fRi,fRo,fS,good_A,good_B,no_disc,pick,put,redo_A,redo_B,sI,sO_A,sO_B,sP_A,sP_B,sQ_A,sQ_Ar,sQ_B,sQ_Br,sRi,sRo,sS,test1,test2,turn1,turn2
-37410,-38543,-150,-333,-516,-322,-177,-271,-646,-536,-332,-589,33967,34823,-796,-478,-171,-4675,-3682,-199,-529,-145,-40,-509,-218,-347,-449,-168,-170,-659,-256,-248,-270,-97,-151
0.21724416779799682,0.27188522626886763,-1.0,-1.0,-1.0,-1.0,-1.0,-1.0,-1.0,-1.0,-1.0,-1.0,0.3510653305488507,0.5995057583162202,-1.0,-1.0,-1.0,0.4207409032914524,0.4004526905513094,-1.0,-1.0,-1.0,-1.0,-1.0,-1.0,-1.0,-1.0,-1.0,-1.0,-1.0,-1.0,-1.0,-1.0,-1.0,-1.0
