bad_A,bad_B,disc1,disc2,fI,fO_A,fO_B,fP_A,fP_B,fRi,fRo,fS,good_A,good_B,no_disc,pick,put,redo_A,redo_B,sI,sO_A,sO_B,sP_A,sP_B,sQ_A,sQ_Ar,sQ_B,sQ_Br,sRi,sRo,sS,test1,test2,turn1,turn2
-31385,-27477,-257,-31,-775,-343,-481,-21,-137,-349,-406,-83,24077,24847,-357,-567,-110,-3730,-7245,-114,-219,-453,-436,-240,-636,-203,-776,-382,-641,-437,-541,-650,-74,-466,-286
0.38823522201639804,0.6974193891310161,-1.0,-1.0,-1.0,-1.0,-1.0,-1.0,-1.0,-1.0,-1.0,-1.0,0.21499157126611063,0.17568690705295903,-1.0,-1.0,-1.0,0.40655772823804714,0.1512618414185714,-1.0,-1.0,-1.0,-1.0,-1.0,-1.0,-1.0,-1.0,-1.0,-1.0,-1.0,-1.0,-1.0,-1.0,-1.0,-1.0
