bad_A,bad_B,disc1,disc2,fI,fO_A,fO_B,fP_A,fP_B,fRi,fRo,fS,good_A,good_B,no_disc,pick,put,redo_A,redo_B,sI,sO_A,sO_B,sP_A,sP_B,sQ_A,sQ_Ar,sQ_B,sQ_Br,sRi,sRo,sS,test1,test2,turn1,turn2
-24239,-30926,-184,-656,-62,-577,-616,-656,-127,-375,-759,-166,26034,33800,-95,-688,-359,-5759,-3450,-196,-241,-555,-349,-725,-157,-522,-759,-295,-58,-489,-189,-49,-565,-755,-292
0.5708700863501934,0.6888381710618937,-1.0,-1.0,-1.0,-1.0,-1.0,-1.0,-1.0,-1.0,-1.0,-1.0,0.8607040710016055,0.6970466741483264,-1.0,-1.0,-1.0,0.23712203423340705,0.2890630133808364,-1.0,-1.0,-1.0,-1.0,-1.0,-1.0,-1.0,-1.0,-1.0,-1.0,-1.0,-1.0,-1.0,-1.0,-1.0,-1.0
