bad_A,bad_B,disc1,disc2,fI,fO_A,fO_B,fP_A,fP_B,fRi,fRo,fS,good_A,good_B,no_disc,pick,put,redo_A,redo_B,sI,sO_A,sO_B,sP_A,sP_B,sQ_A,sQ_Ar,sQ_B,sQ_Br,sRi,sRo,sS,test1,test2,turn1,turn2
-29441,-33824,-22,-387,-725,-341,-18,-511,-63,-603,-443,-163,21463,25200,-337,-722,-783,-5024,-5986,-458,-565,-412,-77,-539,-601,-492,-377,-92,-507,-304,-530,-669,-729,-205,-335
0.15902113404788346,0.37405003271065673,-1.0,-1.0,-1.0,-1.0,-1.0,-1.0,-1.0,-1.0,-1.0,-1.0,0.4988126438546473,0.3573421869890804,-1.0,-1.0,-1.0,0.6998809521750089,0.57248332577012,-1.0,-1.0,-1.0,-1.0,-1.0,-1.0,-1.0,-1.0,-1.0,-1.0,-1.0,-1.0,-1.0,-1.0,-1.0,-1.0
