bad_A,bad_B,disc1,disc2,fI,fO_A,fO_B,fP_A,fP_B,fRi,fRo,fS,good_A,good_B,no_disc,pick,put,redo_A,redo_B,sI,sO_A,sO_B,sP_A,sP_B,sQ_A,sQ_Ar,sQ_B,sQ_Br,sRi,sRo,sS,test1,test2,turn1,turn2
-21183,-28591,-72,-169,-404,-227,-595,-588,-136,-439,-745,-304,33152,20498,-599,-120,-781,-4329,-5753,-764,-743,-606,-775,-12,-577,-215,-214,-494,-297,-575,-177,-694,-405,-411,-792
0.4399347099336499,0.26771901024994615,-1.0,-1.0,-1.0,-1.0,-1.0,-1.0,-1.0,-1.0,-1.0,-1.0,0.49776706785103386,0.39494019335740316,-1.0,-1.0,-1.0,0.4312656909597933,0.34948952888883855,-1.0,-1.0,-1.0,-1.0,-1.0,-1.0,-1.0,-1.0,-1.0,-1.0,-1.0,-1.0,-1.0,-1.0,-1.0,-1.0
