bad_A,bad_B,disc1,disc2,fI,fO_A,fO_B,fP_A,fP_B,fRi,fRo,fS,good_A,good_B,no_disc,pick,put,redo_A,redo_B,sI,sO_A,sO_B,sP_A,sP_B,sQ_A,sQ_Ar,sQ_B,sQ_Br,sRi,sRo,sS,test1,test2,turn1,turn2
-26207,-22005,-774,-472,-277,-580,-483,-317,-442,-209,-171,-624,27620,23914,-687,-524,-100,-2863,-7704,-90,-208,-656,-604,-294,-14,-114,-218,-513,-26,-567,-717,-779,-190,-361,-247
0.5626966441096775,0.1178327408213356,-1.0,-1.0,-1.0,-1.0,-1.0,-1.0,-1.0,-1.0,-1.0,-1.0,0.5297200312462701,0.8137449446103998,-1.0,-1.0,-1.0,0.6458853438608885,0.3251858425153604,-1.0,-1.0,-1.0,-1.0,-1.0,-1.0,-1.0,-1.0,-1.0,-1.0,-1.0,-1.0,-1.0,-1.0,-1.0,-1.0
