bad_A,bad_B,disc1,disc2,fI,fO_A,fO_B,fP_A,fP_B,fRi,fRo,fS,good_A,good_B,no_disc,pick,put,redo_A,redo_B,sI,sO_A,sO_B,sP_A,sP_B,sQ_A,sQ_Ar,sQ_B,sQ_Br,sRi,sRo,sS,test1,test2,turn1,turn2
-33669,-21434,-470,-733,-327,-92,-614,-124,-497,-423,-131,-425,35047,28595,-23,-694,-599,-5123,-8792,-732,-12,-466,-577,-307,-769,-715,-524,-668,-407,-128,-757,-290,-370,-233,-784
0.606780836537562,0.36863847940804395,-1.0,-1.0,-1.0,-1.0,-1.0,-1.0,-1.0,-1.0,-1.0,-1.0,0.6289971498999201,0.4250720287020082,-1.0,-1.0,-1.0,0.2601328289546223,0.5117206079386007,-1.0,-1.0,-1.0,-1.0,-1.0,-1.0,-1.0,-1.0,-1.0,-1.0,-1.0,-1.0,-1.0,-1.0,-1.0,-1.0
