bad_A,bad_B,disc1,disc2,fI,fO_A,fO_B,fP_A,fP_B,fRi,fRo,fS,good_A,good_B,no_disc,pick,put,redo_A,redo_B,sI,sO_A,sO_B,sP_A,sP_B,sQ_A,sQ_Ar,sQ_B,sQ_Br,sRi,sRo,sS,test1,test2,turn1,turn2
-27145,-24056,-479,-115,-316,-95,-273,-358,-611,-381,-269,-292,32871,39062,-333,-81,-675,-3120,-7975,-395,-353,-593,-636,-36,-549,-694,-571,-344,-59,-768,-85,-581,-301,-213,-644
0.5585161653557219,0.6552762386475743,-1.0,-1.0,-1.0,-1.0,-1.0,-1.0,-1.0,-1.0,-1.0,-1.0,0.816244622743519,0.12000884596519246,-1.0,-1.0,-1.0,0.37040836104923824,0.7957002809314976,-1.0,-1.0,-1.0,-1.0,-1.0,-1.0,-1.0,-1.0,-1.0,-1.0,-1.0,-1.0,-1.0,-1.0,-1.0,-1.0
