bad_A,bad_B,disc1,disc2,fI,fO_A,fO_B,fP_A,fP_B,fRi,fRo,fS,good_A,good_B,no_disc,pick,put,redo_A,redo_B,sI,sO_A,sO_B,sP_A,sP_B,sQ_A,sQ_Ar,sQ_B,sQ_Br,sRi,sRo,sS,test1,test2,turn1,turn2
-25398,-29370,-307,-474,-81,-641,-225,-112,-578,-107,-121,-12,21385,38224,-63,-772,-361,-6304,-1042,-225,-599,-640,-468,-700,-93,-539,-20,-746,-209,-422,-764,-683,-386,-685,-117
0.3832324143654814,0.7559042498488918,-1.0,-1.0,-1.0,-1.0,-1.0,-1.0,-1.0,-1.0,-1.0,-1.0,0.12837679307690886,0.35083565666250205,-1.0,-1.0,-1.0,0.30910732092198173,0.362509115341062,-1.0,-1.0,-1.0,-1.0,-1.0,-1.0,-1.0,-1.0,-1.0,-1.0,-1.0,-1.0,-1.0,-1.0,-1.0,-1.0
