bad_A,bad_B,disc1,disc2,fI,fO_A,fO_B,fP_A,fP_B,fRi,fRo,fS,good_A,good_B,no_disc,pick,put,redo_A,redo_B,sI,sO_A,sO_B,sP_A,sP_B,sQ_A,sQ_Ar,sQ_B,sQ_Br,sRi,sRo,sS,test1,test2,turn1,turn2
-25105,-36854,-24,-165,-97,-564,-767,-576,-245,-354,-18,-687,26997,29691,-617,-90,-691,-4830,-3363,-151,-453,-52,-509,-539,-63,-642,-725,-683,-684,-492,-73,-346,-105,-41,-427
0.8092977080009108,0.27572080304779123,-1.0,-1.0,-1.0,-1.0,-1.0,-1.0,-1.0,-1.0,-1.0,-1.0,0.4108677914096631,0.6805296411959754,-1.0,-1.0,-1.0,0.8273682925669462,0.678615840701737,-1.0,-1.0,-1.0,-1.0,-1.0,-1.0,-1.0,-1.0,-1.0,-1.0,-1.0,-1.0,-1.0,-1.0,-1.0,-1.0
