bad_A,bad_B,disc1,disc2,fI,fO_A,fO_B,fP_A,fP_B,fRi,fRo,fS,good_A,good_B,no_disc,pick,put,redo_A,redo_B,sI,sO_A,sO_B,sP_A,sP_B,sQ_A,sQ_Ar,sQ_B,sQ_Br,sRi,sRo,sS,test1,test2,turn1,turn2
-29011,-35991,-382,-459,-379,-336,-104,-710,-186,-168,-465,-21,36750,31508,-144,-774,-633,-7552,-6955,-197,-753,-602,-381,-360,-315,-62,-718,-383,-714,-108,-557,-204,-321,-17,-326
0.2627758523987832,0.2554534552102543,-1.0,-1.0,-1.0,-1.0,-1.0,-1.0,-1.0,-1.0,-1.0,-1.0,0.7340197054895811,0.27620455699697943,-1.0,-1.0,-1.0,0.7429365582933277,0.3854341312437505,-1.0,-1.0,-1.0,-1.0,-1.0,-1.0,-1.0,-1.0,-1.0,-1.0,-1.0,-1.0,-1.0,-1.0,-1.0,-1.0
