bad_A,bad_B,disc1,disc2,fI,fO_A,fO_B,fP_A,fP_B,fRi,fRo,fS,good_A,good_B,no_disc,pick,put,redo_A,redo_B,sI,sO_A,sO_B,sP_A,sP_B,sQ_A,sQ_Ar,sQ_B,sQ_Br,sRi,sRo,sS,test1,test2,turn1,turn2
-39469,-29169,-424,-481,-316,-647,-265,-517,-620,-45,-652,-637,26321,29553,-177,-479,-582,-8301,-8532,-186,-545,-717,-388,-198,-445,-776,-314,-425,-347,-162,-477,-593,-214,-415,-93
0.3123648623400369,0.4145361608640704,-1.0,-1.0,-1.0,-1.0,-1.0,-1.0,-1.0,-1.0,-1.0,-1.0,0.45466082310673994,0.8157610519979847,-1.0,-1.0,-1.0,0.7391570861280248,0.8675952427993444,-1.0,-1.0,-1.0,-1.0,-1.0,-1.0,-1.0,-1.0,-1.0,-1.0,-1.0,-1.0,-1.0,-1.0,-1.0,-1.0
