bad_A,bad_B,disc1,disc2,fI,fO_A,fO_B,fP_A,fP_B,fRi,fRo,fS,good_A,good_B,no_disc,pick,put,redo_A,redo_B,sI,sO_A,sO_B,sP_A,sP_B,sQ_A,sQ_Ar,sQ_B,sQ_Br,sRi,sRo,sS,test1,test2,turn1,turn2
-32888,-37734,-789,-355,-740,-415,-393,-369,-364,-408,-12,-384,23620,23379,-312,-471,-85,-3675,-7542,-78,-531,-171,-115,-118,-722,-540,-157,-570,-95,-780,-80,-691,-53,-462,-431
0.1681517724373009,0.7717222345613666,-1.0,-1.0,-1.0,-1.0,-1.0,-1.0,-1.0,-1.0,-1.0,-1.0,0.3861275634729141,0.15864794057507875,-1.0,-1.0,-1.0,0.793496283523064,0.4265525700472168,-1.0,-1.0,-1.0,-1.0,-1.0,-1.0,-1.0,-1.0,-1.0,-1.0,-1.0,-1.0,-1.0,-1.0,-1.0,-1.0
