bad_A,bad_B,disc1,disc2,fI,fO_A,fO_B,fP_A,fP_B,fRi,fRo,fS,good_A,good_B,no_disc,pick,put,redo_A,redo_B,sI,sO_A,sO_B,sP_A,sP_B,sQ_A,sQ_Ar,sQ_B,sQ_Br,sRi,sRo,sS,test1,test2,turn1,turn2
-21488,-36679,-757,-165,-593,-280,-89,-292,-139,-435,-75,-455,29555,27366,-777,-669,-554,-5498,-3992,-652,-650,-97,-117,-53,-243,-762,-778,-224,-269,-108,-723,-450,-492,-315,-627
0.24504415959030734,0.27512338269818104,-1.0,-1.0,-1.0,-1.0,-1.0,-1.0,-1.0,-1.0,-1.0,-1.0,0.791879369039475,0.1102057734448362,-1.0,-1.0,-1.0,0.12475863519275361,0.8988992811632157,-1.0,-1.0,-1.0,-1.0,-1.0,-1.0,-1.0,-1.0,-1.0,-1.0,-1.0,-1.0,-1.0,-1.0,-1.0,-1.0
