bad_A,bad_B,disc1,disc2,fI,fO_A,fO_B,fP_A,fP_B,fRi,fRo,fS,good_A,good_B,no_disc,pick,put,redo_A,redo_B,sI,sO_A,sO_B,sP_A,sP_B,sQ_A,sQ_Ar,sQ_B,sQ_Br,sRi,sRo,sS,test1,test2,turn1,turn2
-33430,-38755,-765,-662,-679,-667,-184,-134,-486,-787,-298,-792,26878,28848,-254,-754,-513,-1524,-4469,-539,-681,-386,-310,-566,-187,-318,-169,-352,-452,-739,-322,-403,-542,-271,-27
0.5313021851541879,0.8550258683024045,-1.0,-1.0,-1.0,-1.0,-1.0,-1.0,-1.0,-1.0,-1.0,-1.0,0.33477759468936075,0.393800113076231,-1.0,-1.0,-1.0,0.7763708517017123,0.8798667395394204,-1.0,-1.0,-1.0,-1.0,-1.0,-1.0,-1.0,-1.0,-1.0,-1.0,-1.0,-1.0,-1.0,-1.0,-1.0,-1.0
