bad_A,bad_B,disc1,disc2,fI,fO_A,fO_B,fP_A,fP_B,fRi,fRo,fS,good_A,good_B,no_disc,pick,put,redo_A,redo_B,sI,sO_A,sO_B,sP_A,sP_B,sQ_A,sQ_Ar,sQ_B,sQ_Br,sRi,sRo,sS,test1,test2,turn1,turn2
-33270,-34566,-238,-605,-726,-388,-371,-532,-419,-397,-122,-143,38500,35988,-312,-137,-203,-4328,-1745,-177,-519,-49,-651,-243,-618,-614,-74,-255,-579,-694,-721,-645,-523,-744,-107
0.44781559877919663,0.5454128250421343,-1.0,-1.0,-1.0,-1.0,-1.0,-1.0,-1.0,-1.0,-1.0,-1.0,0.5923449340946311,0.8189055496614621,-1.0,-1.0,-1.0,0.37641552315615656,0.7284275449722112,-1.0,-1.0,-1.0,-1.0,-1.0,-1.0,-1.0,-1.0,-1.0,-1.0,-1.0,-1.0,-1.0,-1.0,-1.0,-1.0
