bad_A,bad_B,disc1,disc2,fI,fO_A,fO_B,fP_A,fP_B,fRi,fRo,fS,good_A,good_B,no_disc,pick,put,redo_A,redo_B,sI,sO_A,sO_B,sP_A,sP_B,sQ_A,sQ_Ar,sQ_B,sQ_Br,sRi,sRo,sS,test1,test2,turn1,turn2
-23822,-32478,-32,-709,-445,-667,-594,-687,-162,-207,-182,-105,21420,36754,-767,-44,-557,-3759,-5096,-420,-508,-252,-78,-637,-126,-308,-580,-281,-657,-49,-410,-309,-358,-281,-499
0.8146687682015572,0.5741805043061778,-1.0,-1.0,-1.0,-1.0,-1.0,-1.0,-1.0,-1.0,-1.0,-1.0,0.8526992423463448,0.28858078801024867,-1.0,-1.0,-1.0,0.29029577630088826,0.23649534778836687,-1.0,-1.0,-1.0,-1.0,-1.0,-1.0,-1.0,-1.0,-1.0,-1.0,-1.0,-1.0,-1.0,-1.0,-1.0,-1.0
