bad_A,bad_B,disc1,disc2,fI,fO_A,fO_B,fP_A,fP_B,fRi,fRo,fS,good_A,good_B,no_disc,pick,put,redo_A,redo_B,sI,sO_A,sO_B,sP_A,sP_B,sQ_A,sQ_Ar,sQ_B,sQ_Br,sRi,sRo,sS,test1,test2,turn1,turn2
-27590,-37075,-648,-647,-678,-348,-622,-112,-724,-266,-791,-139,36594,20648,-646,-323,-212,-2808,-4820,-388,-197,-623,-797,-774,-625,-198,-372,-644,-73,-351,-339,-61,-758,-672,-40
0.14625001715016595,0.2857111707407296,-1.0,-1.0,-1.0,-1.0,-1.0,-1.0,-1.0,-1.0,-1.0,-1.0,0.10199488118147926,0.26765658341966225,-1.0,-1.0,-1.0,0.31522855454203424,0.13670306170233495,-1.0,-1.0,-1.0,-1.0,-1.0,-1.0,-1.0,-1.0,-1.0,-1.0,-1.0,-1.0,-1.0,-1.0,-1.0,-1.0
