bad_A,bad_B,disc1,disc2,fI,fO_A,fO_B,fP_A,fP_B,fRi,fRo,fS,good_A,good_B,no_disc,pick,put,redo_A,redo_B,sI,sO_A,sO_B,sP_A,sP_B,sQ_A,sQ_Ar,sQ_B,sQ_Br,sRi,sRo,sS,test1,test2,turn1,turn2
-36224,-38174,-200,-616,-339,-681,-56,-456,-254,-693,-589,-663,34457,37116,-175,-646,-245,-4613,-6035,-519,-576,-235,-214,-619,-680,-46,-274,-361,-475,-622,-652,-350,-560,-134,-62
0.17456291121458734,0.5695490140935129,-1.0,-1.0,-1.0,-1.0,-1.0,-1.0,-1.0,-1.0,-1.0,-1.0,0.3973470775772522,0.13308170630600583,-1.0,-1.0,-1.0,0.44018500053086007,0.20390630275035226,-1.0,-1.0,-1.0,-1.0,-1.0,-1.0,-1.0,-1.0,-1.0,-1.0,-1.0,-1.0,-1.0,-1.0,-1.0,-1.0
