bad_A,bad_B,disc1,disc2,fI,fO_A,fO_B,fP_A,fP_B,fRi,fRo,fS,good_A,good_B,no_disc,pick,put,redo_A,redo_B,sI,sO_A,sO_B,sP_A,sP_B,sQ_A,sQ_Ar,sQ_B,sQ_Br,sRi,sRo,sS,test1,test2,turn1,turn2
-21238,-24660,-174,-397,-608,-322,-633,-705,-15,-135,-81,-769,37319,21244,-785,-172,-11,-1278,-2058,-323,-379,-233,-132,-108,-505,-298,-180,-192,-669,-299,-313,-528,-601,-118,-542
0.5694413577461196,0.44463721031622694,-1.0,-1.0,-1.0,-1.0,-1.0,-1.0,-1.0,-1.0,-1.0,-1.0,0.41864174235904883,0.7590426155496033,-1.0,-1.0,-1.0,0.17172948030156868,0.24888507148742722,-1.0,-1.0,-1.0,-1.0,-1.0,-1.0,-1.0,-1.0,-1.0,-1.0,-1.0,-1.0,-1.0,-1.0,-1.0,-1.0
