bad_A,bad_B,disc1,disc2,fI,fO_A,fO_B,fP_A,fP_B,fRi,fRo,fS,good_A,good_B,no_disc,pick,put,redo_A,redo_B,sI,sO_A,sO_B,sP_A,sP_B,sQ_A,sQ_Ar,sQ_B,sQ_Br,sRi,sRo,sS,test1,test2,turn1,turn2
-22735,-24139,-330,-598,-515,-60,-691,-739,-560,-189,-507,-68,39555,24803,-777,-572,-299,-7577,-2809,-691,-205,-747,-232,-381,-146,-763,-103,-769,-143,-52,-459,-539,-573,-653,-257
0.5374036489539477,0.631595707925762,-1.0,-1.0,-1.0,-1.0,-1.0,-1.0,-1.0,-1.0,-1.0,-1.0,0.23692751264816447,0.6968454390065524,-1.0,-1.0,-1.0,0.6947128451472382,0.2112324402644089,-1.0,-1.0,-1.0,-1.0,-1.0,-1.0,-1.0,-1.0,-1.0,-1.0,-1.0,-1.0,-1.0,-1.0,-1.0,-1.0
