bad_A,bad_B,disc1,disc2,fI,fO_A,fO_B,fP_A,fP_B,fRi,fRo,fS,good_A,good_B,no_disc,pick,put,redo_A,redo_B,sI,sO_A,sO_B,sP_A,sP_B,sQ_A,sQ_Ar,sQ_B,sQ_Br,sRi,sRo,sS,test1,test2,turn1,turn2
-22886,-21451,-61,-345,-69,-113,-465,-387,-564,-273,-315,-586,39590,26689,-64,-730,-183,-3969,-4389,-253,-258,-642,-172,-56,-611,-289,-105,-170,-525,-55,-204,-646,-74,-25,-788
0.6074314326291,0.42922569937118327,-1.0,-1.0,-1.0,-1.0,-1.0,-1.0,-1.0,-1.0,-1.0,-1.0,0.22190095074790223,0.6079966139509316,-1.0,-1.0,-1.0,0.6867970113310434,0.6516051150473108,-1.0,-1.0,-1.0,-1.0,-1.0,-1.0,-1.0,-1.0,-1.0,-1.0,-1.0,-1.0,-1.0,-1.0,-1.0,-1.0
