bad_A,bad_B,disc1,disc2,fI,fO_A,fO_B,fP_A,fP_B,fRi,fRo,fS,good_A,good_B,no_disc,pick,put,redo_A,redo_B,sI,sO_A,sO_B,sP_A,sP_B,sQ_A,sQ_Ar,sQ_B,sQ_Br,sRi,sRo,sS,test1,test2,turn1,turn2
-34291,-31378,-699,-420,-185,-512,-479,-345,-85,-612,-348,-354,23730,38544,-782,-145,-145,-7408,-2651,-742,-776,-203,-384,-199,-345,-85,-778,-373,-365,-346,-508,-508,-351,-15,-328
0.1179407606350714,0.6722881576319708,-1.0,-1.0,-1.0,-1.0,-1.0,-1.0,-1.0,-1.0,-1.0,-1.0,0.19844843255899658,0.1549203937815431,-1.0,-1.0,-1.0,0.2652973193366577,0.7982912935812271,-1.0,-1.0,-1.0,-1.0,-1.0,-1.0,-1.0,-1.0,-1.0,-1.0,-1.0,-1.0,-1.0,-1.0,-1.0,-1.0
